{"type": "FeatureCollection", "name": "nazareth-woodland", "note": "나사렛 둘레의 실제 삼림·관목지·과수원 경계다. 나무 한 그루 한 그루의 자리는 아니다. 그루 위치는 이 경계 안에서 화면이 계산해 뿌린다(같은 씨앗이면 늘 같은 자리).", "caution": "여기 이름 붙은 숲(나사렛 비탈 숲·세포리스 숲·다볼산 숲·발포어 숲 등)은 대부분 20세기에 심은 조림지다. 1세기 나사렛의 풍경이 아니다. 그 시절 이 비탈은 계단식 올리브밭과 포도원, 참나무·테레빈 성긴 숲, 방목지가 섞인 땅이었다.", "attribution": "© OpenStreetMap contributors (ODbL). Overpass 로 내려받아 8 m 단순화했다.", "box": {"south": 32.67, "west": 35.25, "north": 32.75, "east": 35.36}, "kinds": {"forest": {"ko": "숲(조림지)", "densityPerHa": 380, "species": [{"id": "pine", "ko": "알레포 소나무", "share": 0.62, "heightM": [8, 15]}, {"id": "cypress", "ko": "이탈리아 사이프러스", "share": 0.1, "heightM": [10, 18]}, {"id": "oak", "ko": "참나무(케르메스·타보르)", "share": 0.2, "heightM": [4, 11]}, {"id": "carob", "ko": "캐롭(쥐엄나무)", "share": 0.08, "heightM": [5, 9]}]}, "scrub": {"ko": "관목지(마키·가리그)", "densityPerHa": 900, "species": [{"id": "shrub", "ko": "가시덤불·시스투스", "share": 0.75, "heightM": [0.4, 1.6]}, {"id": "oak", "ko": "케르메스 참나무 덤불", "share": 0.25, "heightM": [1.5, 4]}]}, "orchard": {"ko": "과수원", "densityPerHa": 200, "species": [{"id": "olive", "ko": "올리브", "share": 0.8, "heightM": [3.5, 6.5]}, {"id": "carob", "ko": "무화과·석류 등", "share": 0.2, "heightM": [3, 6]}]}}, "heightNote": "수고는 지중해성 식생의 일반적인 범위이며 개별 나무를 잰 값이 아니다.", "features": [{"type": "Feature", "properties": {"kind": "forest", "kindKo": "숲(조림지)", "areaHa": 3.2, "osmId": "way/108328528", "name": null, "nameEn": null}, "geometry": {"type": "Polygon", "coordinates": [[[35.252037, 32.689999], [35.254912, 32.688807], [35.255363, 32.68962], [35.252616, 32.690848], [35.252037, 32.689999]]]}}, {"type": "Feature", "properties": {"kind": "forest", "kindKo": "숲(조림지)", "areaHa": 2.86, "osmId": "way/119016116", "name": null, "nameEn": null}, "geometry": {"type": "Polygon", "coordinates": [[[35.249062, 32.712623], [35.249223, 32.71224], [35.249584, 32.712154], [35.250053, 32.712294], [35.250885, 32.712269], [35.250287, 32.711867], [35.249108, 32.712017], [35.247081, 32.713007], [35.246734, 32.713674], [35.247265, 32.714057], [35.247869, 32.7138], [35.249062, 32.712623]]]}}, {"type": "Feature", "properties": {"kind": "forest", "kindKo": "숲(조림지)", "areaHa": 2.83, "osmId": "way/119016131", "name": null, "nameEn": null}, "geometry": {"type": "Polygon", "coordinates": [[[35.266076, 32.697605], [35.265988, 32.697493], [35.265001, 32.697831], [35.264695, 32.698067], [35.266328, 32.698985], [35.266824, 32.699383], [35.267736, 32.700441], [35.268372, 32.700869], [35.268674, 32.700898], [35.266076, 32.697605]]]}}, {"type": "Feature", "properties": {"kind": "forest", "kindKo": "숲(조림지)", "areaHa": 2.74, "osmId": "way/119016150", "name": null, "nameEn": null}, "geometry": {"type": "Polygon", "coordinates": [[[35.251785, 32.694127], [35.251498, 32.693894], [35.251153, 32.693079], [35.250805, 32.692804], [35.249514, 32.693322], [35.249981, 32.694839], [35.250367, 32.694053], [35.250747, 32.693943], [35.251505, 32.694862], [35.252087, 32.695271], [35.251785, 32.694127]]]}}, {"type": "Feature", "properties": {"kind": "forest", "kindKo": "숲(조림지)", "areaHa": 5.53, "osmId": "way/119016154", "name": null, "nameEn": null}, "geometry": {"type": "Polygon", "coordinates": [[[35.257204, 32.692763], [35.257778, 32.692478], [35.258671, 32.692503], [35.259358, 32.692277], [35.259393, 32.692127], [35.258654, 32.691294], [35.257471, 32.690299], [35.257027, 32.690688], [35.257046, 32.69215], [35.256552, 32.692254], [35.256427, 32.690742], [35.255167, 32.691254], [35.255294, 32.691648], [35.256288, 32.692364], [35.255775, 32.692552], [35.257152, 32.692906], [35.257204, 32.692763]]]}}, {"type": "Feature", "properties": {"kind": "forest", "kindKo": "숲(조림지)", "areaHa": 26.2, "osmId": "way/119016158", "name": null, "nameEn": null}, "geometry": {"type": "Polygon", "coordinates": [[[35.264039, 32.696639], [35.265093, 32.695914], [35.267778, 32.694923], [35.268064, 32.694939], [35.268286, 32.694747], [35.267803, 32.694031], [35.267924, 32.693773], [35.267223, 32.694248], [35.265372, 32.694971], [35.265231, 32.695495], [35.264676, 32.695526], [35.26406, 32.695259], [35.263792, 32.693993], [35.263984, 32.694285], [35.264109, 32.694196], [35.263952, 32.693804], [35.263482, 32.693317], [35.263233, 32.692397], [35.262904, 32.69195], [35.261644, 32.69224], [35.26101, 32.691709], [35.260596, 32.691624], [35.260315, 32.691653], [35.259993, 32.691947], [35.260015, 32.692292], [35.259477, 32.692272], [35.260609, 32.693415], [35.260413, 32.693833], [35.259502, 32.692494], [35.25737, 32.692929], [35.257323, 32.693852], [35.256515, 32.693104], [35.256202, 32.693318], [35.258615, 32.69516], [35.259706, 32.695772], [35.260031, 32.695376], [35.260236, 32.694581], [35.260873, 32.693903], [35.260769, 32.693569], [35.261045, 32.693488], [35.261186, 32.693882], [35.26194, 32.694553], [35.262036, 32.694815], [35.262296, 32.694902], [35.262863, 32.696139], [35.262064, 32.696029], [35.261697, 32.695239], [35.261221, 32.695039], [35.26028, 32.695323], [35.26038, 32.695708], [35.260285, 32.695837], [35.260094, 32.695822], [35.260571, 32.696292], [35.262929, 32.697191], [35.264039, 32.696639]]]}}, {"type": "Feature", "properties": {"kind": "forest", "kindKo": "숲(조림지)", "areaHa": 2.19, "osmId": "way/119016173", "name": null, "nameEn": null}, "geometry": {"type": "Polygon", "coordinates": [[[35.265629, 32.719033], [35.263398, 32.720071], [35.263763, 32.720822], [35.264937, 32.720215], [35.266006, 32.720055], [35.265883, 32.719349], [35.265629, 32.719033]]]}}, {"type": "Feature", "properties": {"kind": "forest", "kindKo": "숲(조림지)", "areaHa": 34.85, "osmId": "way/119016187", "name": null, "nameEn": null}, "geometry": {"type": "Polygon", "coordinates": [[[35.252374, 32.718553], [35.252571, 32.718233], [35.252759, 32.718219], [35.253055, 32.717893], [35.254599, 32.717256], [35.254361, 32.716566], [35.253818, 32.716278], [35.253625, 32.716371], [35.253314, 32.716325], [35.252922, 32.715989], [35.253078, 32.715367], [35.252771, 32.71466], [35.253556, 32.713867], [35.253268, 32.713562], [35.252174, 32.712918], [35.251985, 32.712961], [35.251808, 32.71335], [35.251438, 32.71329], [35.250844, 32.713654], [35.252483, 32.714464], [35.250345, 32.715568], [35.249296, 32.715081], [35.248591, 32.715842], [35.250663, 32.716389], [35.250487, 32.716583], [35.251144, 32.717642], [35.250913, 32.718853], [35.249338, 32.71854], [35.249258, 32.71879], [35.249493, 32.719587], [35.249421, 32.72035], [35.249966, 32.720365], [35.250091, 32.720462], [35.250228, 32.720932], [35.250146, 32.721784], [35.250776, 32.72189], [35.250507, 32.723129], [35.249843, 32.723776], [35.250006, 32.723779], [35.250493, 32.724345], [35.250944, 32.724578], [35.251348, 32.724481], [35.251866, 32.724079], [35.25165, 32.723831], [35.251266, 32.723964], [35.250855, 32.723203], [35.25178, 32.722953], [35.252714, 32.722493], [35.25327, 32.722986], [35.255434, 32.721433], [35.254956, 32.72102], [35.255017, 32.720368], [35.254759, 32.719564], [35.254083, 32.719583], [35.253658, 32.720024], [35.253734, 32.719836], [35.253383, 32.719727], [35.253559, 32.718991], [35.253407, 32.719107], [35.253196, 32.718853], [35.252782, 32.719092], [35.252374, 32.718553]]]}}, {"type": "Feature", "properties": {"kind": "forest", "kindKo": "숲(조림지)", "areaHa": 14.64, "osmId": "way/119016356", "name": null, "nameEn": null}, "geometry": {"type": "Polygon", "coordinates": [[[35.282218, 32.70505], [35.282216, 32.704915], [35.282574, 32.704844], [35.282665, 32.704635], [35.283472, 32.70424], [35.283229, 32.703844], [35.283515, 32.702959], [35.283096, 32.702105], [35.2836, 32.701173], [35.28363, 32.700888], [35.283287, 32.699378], [35.282857, 32.698551], [35.282843, 32.697958], [35.283167, 32.697602], [35.28382, 32.697349], [35.282497, 32.695633], [35.282083, 32.696123], [35.28142, 32.698813], [35.281469, 32.699269], [35.282056, 32.69987], [35.282128, 32.700217], [35.28114, 32.701254], [35.280977, 32.701622], [35.281061, 32.70201], [35.282101, 32.703206], [35.282316, 32.703797], [35.282226, 32.704606], [35.281829, 32.705244], [35.281467, 32.706686], [35.282125, 32.705524], [35.282218, 32.70505]]]}}, {"type": "Feature", "properties": {"kind": "forest", "kindKo": "숲(조림지)", "areaHa": 6.18, "osmId": "way/119016394", "name": null, "nameEn": null}, "geometry": {"type": "Polygon", "coordinates": [[[35.250913, 32.692192], [35.25096, 32.692108], [35.251405, 32.692151], [35.251696, 32.69204], [35.251447, 32.691516], [35.251, 32.691042], [35.249845, 32.690373], [35.249242, 32.69131], [35.248916, 32.691333], [35.248377, 32.691114], [35.248092, 32.690452], [35.248691, 32.689606], [35.248242, 32.689157], [35.24772, 32.689362], [35.247112, 32.689816], [35.247144, 32.690435], [35.247462, 32.690705], [35.247428, 32.691002], [35.247775, 32.691315], [35.248934, 32.691736], [35.249454, 32.692339], [35.249652, 32.692399], [35.250381, 32.692518], [35.251062, 32.692229], [35.250913, 32.692192]]]}}, {"type": "Feature", "properties": {"kind": "forest", "kindKo": "숲(조림지)", "areaHa": 2.11, "osmId": "way/119016454", "name": null, "nameEn": null}, "geometry": {"type": "Polygon", "coordinates": [[[35.258054, 32.727939], [35.258438, 32.7266], [35.258247, 32.726606], [35.25843, 32.726311], [35.257611, 32.726194], [35.257615, 32.726705], [35.257279, 32.726628], [35.2573, 32.726808], [35.256801, 32.726579], [35.256382, 32.726562], [35.256284, 32.727123], [35.258054, 32.727939]]]}}, {"type": "Feature", "properties": {"kind": "forest", "kindKo": "숲(조림지)", "areaHa": 8.69, "osmId": "way/119016520", "name": null, "nameEn": null}, "geometry": {"type": "Polygon", "coordinates": [[[35.28477, 32.68223], [35.285319, 32.682228], [35.285908, 32.68139], [35.28593, 32.68103], [35.286152, 32.680596], [35.285855, 32.680039], [35.286699, 32.679638], [35.286932, 32.678872], [35.286766, 32.678648], [35.286341, 32.67873], [35.285667, 32.678499], [35.284719, 32.678996], [35.284329, 32.678884], [35.284197, 32.680004], [35.283686, 32.680807], [35.283204, 32.681972], [35.284631, 32.682811], [35.28477, 32.68223]]]}}, {"type": "Feature", "properties": {"kind": "scrub", "kindKo": "관목지(마키·가리그)", "areaHa": 2.03, "osmId": "way/503616044", "name": null, "nameEn": null}, "geometry": {"type": "Polygon", "coordinates": [[[35.310602, 32.699795], [35.311476, 32.70143], [35.312023, 32.701113], [35.313187, 32.700062], [35.312393, 32.699863], [35.31234, 32.700026], [35.311846, 32.699836], [35.311042, 32.70031], [35.31073, 32.699759], [35.310602, 32.699795]]]}}, {"type": "Feature", "properties": {"kind": "scrub", "kindKo": "관목지(마키·가리그)", "areaHa": 0.85, "osmId": "way/503617755", "name": null, "nameEn": null}, "geometry": {"type": "Polygon", "coordinates": [[[35.309073, 32.699886], [35.308751, 32.699988], [35.308859, 32.699629], [35.308674, 32.699209], [35.309244, 32.699209], [35.309658, 32.699021], [35.310305, 32.699889], [35.310082, 32.699977], [35.309679, 32.699624], [35.309073, 32.699886]]]}}, {"type": "Feature", "properties": {"kind": "forest", "kindKo": "숲(조림지)", "areaHa": 2.02, "osmId": "way/503621113", "name": null, "nameEn": null}, "geometry": {"type": "Polygon", "coordinates": [[[35.321669, 32.701303], [35.322505, 32.70115], [35.322838, 32.70096], [35.323558, 32.700236], [35.323492, 32.699967], [35.32361, 32.699967], [35.323707, 32.700427], [35.323911, 32.700635], [35.324201, 32.700825], [35.324923, 32.700899], [35.325066, 32.701232], [35.324994, 32.701366], [35.323707, 32.701556], [35.32242, 32.70133], [35.321765, 32.701475], [35.321475, 32.701285], [35.321669, 32.701303]]]}}, {"type": "Feature", "properties": {"kind": "forest", "kindKo": "숲(조림지)", "areaHa": 7.63, "osmId": "way/504861550", "name": null, "nameEn": null}, "geometry": {"type": "Polygon", "coordinates": [[[35.287851, 32.687365], [35.288817, 32.687365], [35.289814, 32.686832], [35.290244, 32.687284], [35.290276, 32.687753], [35.290855, 32.688638], [35.291284, 32.690182], [35.291228, 32.690487], [35.290801, 32.690986], [35.290772, 32.691423], [35.290597, 32.691564], [35.289857, 32.6903], [35.289074, 32.690191], [35.288666, 32.690498], [35.28784, 32.689659], [35.288452, 32.689505], [35.289353, 32.68983], [35.289471, 32.689577], [35.28886, 32.689126], [35.289739, 32.68909], [35.289718, 32.688873], [35.289278, 32.688503], [35.289342, 32.688088], [35.289246, 32.687979], [35.28799, 32.687771], [35.28725, 32.687835], [35.287143, 32.687437], [35.287851, 32.687365]]]}}, {"type": "Feature", "properties": {"kind": "forest", "kindKo": "숲(조림지)", "areaHa": 22.15, "osmId": "way/506281137", "name": null, "nameEn": null}, "geometry": {"type": "Polygon", "coordinates": [[[35.2462, 32.749827], [35.251393, 32.746583], [35.252705, 32.745928], [35.253872, 32.7455], [35.253517, 32.745405], [35.252949, 32.744999], [35.251093, 32.743303], [35.249955, 32.742671], [35.24929, 32.742671], [35.248786, 32.742915], [35.247724, 32.744255], [35.248121, 32.745522], [35.248153, 32.746046], [35.248389, 32.746533], [35.24693, 32.748293], [35.246029, 32.748988], [35.2462, 32.749827]]]}}, {"type": "Feature", "properties": {"kind": "forest", "kindKo": "숲(조림지)", "areaHa": 1.97, "osmId": "way/544390576", "name": null, "nameEn": null}, "geometry": {"type": "Polygon", "coordinates": [[[35.249064, 32.683489], [35.249298, 32.683535], [35.24981, 32.68339], [35.250161, 32.683209], [35.250346, 32.682954], [35.250377, 32.682607], [35.250235, 32.682301], [35.249939, 32.682047], [35.249311, 32.681865], [35.248405, 32.682363], [35.248997, 32.682446], [35.249064, 32.683489]]]}}, {"type": "Feature", "properties": {"kind": "forest", "kindKo": "숲(조림지)", "areaHa": 0.89, "osmId": "way/546685936", "name": null, "nameEn": null}, "geometry": {"type": "Polygon", "coordinates": [[[35.249196, 32.676991], [35.249355, 32.67714], [35.249729, 32.676543], [35.250196, 32.67648], [35.250242, 32.676263], [35.250583, 32.676421], [35.250863, 32.676782], [35.2512, 32.676303], [35.250691, 32.675882], [35.250214, 32.675925], [35.249934, 32.676055], [35.249196, 32.676991]]]}}, {"type": "Feature", "properties": {"kind": "orchard", "kindKo": "과수원", "areaHa": 0.34, "osmId": "way/610621657", "name": null, "nameEn": null}, "geometry": {"type": "Polygon", "coordinates": [[[35.318971, 32.737676], [35.318911, 32.737177], [35.319597, 32.737213], [35.31964, 32.737532], [35.319409, 32.737668], [35.318971, 32.737676]]]}}, {"type": "Feature", "properties": {"kind": "orchard", "kindKo": "과수원", "areaHa": 0.18, "osmId": "way/610621658", "name": null, "nameEn": null}, "geometry": {"type": "Polygon", "coordinates": [[[35.319838, 32.739109], [35.3197, 32.738571], [35.320139, 32.738614], [35.320113, 32.739063], [35.319838, 32.739109]]]}}, {"type": "Feature", "properties": {"kind": "orchard", "kindKo": "과수원", "areaHa": 0.37, "osmId": "way/610621659", "name": null, "nameEn": null}, "geometry": {"type": "Polygon", "coordinates": [[[35.318645, 32.738462], [35.318594, 32.738181], [35.317555, 32.738296], [35.317572, 32.738598], [35.318645, 32.738462]]]}}, {"type": "Feature", "properties": {"kind": "orchard", "kindKo": "과수원", "areaHa": 2.78, "osmId": "way/618453804", "name": null, "nameEn": null}, "geometry": {"type": "Polygon", "coordinates": [[[35.263984, 32.689261], [35.264328, 32.689326], [35.264268, 32.689752], [35.263804, 32.689803], [35.263702, 32.690056], [35.263874, 32.690301], [35.263831, 32.690482], [35.263453, 32.690604], [35.262457, 32.689369], [35.261899, 32.689405], [35.26105, 32.688972], [35.260955, 32.688777], [35.261951, 32.688322], [35.262538, 32.68918], [35.262989, 32.688958], [35.26329, 32.688965], [35.263984, 32.689261]]]}}, {"type": "Feature", "properties": {"kind": "orchard", "kindKo": "과수원", "areaHa": 2.62, "osmId": "way/618453805", "name": null, "nameEn": null}, "geometry": {"type": "Polygon", "coordinates": [[[35.274344, 32.69085], [35.275042, 32.690185], [35.275373, 32.690085], [35.275312, 32.689655], [35.27473, 32.689263], [35.274569, 32.689494], [35.273657, 32.689334], [35.272644, 32.688788], [35.272341, 32.688794], [35.272328, 32.688952], [35.272975, 32.689362], [35.273485, 32.690244], [35.274344, 32.69085]]]}}, {"type": "Feature", "properties": {"kind": "scrub", "kindKo": "관목지(마키·가리그)", "areaHa": 2.59, "osmId": "way/618453806", "name": null, "nameEn": null}, "geometry": {"type": "Polygon", "coordinates": [[[35.259757, 32.695794], [35.260096, 32.695397], [35.260221, 32.694678], [35.260891, 32.693949], [35.260822, 32.693609], [35.260998, 32.693551], [35.26116, 32.693951], [35.26189, 32.694568], [35.262002, 32.694873], [35.262169, 32.694837], [35.262263, 32.69494], [35.262792, 32.696101], [35.262101, 32.695982], [35.261732, 32.695249], [35.261302, 32.695018], [35.260916, 32.695025], [35.260238, 32.695307], [35.260323, 32.69572], [35.260067, 32.695783], [35.260075, 32.69587], [35.260388, 32.696222], [35.259757, 32.695794]]]}}, {"type": "Feature", "properties": {"kind": "orchard", "kindKo": "과수원", "areaHa": 14.76, "osmId": "way/618453808", "name": null, "nameEn": null}, "geometry": {"type": "Polygon", "coordinates": [[[35.270192, 32.686976], [35.269723, 32.68745], [35.269284, 32.687218], [35.268731, 32.687367], [35.26922, 32.68828], [35.26916, 32.688763], [35.269357, 32.689268], [35.269272, 32.689521], [35.268923, 32.689765], [35.268542, 32.688835], [35.268966, 32.688624], [35.268585, 32.687888], [35.26815, 32.688031], [35.267812, 32.687469], [35.2671, 32.687744], [35.267452, 32.688387], [35.267967, 32.688669], [35.266954, 32.688734], [35.266507, 32.688633], [35.265753, 32.688185], [35.264946, 32.688301], [35.264509, 32.688098], [35.264534, 32.68786], [35.264878, 32.687658], [35.264878, 32.687477], [35.264517, 32.687007], [35.265718, 32.686812], [35.266071, 32.686559], [35.26589, 32.686364], [35.264552, 32.685873], [35.263882, 32.686574], [35.263659, 32.686624], [35.263186, 32.686408], [35.262595, 32.686683], [35.261839, 32.685945], [35.262225, 32.68575], [35.262826, 32.685649], [35.264306, 32.685821], [35.264268, 32.685288], [35.264363, 32.685165], [35.264758, 32.685114], [35.265008, 32.685108], [35.264991, 32.685512], [35.265355, 32.68552], [35.265624, 32.68439], [35.266942, 32.68463], [35.266908, 32.684944], [35.267134, 32.684992], [35.267134, 32.685425], [35.267432, 32.685496], [35.267434, 32.686032], [35.267186, 32.686213], [35.267344, 32.686681], [35.268525, 32.686364], [35.269177, 32.686848], [35.269555, 32.686856], [35.269725, 32.686654], [35.270192, 32.686976]]]}}, {"type": "Feature", "properties": {"kind": "scrub", "kindKo": "관목지(마키·가리그)", "areaHa": 4.34, "osmId": "way/618453809", "name": null, "nameEn": null}, "geometry": {"type": "Polygon", "coordinates": [[[35.251084, 32.692663], [35.255118, 32.691307], [35.255255, 32.691661], [35.256173, 32.692271], [35.256225, 32.692355], [35.255676, 32.692508], [35.25611, 32.692743], [35.256247, 32.692681], [35.257182, 32.692923], [35.257251, 32.692739], [35.257805, 32.692526], [35.258663, 32.692529], [35.259419, 32.692305], [35.260311, 32.69306], [35.26056, 32.693421], [35.260409, 32.69377], [35.260255, 32.693393], [35.259526, 32.692482], [35.25735, 32.692884], [35.257306, 32.693788], [35.256492, 32.693053], [35.256191, 32.693284], [35.25535, 32.692699], [35.254449, 32.692371], [35.253037, 32.692291], [35.251175, 32.692771], [35.251084, 32.692663]]]}}, {"type": "Feature", "properties": {"kind": "scrub", "kindKo": "관목지(마키·가리그)", "areaHa": 12.13, "osmId": "way/618453810", "name": null, "nameEn": null}, "geometry": {"type": "Polygon", "coordinates": [[[35.271513, 32.672288], [35.272089, 32.67238], [35.272537, 32.672632], [35.272992, 32.673029], [35.273466, 32.673992], [35.273823, 32.673946], [35.273693, 32.673425], [35.273958, 32.673408], [35.273739, 32.67309], [35.273663, 32.672451], [35.273515, 32.672204], [35.272524, 32.671424], [35.272276, 32.671273], [35.271898, 32.671453], [35.271383, 32.671511], [35.270679, 32.671424], [35.270293, 32.671633], [35.268593, 32.671237], [35.26837, 32.671092], [35.267581, 32.669922], [35.266636, 32.66935], [35.266036, 32.672413], [35.267363, 32.671963], [35.267553, 32.672178], [35.267509, 32.673101], [35.26733, 32.673479], [35.268123, 32.673276], [35.268654, 32.673009], [35.269442, 32.672148], [35.270242, 32.672567], [35.270967, 32.672571], [35.271513, 32.672288]]]}}, {"type": "Feature", "properties": {"kind": "orchard", "kindKo": "과수원", "areaHa": 1.42, "osmId": "way/618453817", "name": null, "nameEn": null}, "geometry": {"type": "Polygon", "coordinates": [[[35.267579, 32.68188], [35.268114, 32.682271], [35.267739, 32.682753], [35.268184, 32.683015], [35.268603, 32.682562], [35.269061, 32.682882], [35.268842, 32.682991], [35.268919, 32.683121], [35.269563, 32.683713], [35.267847, 32.683222], [35.267434, 32.682904], [35.267392, 32.682413], [35.267579, 32.68188]]]}}, {"type": "Feature", "properties": {"kind": "scrub", "kindKo": "관목지(마키·가리그)", "areaHa": 0.18, "osmId": "way/618453818", "name": null, "nameEn": null}, "geometry": {"type": "Polygon", "coordinates": [[[35.279174, 32.695471], [35.278941, 32.694895], [35.278785, 32.695203], [35.278837, 32.695535], [35.279214, 32.695667], [35.279174, 32.695471]]]}}, {"type": "Feature", "properties": {"kind": "scrub", "kindKo": "관목지(마키·가리그)", "areaHa": 5.86, "osmId": "way/618454278", "name": null, "nameEn": null}, "geometry": {"type": "Polygon", "coordinates": [[[35.252066, 32.69126], [35.256616, 32.689331], [35.256358, 32.687529], [35.256732, 32.687512], [35.257105, 32.689021], [35.257453, 32.689033], [35.2578, 32.688853], [35.257371, 32.689751], [35.256775, 32.690301], [35.255621, 32.69094], [35.253647, 32.691554], [35.253689, 32.690922], [35.253359, 32.691049], [35.252943, 32.691439], [35.253002, 32.691639], [35.252595, 32.691773], [35.252114, 32.691565], [35.252066, 32.69126]]]}}, {"type": "Feature", "properties": {"kind": "orchard", "kindKo": "과수원", "areaHa": 1.54, "osmId": "way/618454279", "name": null, "nameEn": null}, "geometry": {"type": "Polygon", "coordinates": [[[35.257891, 32.68674], [35.257462, 32.686899], [35.257333, 32.687152], [35.256818, 32.687246], [35.256788, 32.687656], [35.257139, 32.688999], [35.257766, 32.688812], [35.257427, 32.68791], [35.257599, 32.687564], [35.257987, 32.68734], [35.257891, 32.68674]]]}}, {"type": "Feature", "properties": {"kind": "scrub", "kindKo": "관목지(마키·가리그)", "areaHa": 0.42, "osmId": "way/618454280", "name": null, "nameEn": null}, "geometry": {"type": "Polygon", "coordinates": [[[35.257805, 32.688784], [35.257505, 32.687917], [35.257677, 32.687564], [35.257977, 32.68739], [35.257805, 32.688784]]]}}, {"type": "Feature", "properties": {"kind": "scrub", "kindKo": "관목지(마키·가리그)", "areaHa": 4.95, "osmId": "way/618454380", "name": null, "nameEn": null}, "geometry": {"type": "Polygon", "coordinates": [[[35.257891, 32.68666], [35.257092, 32.682796], [35.256518, 32.683049], [35.256002, 32.684349], [35.255826, 32.684384], [35.255659, 32.684659], [35.25659, 32.685929], [35.256938, 32.686631], [35.25683, 32.68715], [35.257282, 32.687079], [35.257341, 32.68687], [35.257891, 32.68666]]]}}, {"type": "Feature", "properties": {"kind": "scrub", "kindKo": "관목지(마키·가리그)", "areaHa": 5.72, "osmId": "way/618454531", "name": null, "nameEn": null}, "geometry": {"type": "Polygon", "coordinates": [[[35.259865, 32.67677], [35.259994, 32.678208], [35.259753, 32.678346], [35.258895, 32.678439], [35.258792, 32.678613], [35.259195, 32.679183], [35.258252, 32.679797], [35.257453, 32.680838], [35.256964, 32.680498], [35.257573, 32.679227], [35.257625, 32.67862], [35.257058, 32.677738], [35.256887, 32.677009], [35.258126, 32.677563], [35.25887, 32.677738], [35.259762, 32.676575], [35.259865, 32.67677]]]}}, {"type": "Feature", "properties": {"kind": "scrub", "kindKo": "관목지(마키·가리그)", "areaHa": 0.75, "osmId": "way/618456688", "name": null, "nameEn": null}, "geometry": {"type": "Polygon", "coordinates": [[[35.275418, 32.674215], [35.274774, 32.673978], [35.274889, 32.673752], [35.274499, 32.673596], [35.274338, 32.673691], [35.274537, 32.673954], [35.274476, 32.674464], [35.274648, 32.674518], [35.274706, 32.6747], [35.27515, 32.674609], [35.275264, 32.674811], [35.275686, 32.674546], [35.275418, 32.674215]]]}}, {"type": "Feature", "properties": {"kind": "scrub", "kindKo": "관목지(마키·가리그)", "areaHa": 0.59, "osmId": "way/618457394", "name": null, "nameEn": null}, "geometry": {"type": "Polygon", "coordinates": [[[35.275072, 32.670767], [35.27552, 32.672024], [35.275812, 32.671496], [35.276391, 32.670947], [35.276434, 32.670503], [35.27622, 32.670409], [35.275777, 32.671379], [35.275468, 32.671603], [35.275391, 32.670918], [35.275072, 32.670767]]]}}, {"type": "Feature", "properties": {"kind": "orchard", "kindKo": "과수원", "areaHa": 3.49, "osmId": "way/618457395", "name": null, "nameEn": null}, "geometry": {"type": "Polygon", "coordinates": [[[35.271265, 32.676386], [35.271009, 32.677014], [35.270081, 32.677194], [35.269997, 32.67821], [35.269777, 32.67848], [35.269825, 32.679018], [35.27004, 32.678998], [35.270389, 32.679174], [35.27046, 32.679035], [35.270657, 32.679105], [35.270915, 32.678578], [35.271695, 32.67814], [35.271326, 32.677541], [35.271371, 32.677245], [35.271747, 32.677201], [35.272118, 32.676582], [35.272686, 32.67671], [35.272726, 32.67657], [35.272309, 32.676401], [35.271265, 32.676386]]]}}, {"type": "Feature", "properties": {"kind": "forest", "kindKo": "숲(조림지)", "areaHa": 0.64, "osmId": "way/618460181", "name": null, "nameEn": null}, "geometry": {"type": "Polygon", "coordinates": [[[35.280012, 32.682412], [35.279716, 32.682419], [35.279643, 32.68165], [35.280044, 32.681632], [35.28063, 32.681942], [35.280687, 32.682138], [35.280524, 32.682305], [35.280012, 32.682412]]]}}, {"type": "Feature", "properties": {"kind": "scrub", "kindKo": "관목지(마키·가리그)", "areaHa": 1.56, "osmId": "way/618460186", "name": null, "nameEn": null}, "geometry": {"type": "Polygon", "coordinates": [[[35.284494, 32.685403], [35.28418, 32.684977], [35.284421, 32.68489], [35.284659, 32.684068], [35.284259, 32.683879], [35.284, 32.684168], [35.283823, 32.683915], [35.283828, 32.683535], [35.284161, 32.683249], [35.284857, 32.683506], [35.285206, 32.683408], [35.285563, 32.683834], [35.284906, 32.684526], [35.284494, 32.685403]]]}}, {"type": "Feature", "properties": {"kind": "forest", "kindKo": "숲(조림지)", "areaHa": 0.17, "osmId": "way/618460197", "name": null, "nameEn": null}, "geometry": {"type": "Polygon", "coordinates": [[[35.284245, 32.685212], [35.284459, 32.685358], [35.284413, 32.685726], [35.284124, 32.68562], [35.283956, 32.685243], [35.284227, 32.685288], [35.284245, 32.685212]]]}}, {"type": "Feature", "properties": {"kind": "orchard", "kindKo": "과수원", "areaHa": 1.58, "osmId": "way/618460198", "name": null, "nameEn": null}, "geometry": {"type": "Polygon", "coordinates": [[[35.276986, 32.680196], [35.278267, 32.680629], [35.278506, 32.681026], [35.279249, 32.681342], [35.279352, 32.681768], [35.278622, 32.681819], [35.278699, 32.68197], [35.278434, 32.682036], [35.278373, 32.681696], [35.278893, 32.681459], [35.278541, 32.681141], [35.278331, 32.681287], [35.278146, 32.681141], [35.277669, 32.681374], [35.277502, 32.681242], [35.277417, 32.680816], [35.276897, 32.68081], [35.276986, 32.680196]]]}}, {"type": "Feature", "properties": {"kind": "orchard", "kindKo": "과수원", "areaHa": 1.65, "osmId": "way/618460203", "name": null, "nameEn": null}, "geometry": {"type": "Polygon", "coordinates": [[[35.283483, 32.681346], [35.282587, 32.681233], [35.282437, 32.681522], [35.282732, 32.681604], [35.282673, 32.681947], [35.282319, 32.681989], [35.281969, 32.682416], [35.282193, 32.682544], [35.28201, 32.683074], [35.281507, 32.682622], [35.282276, 32.681757], [35.28201, 32.681611], [35.282085, 32.681368], [35.282288, 32.68142], [35.282603, 32.68103], [35.282116, 32.680755], [35.282313, 32.68047], [35.28282, 32.68022], [35.283098, 32.680356], [35.282692, 32.680687], [35.282888, 32.680888], [35.283594, 32.680701], [35.283686, 32.680807], [35.283483, 32.681346]]]}}, {"type": "Feature", "properties": {"kind": "scrub", "kindKo": "관목지(마키·가리그)", "areaHa": 27.53, "osmId": "way/618460206", "name": null, "nameEn": null}, "geometry": {"type": "Polygon", "coordinates": [[[35.280989, 32.682552], [35.281978, 32.680489], [35.282781, 32.680158], [35.283121, 32.680307], [35.283232, 32.680729], [35.283594, 32.680701], [35.283686, 32.680807], [35.28418, 32.67996], [35.284288, 32.678826], [35.284734, 32.678965], [35.285691, 32.678475], [35.286296, 32.678699], [35.286764, 32.678591], [35.286906, 32.678685], [35.286961, 32.67888], [35.286691, 32.679675], [35.28591, 32.680047], [35.286205, 32.680576], [35.286897, 32.679512], [35.287262, 32.67798], [35.287459, 32.677908], [35.287626, 32.678006], [35.287498, 32.678663], [35.287733, 32.677914], [35.28561, 32.676882], [35.285412, 32.677518], [35.285996, 32.677428], [35.286056, 32.677727], [35.285811, 32.677771], [35.285948, 32.678244], [35.285421, 32.678414], [35.285206, 32.678402], [35.285069, 32.678258], [35.284884, 32.678294], [35.284953, 32.678511], [35.284566, 32.678532], [35.284532, 32.677822], [35.284803, 32.677222], [35.283936, 32.677373], [35.283348, 32.677052], [35.281562, 32.676451], [35.280814, 32.675832], [35.280593, 32.675949], [35.280978, 32.676341], [35.280847, 32.676569], [35.281285, 32.677014], [35.280713, 32.677443], [35.280926, 32.67773], [35.280361, 32.678233], [35.280121, 32.67834], [35.279772, 32.678303], [35.279648, 32.67882], [35.279037, 32.679003], [35.278775, 32.679539], [35.277223, 32.678903], [35.27707, 32.679041], [35.27724, 32.679293], [35.275326, 32.680239], [35.276986, 32.680196], [35.278301, 32.680607], [35.278537, 32.680959], [35.279369, 32.681422], [35.27964, 32.681356], [35.279643, 32.68165], [35.280044, 32.681632], [35.28063, 32.681942], [35.280687, 32.682138], [35.280524, 32.682305], [35.280012, 32.682412], [35.280554, 32.682788], [35.280989, 32.682552]]]}}, {"type": "Feature", "properties": {"kind": "orchard", "kindKo": "과수원", "areaHa": 0.65, "osmId": "way/618461968", "name": null, "nameEn": null}, "geometry": {"type": "Polygon", "coordinates": [[[35.291816, 32.683882], [35.291365, 32.683774], [35.29073, 32.683802], [35.290692, 32.683499], [35.29085, 32.683362], [35.291548, 32.683215], [35.291996, 32.683522], [35.291816, 32.683882]]]}}, {"type": "Feature", "properties": {"kind": "orchard", "kindKo": "과수원", "areaHa": 0.6, "osmId": "way/618461975", "name": null, "nameEn": null}, "geometry": {"type": "Polygon", "coordinates": [[[35.283308, 32.68689], [35.282772, 32.686966], [35.282429, 32.68668], [35.282485, 32.686261], [35.282874, 32.685955], [35.283308, 32.68689]]]}}, {"type": "Feature", "properties": {"kind": "scrub", "kindKo": "관목지(마키·가리그)", "areaHa": 4.69, "osmId": "way/618461976", "name": null, "nameEn": null}, "geometry": {"type": "Polygon", "coordinates": [[[35.292329, 32.681694], [35.292206, 32.681425], [35.291635, 32.680924], [35.290746, 32.681112], [35.290515, 32.680892], [35.290437, 32.681134], [35.289751, 32.681365], [35.289523, 32.680686], [35.287811, 32.6791], [35.28785, 32.678826], [35.287648, 32.678739], [35.287464, 32.678851], [35.2873, 32.678753], [35.287382, 32.678067], [35.287021, 32.679678], [35.286694, 32.680084], [35.28723, 32.680419], [35.288043, 32.679804], [35.288386, 32.680021], [35.288162, 32.680586], [35.287844, 32.680972], [35.288343, 32.680794], [35.288794, 32.680823], [35.289476, 32.681367], [35.289698, 32.682008], [35.290154, 32.681879], [35.290196, 32.681995], [35.291116, 32.681356], [35.291917, 32.682029], [35.292329, 32.681694]]]}}, {"type": "Feature", "properties": {"kind": "scrub", "kindKo": "관목지(마키·가리그)", "areaHa": 1.68, "osmId": "way/618461977", "name": null, "nameEn": null}, "geometry": {"type": "Polygon", "coordinates": [[[35.291002, 32.685092], [35.29048, 32.685163], [35.289832, 32.68451], [35.289544, 32.683827], [35.289579, 32.683668], [35.290626, 32.683253], [35.291226, 32.682873], [35.291441, 32.68309], [35.290802, 32.68326], [35.29051, 32.683552], [35.291002, 32.685092]]]}}, {"type": "Feature", "properties": {"kind": "scrub", "kindKo": "관목지(마키·가리그)", "areaHa": 1.26, "osmId": "way/618461978", "name": null, "nameEn": null}, "geometry": {"type": "Polygon", "coordinates": [[[35.290158, 32.686774], [35.2896, 32.686435], [35.289617, 32.685799], [35.289445, 32.685618], [35.289592, 32.685416], [35.289231, 32.685185], [35.28924, 32.684947], [35.289643, 32.684853], [35.290303, 32.685539], [35.290303, 32.686622], [35.290158, 32.686774]]]}}, {"type": "Feature", "properties": {"kind": "orchard", "kindKo": "과수원", "areaHa": 1.21, "osmId": "way/618462066", "name": null, "nameEn": null}, "geometry": {"type": "Polygon", "coordinates": [[[35.285271, 32.685965], [35.28539, 32.685727], [35.285798, 32.685756], [35.285706, 32.686252], [35.285892, 32.686699], [35.285489, 32.686814], [35.285695, 32.687197], [35.284716, 32.687652], [35.284815, 32.68707], [35.285103, 32.686994], [35.285098, 32.686496], [35.284927, 32.686478], [35.285068, 32.685944], [35.285271, 32.685965]]]}}, {"type": "Feature", "properties": {"kind": "scrub", "kindKo": "관목지(마키·가리그)", "areaHa": 3.12, "osmId": "way/618462745", "name": null, "nameEn": null}, "geometry": {"type": "Polygon", "coordinates": [[[35.290416, 32.693308], [35.290346, 32.693187], [35.290456, 32.693014], [35.290046, 32.692777], [35.289566, 32.692734], [35.289586, 32.69247], [35.289252, 32.692555], [35.288973, 32.692337], [35.289308, 32.692037], [35.290102, 32.691787], [35.290209, 32.692058], [35.290622, 32.691921], [35.290512, 32.691537], [35.290772, 32.691423], [35.290801, 32.690986], [35.291228, 32.690487], [35.291407, 32.69069], [35.291446, 32.69135], [35.291647, 32.691632], [35.291643, 32.69173], [35.291394, 32.691705], [35.291518, 32.692709], [35.290852, 32.692824], [35.290917, 32.693142], [35.290416, 32.693308]]]}}, {"type": "Feature", "properties": {"kind": "scrub", "kindKo": "관목지(마키·가리그)", "areaHa": 0.46, "osmId": "way/618464187", "name": null, "nameEn": null}, "geometry": {"type": "Polygon", "coordinates": [[[35.296445, 32.68766], [35.297067, 32.687974], [35.297539, 32.688392], [35.297781, 32.688281], [35.297238, 32.687604], [35.296953, 32.687561], [35.296901, 32.687409], [35.29677, 32.687359], [35.296445, 32.68766]]]}}, {"type": "Feature", "properties": {"kind": "scrub", "kindKo": "관목지(마키·가리그)", "areaHa": 0.58, "osmId": "way/618464188", "name": null, "nameEn": null}, "geometry": {"type": "Polygon", "coordinates": [[[35.293076, 32.685611], [35.293377, 32.685199], [35.293488, 32.685279], [35.293756, 32.685009], [35.293617, 32.684889], [35.293994, 32.684463], [35.294175, 32.684384], [35.294525, 32.684505], [35.294439, 32.684751], [35.29372, 32.685293], [35.293548, 32.685575], [35.293076, 32.685611]]]}}, {"type": "Feature", "properties": {"kind": "scrub", "kindKo": "관목지(마키·가리그)", "areaHa": 2.62, "osmId": "way/618464189", "name": null, "nameEn": null}, "geometry": {"type": "Polygon", "coordinates": [[[35.295628, 32.687345], [35.29587, 32.686903], [35.296643, 32.687222], [35.296775, 32.68722], [35.296808, 32.687092], [35.296754, 32.686692], [35.296498, 32.686701], [35.296099, 32.686178], [35.296331, 32.686026], [35.296204, 32.685918], [35.29606, 32.686072], [35.295867, 32.685953], [35.295962, 32.685766], [35.295777, 32.685647], [35.294501, 32.686641], [35.294401, 32.686573], [35.294214, 32.686794], [35.294068, 32.6867], [35.293884, 32.687022], [35.293943, 32.687269], [35.294136, 32.687377], [35.294994, 32.687197], [35.295628, 32.687345]]]}}, {"type": "Feature", "properties": {"kind": "scrub", "kindKo": "관목지(마키·가리그)", "areaHa": 0.81, "osmId": "way/618464191", "name": null, "nameEn": null}, "geometry": {"type": "Polygon", "coordinates": [[[35.294595, 32.684788], [35.294758, 32.684593], [35.295006, 32.684636], [35.297132, 32.68602], [35.296767, 32.686225], [35.296467, 32.685907], [35.295504, 32.685298], [35.295615, 32.685174], [35.295422, 32.68505], [35.295305, 32.685188], [35.294595, 32.684788]]]}}, {"type": "Feature", "properties": {"kind": "scrub", "kindKo": "관목지(마키·가리그)", "areaHa": 12.36, "osmId": "way/618464741", "name": null, "nameEn": null}, "geometry": {"type": "Polygon", "coordinates": [[[35.298119, 32.678447], [35.297707, 32.678584], [35.297682, 32.678511], [35.296505, 32.679234], [35.296612, 32.679673], [35.298457, 32.680865], [35.298376, 32.681177], [35.298196, 32.681257], [35.298024, 32.681177], [35.29745, 32.681438], [35.295347, 32.680686], [35.295098, 32.681242], [35.29509, 32.680816], [35.29569, 32.679855], [35.295535, 32.679531], [35.295158, 32.679206], [35.295364, 32.679176], [35.295433, 32.6787], [35.294618, 32.677385], [35.292754, 32.676113], [35.293605, 32.676062], [35.294518, 32.676227], [35.294913, 32.676689], [35.295782, 32.676506], [35.295697, 32.676932], [35.29699, 32.677036], [35.298638, 32.677557], [35.298749, 32.677845], [35.298672, 32.678098], [35.298119, 32.678447]]]}}, {"type": "Feature", "properties": {"kind": "scrub", "kindKo": "관목지(마키·가리그)", "areaHa": 7.27, "osmId": "way/618472047", "name": null, "nameEn": null}, "geometry": {"type": "Polygon", "coordinates": [[[35.302822, 32.686261], [35.302896, 32.686339], [35.302582, 32.686371], [35.301329, 32.685757], [35.301093, 32.685786], [35.300651, 32.68618], [35.297387, 32.686076], [35.296536, 32.685414], [35.296553, 32.685006], [35.296716, 32.685031], [35.296707, 32.684894], [35.297574, 32.684674], [35.298115, 32.684779], [35.298845, 32.685266], [35.299209, 32.68527], [35.299218, 32.685183], [35.300716, 32.684916], [35.30057, 32.684562], [35.301136, 32.684511], [35.30117, 32.684677], [35.302491, 32.684559], [35.30239, 32.684803], [35.302535, 32.685006], [35.302149, 32.685198], [35.302458, 32.685645], [35.302715, 32.685559], [35.302822, 32.686261]]]}}, {"type": "Feature", "properties": {"kind": "scrub", "kindKo": "관목지(마키·가리그)", "areaHa": 3.23, "osmId": "way/618472438", "name": null, "nameEn": null}, "geometry": {"type": "Polygon", "coordinates": [[[35.3039, 32.684251], [35.302609, 32.683143], [35.30092, 32.682087], [35.300402, 32.682965], [35.301252, 32.683012], [35.302582, 32.683278], [35.302844, 32.684121], [35.302617, 32.684702], [35.30338, 32.684263], [35.305354, 32.686001], [35.305477, 32.685015], [35.3039, 32.684251]]]}}, {"type": "Feature", "properties": {"kind": "scrub", "kindKo": "관목지(마키·가리그)", "areaHa": 0.53, "osmId": "way/618474863", "name": null, "nameEn": null}, "geometry": {"type": "Polygon", "coordinates": [[[35.286843, 32.701534], [35.286595, 32.701212], [35.28666, 32.701026], [35.286965, 32.701332], [35.287283, 32.701369], [35.287299, 32.701836], [35.28769, 32.702445], [35.28761, 32.702585], [35.28681, 32.701809], [35.286712, 32.701628], [35.286843, 32.701534]]]}}, {"type": "Feature", "properties": {"kind": "forest", "kindKo": "숲(조림지)", "areaHa": 1.0, "osmId": "way/618474866", "name": null, "nameEn": null}, "geometry": {"type": "Polygon", "coordinates": [[[35.291484, 32.703438], [35.291454, 32.703257], [35.291862, 32.702932], [35.291291, 32.702239], [35.29099, 32.70208], [35.290574, 32.702354], [35.290695, 32.702456], [35.290711, 32.70282], [35.291042, 32.703402], [35.291484, 32.703438]]]}}, {"type": "Feature", "properties": {"kind": "forest", "kindKo": "숲(조림지)", "areaHa": 0.73, "osmId": "way/618474871", "name": null, "nameEn": null}, "geometry": {"type": "Polygon", "coordinates": [[[35.284952, 32.697696], [35.284265, 32.697355], [35.284006, 32.696831], [35.284219, 32.696654], [35.284574, 32.696706], [35.284852, 32.696559], [35.285195, 32.696629], [35.284661, 32.69713], [35.285008, 32.697353], [35.285111, 32.697645], [35.284952, 32.697696]]]}}, {"type": "Feature", "properties": {"kind": "forest", "kindKo": "숲(조림지)", "areaHa": 2.37, "osmId": "way/618475856", "name": null, "nameEn": null}, "geometry": {"type": "Polygon", "coordinates": [[[35.296086, 32.695435], [35.295673, 32.695175], [35.295325, 32.695186], [35.295316, 32.695049], [35.294994, 32.695056], [35.294973, 32.695171], [35.294522, 32.695186], [35.294329, 32.695663], [35.294342, 32.696139], [35.293857, 32.695829], [35.294003, 32.694807], [35.294557, 32.694442], [35.294505, 32.694268], [35.294956, 32.694114], [35.295952, 32.694319], [35.296163, 32.695207], [35.296086, 32.695435]]]}}, {"type": "Feature", "properties": {"kind": "orchard", "kindKo": "과수원", "areaHa": 0.71, "osmId": "way/618475857", "name": null, "nameEn": null}, "geometry": {"type": "Polygon", "coordinates": [[[35.299908, 32.69888], [35.299883, 32.697473], [35.300283, 32.697412], [35.300526, 32.698801], [35.299908, 32.69888]]]}}, {"type": "Feature", "properties": {"kind": "forest", "kindKo": "숲(조림지)", "areaHa": 0.58, "osmId": "way/618476538", "name": null, "nameEn": null}, "geometry": {"type": "Polygon", "coordinates": [[[35.299099, 32.703029], [35.298761, 32.702232], [35.298339, 32.702418], [35.298189, 32.702056], [35.298367, 32.701717], [35.298613, 32.701861], [35.298748, 32.701822], [35.299127, 32.702308], [35.299325, 32.702716], [35.299168, 32.702808], [35.299236, 32.702978], [35.299099, 32.703029]]]}}, {"type": "Feature", "properties": {"kind": "scrub", "kindKo": "관목지(마키·가리그)", "areaHa": 0.97, "osmId": "way/618476857", "name": null, "nameEn": null}, "geometry": {"type": "Polygon", "coordinates": [[[35.282219, 32.7054], [35.281713, 32.706491], [35.281472, 32.706707], [35.281065, 32.706773], [35.280854, 32.707083], [35.281206, 32.707078], [35.281725, 32.706847], [35.281703, 32.706753], [35.28227, 32.70637], [35.282292, 32.706233], [35.28248, 32.706182], [35.282558, 32.706334], [35.282781, 32.706197], [35.282686, 32.705973], [35.282549, 32.706038], [35.282416, 32.705837], [35.282773, 32.705527], [35.282219, 32.7054]]]}}, {"type": "Feature", "properties": {"kind": "scrub", "kindKo": "관목지(마키·가리그)", "areaHa": 0.85, "osmId": "way/618480599", "name": null, "nameEn": null}, "geometry": {"type": "Polygon", "coordinates": [[[35.290552, 32.710559], [35.290209, 32.710587], [35.290141, 32.710392], [35.292905, 32.709901], [35.293041, 32.710154], [35.292737, 32.710205], [35.292756, 32.710408], [35.292572, 32.710439], [35.292476, 32.710248], [35.292012, 32.71032], [35.292072, 32.710508], [35.291754, 32.710544], [35.291703, 32.710371], [35.290552, 32.710559]]]}}, {"type": "Feature", "properties": {"kind": "scrub", "kindKo": "관목지(마키·가리그)", "areaHa": 3.33, "osmId": "way/618480600", "name": null, "nameEn": null}, "geometry": {"type": "Polygon", "coordinates": [[[35.288145, 32.709805], [35.288095, 32.707729], [35.289076, 32.707902], [35.289249, 32.707323], [35.29033, 32.707656], [35.290622, 32.708081], [35.290432, 32.708515], [35.29027, 32.708421], [35.289874, 32.708674], [35.289772, 32.708479], [35.289343, 32.708587], [35.289428, 32.708883], [35.288899, 32.708892], [35.288858, 32.709097], [35.289054, 32.709257], [35.28897, 32.709344], [35.288729, 32.709279], [35.288458, 32.709779], [35.288145, 32.709805]]]}}, {"type": "Feature", "properties": {"kind": "scrub", "kindKo": "관목지(마키·가리그)", "areaHa": 5.75, "osmId": "way/618480603", "name": null, "nameEn": null}, "geometry": {"type": "Polygon", "coordinates": [[[35.290132, 32.71022], [35.293677, 32.709526], [35.294466, 32.709519], [35.295471, 32.709288], [35.295377, 32.708962], [35.294037, 32.70845], [35.292973, 32.70824], [35.292759, 32.708255], [35.292835, 32.708956], [35.292664, 32.709179], [35.291385, 32.709251], [35.291488, 32.708125], [35.290861, 32.708081], [35.290861, 32.708298], [35.290441, 32.708703], [35.290647, 32.709194], [35.290458, 32.709201], [35.290518, 32.709829], [35.289488, 32.709923], [35.289549, 32.710147], [35.290132, 32.71022]]]}}, {"type": "Feature", "properties": {"kind": "scrub", "kindKo": "관목지(마키·가리그)", "areaHa": 3.75, "osmId": "way/618482804", "name": null, "nameEn": null}, "geometry": {"type": "Polygon", "coordinates": [[[35.27613, 32.710698], [35.276133, 32.710329], [35.2763, 32.710128], [35.276293, 32.709585], [35.275617, 32.709538], [35.274883, 32.710935], [35.274677, 32.710754], [35.274433, 32.710146], [35.274184, 32.710194], [35.273983, 32.709814], [35.273495, 32.710178], [35.273598, 32.711089], [35.273803, 32.710974], [35.274152, 32.711322], [35.274011, 32.711486], [35.274404, 32.711658], [35.275977, 32.711931], [35.276186, 32.711693], [35.275648, 32.711652], [35.27539, 32.711273], [35.27613, 32.710698]]]}}, {"type": "Feature", "properties": {"kind": "scrub", "kindKo": "관목지(마키·가리그)", "areaHa": 10.37, "osmId": "way/618482806", "name": null, "nameEn": null}, "geometry": {"type": "Polygon", "coordinates": [[[35.284836, 32.714018], [35.285797, 32.713563], [35.286604, 32.712956], [35.286167, 32.712697], [35.286193, 32.712342], [35.286304, 32.712212], [35.286579, 32.712328], [35.286741, 32.71214], [35.286596, 32.712011], [35.287168, 32.711212], [35.287767, 32.711249], [35.287834, 32.710932], [35.287441, 32.711023], [35.287374, 32.710292], [35.287604, 32.710267], [35.287673, 32.710607], [35.287921, 32.710783], [35.288115, 32.710757], [35.288261, 32.711093], [35.288364, 32.710942], [35.287943, 32.710508], [35.287866, 32.71022], [35.28748, 32.709981], [35.287419, 32.709634], [35.287695, 32.709606], [35.2876, 32.708465], [35.287922, 32.708395], [35.287951, 32.708034], [35.287415, 32.707993], [35.287446, 32.708645], [35.287051, 32.708948], [35.286381, 32.708356], [35.286827, 32.707894], [35.286553, 32.707792], [35.286073, 32.708183], [35.28657, 32.708847], [35.285738, 32.709678], [35.286179, 32.710113], [35.285944, 32.71027], [35.286021, 32.710508], [35.286253, 32.710501], [35.286253, 32.710675], [35.285558, 32.711281], [35.285222, 32.711331], [35.285308, 32.711635], [35.284819, 32.711692], [35.284724, 32.711577], [35.284373, 32.711577], [35.284373, 32.711231], [35.284192, 32.711086], [35.283763, 32.71144], [35.283119, 32.711447], [35.282845, 32.712321], [35.283, 32.712682], [35.283634, 32.71214], [35.284347, 32.711794], [35.284536, 32.712017], [35.284707, 32.711909], [35.284977, 32.712488], [35.28451, 32.713028], [35.284631, 32.713404], [35.284579, 32.714119], [35.284836, 32.714018]]]}}, {"type": "Feature", "properties": {"kind": "scrub", "kindKo": "관목지(마키·가리그)", "areaHa": 1.5, "osmId": "way/618482807", "name": null, "nameEn": null}, "geometry": {"type": "Polygon", "coordinates": [[[35.273246, 32.709138], [35.273107, 32.70876], [35.274256, 32.708171], [35.275214, 32.707936], [35.275355, 32.708145], [35.274851, 32.708452], [35.275192, 32.708808], [35.275126, 32.709013], [35.274543, 32.709228], [35.274257, 32.708721], [35.273688, 32.709097], [35.273589, 32.70902], [35.273246, 32.709138]]]}}, {"type": "Feature", "properties": {"kind": "scrub", "kindKo": "관목지(마키·가리그)", "areaHa": 3.03, "osmId": "way/618482809", "name": null, "nameEn": null}, "geometry": {"type": "Polygon", "coordinates": [[[35.279627, 32.709678], [35.279472, 32.709389], [35.280241, 32.708908], [35.280117, 32.708806], [35.280188, 32.708698], [35.280619, 32.708755], [35.280554, 32.709107], [35.282132, 32.709309], [35.282561, 32.709591], [35.282733, 32.709865], [35.282175, 32.710256], [35.281386, 32.710465], [35.280854, 32.710248], [35.281306, 32.70965], [35.28116, 32.70953], [35.281012, 32.709587], [35.280932, 32.709381], [35.280142, 32.709895], [35.278897, 32.710212], [35.278837, 32.709895], [35.279627, 32.709678]]]}}, {"type": "Feature", "properties": {"kind": "scrub", "kindKo": "관목지(마키·가리그)", "areaHa": 2.57, "osmId": "way/618482810", "name": null, "nameEn": null}, "geometry": {"type": "Polygon", "coordinates": [[[35.276575, 32.706762], [35.276803, 32.70689], [35.277348, 32.706683], [35.277665, 32.706791], [35.278181, 32.707677], [35.278465, 32.707908], [35.278636, 32.707547], [35.278391, 32.707364], [35.278504, 32.707161], [35.278731, 32.707301], [35.278851, 32.707142], [35.279358, 32.707262], [35.279177, 32.707539], [35.279389, 32.707637], [35.279706, 32.707046], [35.278103, 32.706502], [35.277795, 32.705996], [35.277245, 32.70557], [35.276945, 32.705548], [35.27679, 32.705671], [35.276859, 32.706466], [35.276575, 32.706762]]]}}, {"type": "Feature", "properties": {"kind": "forest", "kindKo": "숲(조림지)", "areaHa": 0.47, "osmId": "way/618482811", "name": null, "nameEn": null}, "geometry": {"type": "Polygon", "coordinates": [[[35.28603, 32.709251], [35.285583, 32.708977], [35.286033, 32.708297], [35.286493, 32.70884], [35.28603, 32.709251]]]}}, {"type": "Feature", "properties": {"kind": "scrub", "kindKo": "관목지(마키·가리그)", "areaHa": 3.32, "osmId": "way/618482813", "name": null, "nameEn": null}, "geometry": {"type": "Polygon", "coordinates": [[[35.279961, 32.711404], [35.281624, 32.712001], [35.282089, 32.711584], [35.283051, 32.711151], [35.282725, 32.710248], [35.281498, 32.710653], [35.280888, 32.710458], [35.280201, 32.710494], [35.280193, 32.710906], [35.279961, 32.711404]]]}}, {"type": "Feature", "properties": {"kind": "orchard", "kindKo": "과수원", "areaHa": 0.89, "osmId": "way/618482823", "name": null, "nameEn": null}, "geometry": {"type": "Polygon", "coordinates": [[[35.293583, 32.708067], [35.293626, 32.707497], [35.294809, 32.707511], [35.29487, 32.707756], [35.295067, 32.707822], [35.294681, 32.708284], [35.293583, 32.708067]]]}}, {"type": "Feature", "properties": {"kind": "scrub", "kindKo": "관목지(마키·가리그)", "areaHa": 1.31, "osmId": "way/618482824", "name": null, "nameEn": null}, "geometry": {"type": "Polygon", "coordinates": [[[35.280176, 32.707215], [35.279708, 32.708055], [35.279978, 32.708197], [35.279828, 32.708517], [35.280911, 32.70858], [35.281048, 32.707811], [35.280646, 32.7074], [35.280176, 32.707215]]]}}, {"type": "Feature", "properties": {"kind": "scrub", "kindKo": "관목지(마키·가리그)", "areaHa": 95.35, "osmId": "way/618485061", "name": null, "nameEn": null}, "geometry": {"type": "Polygon", "coordinates": [[[35.293399, 32.712898], [35.291578, 32.714224], [35.29079, 32.71373], [35.289996, 32.713847], [35.289717, 32.714253], [35.288638, 32.714929], [35.28855, 32.715477], [35.288849, 32.716205], [35.286952, 32.717291], [35.285201, 32.717962], [35.285295, 32.718556], [35.2835, 32.718636], [35.279957, 32.720533], [35.279703, 32.720568], [35.279652, 32.720756], [35.27749, 32.721846], [35.280188, 32.72337], [35.279013, 32.723877], [35.276318, 32.724469], [35.274507, 32.725249], [35.273031, 32.725603], [35.272748, 32.725342], [35.272241, 32.725263], [35.270808, 32.725458], [35.270456, 32.725321], [35.267761, 32.724924], [35.267495, 32.724917], [35.267495, 32.725061], [35.267005, 32.724613], [35.268276, 32.723089], [35.269246, 32.722237], [35.270224, 32.721624], [35.271872, 32.72119], [35.276098, 32.720979], [35.278549, 32.719645], [35.281382, 32.718302], [35.282009, 32.718208], [35.282335, 32.718287], [35.283699, 32.717739], [35.285228, 32.717457], [35.285528, 32.717508], [35.286102, 32.717349], [35.287331, 32.716663], [35.287502, 32.716374], [35.286944, 32.716331], [35.285983, 32.716547], [35.283434, 32.717414], [35.281134, 32.717739], [35.278884, 32.719233], [35.277991, 32.719414], [35.277692, 32.719768], [35.27661, 32.720396], [35.275709, 32.720743], [35.274808, 32.720822], [35.274155, 32.720664], [35.274035, 32.720519], [35.274688, 32.719082], [35.275512, 32.718215], [35.276215, 32.717754], [35.278902, 32.716908], [35.278833, 32.716764], [35.280481, 32.716193], [35.281202, 32.71563], [35.280592, 32.717205], [35.281059, 32.717492], [35.281897, 32.716518], [35.281322, 32.716179], [35.281623, 32.715536], [35.28182, 32.715796], [35.282433, 32.716141], [35.282687, 32.716063], [35.28461, 32.714402], [35.285914, 32.713781], [35.287528, 32.712561], [35.289502, 32.712511], [35.290789, 32.71297], [35.291004, 32.71259], [35.290909, 32.712156], [35.291362, 32.711856], [35.291179, 32.711432], [35.291935, 32.711259], [35.291737, 32.711885], [35.291167, 32.712113], [35.291162, 32.712444], [35.291308, 32.712451], [35.29157, 32.712943], [35.292669, 32.712734], [35.292643, 32.712431], [35.292935, 32.712306], [35.293399, 32.712898]]]}}, {"type": "Feature", "properties": {"kind": "scrub", "kindKo": "관목지(마키·가리그)", "areaHa": 26.1, "osmId": "way/618485066", "name": null, "nameEn": null}, "geometry": {"type": "Polygon", "coordinates": [[[35.266259, 32.724043], [35.266997, 32.723732], [35.268225, 32.722548], [35.268722, 32.721862], [35.26922, 32.721479], [35.270044, 32.72109], [35.271417, 32.720793], [35.272653, 32.720678], [35.273134, 32.720432], [35.274113, 32.719003], [35.274747, 32.718547], [35.275447, 32.717542], [35.277365, 32.715782], [35.277219, 32.715529], [35.277374, 32.715327], [35.277211, 32.715204], [35.277417, 32.71485], [35.277777, 32.714966], [35.277622, 32.71446], [35.278249, 32.714085], [35.278318, 32.714569], [35.278533, 32.714872], [35.279214, 32.714654], [35.279635, 32.715419], [35.280893, 32.715103], [35.280773, 32.714995], [35.280112, 32.714915], [35.279983, 32.714749], [35.279949, 32.714446], [35.280164, 32.713876], [35.280078, 32.713341], [35.279855, 32.71337], [35.279966, 32.713861], [35.278696, 32.714121], [35.278275, 32.713752], [35.277751, 32.713933], [35.276808, 32.714554], [35.27573, 32.715065], [35.274155, 32.715111], [35.273941, 32.715204], [35.27364, 32.716013], [35.272018, 32.718707], [35.271478, 32.719313], [35.270216, 32.720216], [35.268241, 32.721248], [35.267769, 32.7214], [35.267366, 32.72109], [35.26716, 32.721379], [35.267378, 32.722026], [35.266079, 32.722534], [35.265203, 32.722498], [35.266473, 32.72283], [35.265885, 32.723853], [35.266259, 32.724043]]]}}, {"type": "Feature", "properties": {"kind": "scrub", "kindKo": "관목지(마키·가리그)", "areaHa": 10.71, "osmId": "way/618485072", "name": null, "nameEn": null}, "geometry": {"type": "Polygon", "coordinates": [[[35.279142, 32.711989], [35.278567, 32.711962], [35.278163, 32.712164], [35.278107, 32.712705], [35.278602, 32.712942], [35.278533, 32.713282], [35.278396, 32.713289], [35.27806, 32.713673], [35.277237, 32.714013], [35.276207, 32.714727], [35.275528, 32.714908], [35.274164, 32.714879], [35.27407, 32.714157], [35.274233, 32.712713], [35.273761, 32.712713], [35.273357, 32.712575], [35.273589, 32.7122], [35.275606, 32.712214], [35.275786, 32.712048], [35.276682, 32.712004], [35.276825, 32.712335], [35.277369, 32.712718], [35.277696, 32.712317], [35.277615, 32.7118], [35.278618, 32.711586], [35.279253, 32.711627], [35.279142, 32.711989]]]}}, {"type": "Feature", "properties": {"kind": "scrub", "kindKo": "관목지(마키·가리그)", "areaHa": 1.71, "osmId": "way/618485075", "name": null, "nameEn": null}, "geometry": {"type": "Polygon", "coordinates": [[[35.289295, 32.712365], [35.287647, 32.712337], [35.288232, 32.711514], [35.288935, 32.710828], [35.289596, 32.712005], [35.289295, 32.712365]]]}}, {"type": "Feature", "properties": {"kind": "scrub", "kindKo": "관목지(마키·가리그)", "areaHa": 10.15, "osmId": "way/618617366", "name": null, "nameEn": null}, "geometry": {"type": "Polygon", "coordinates": [[[35.360971, 32.700252], [35.360413, 32.699096], [35.35948, 32.699295], [35.359244, 32.6999], [35.358429, 32.700279], [35.357699, 32.70082], [35.358064, 32.701254], [35.357978, 32.70147], [35.357216, 32.701326], [35.35727, 32.700902], [35.357098, 32.700414], [35.357184, 32.699999], [35.357785, 32.699358], [35.358933, 32.697706], [35.36007, 32.698049], [35.361111, 32.698193], [35.363761, 32.698301], [35.363342, 32.698934], [35.361283, 32.700234], [35.360971, 32.700252]]]}}, {"type": "Feature", "properties": {"kind": "scrub", "kindKo": "관목지(마키·가리그)", "areaHa": 34.61, "osmId": "way/618629298", "name": null, "nameEn": null}, "geometry": {"type": "Polygon", "coordinates": [[[35.233165, 32.730665], [35.232607, 32.731354], [35.231899, 32.731624], [35.231511, 32.731923], [35.231083, 32.732599], [35.232038, 32.735496], [35.232274, 32.735731], [35.232661, 32.735839], [35.233047, 32.735803], [35.233667, 32.735506], [35.233873, 32.735271], [35.234484, 32.733718], [35.234753, 32.733511], [35.2353, 32.733538], [35.235879, 32.733339], [35.236502, 32.733339], [35.23825, 32.733646], [35.238678, 32.733538], [35.239, 32.733294], [35.23886, 32.732266], [35.238991, 32.731372], [35.238667, 32.730506], [35.238538, 32.728854], [35.238315, 32.728565], [35.238991, 32.728276], [35.239171, 32.728322], [35.23989, 32.728114], [35.240566, 32.727735], [35.241093, 32.727861], [35.241769, 32.727698], [35.242229, 32.727744], [35.243218, 32.727554], [35.245877, 32.727329], [35.246415, 32.727148], [35.246855, 32.726814], [35.246812, 32.726606], [35.246404, 32.726769], [35.245814, 32.72657], [35.245836, 32.726426], [35.246285, 32.726228], [35.246651, 32.72583], [35.246533, 32.725604], [35.246703, 32.72519], [35.247144, 32.725243], [35.248496, 32.724973], [35.24872, 32.725262], [35.248881, 32.725199], [35.24899, 32.724891], [35.249932, 32.724522], [35.250073, 32.724882], [35.250771, 32.724711], [35.250952, 32.724693], [35.250984, 32.724811], [35.251382, 32.724729], [35.25223, 32.724214], [35.251973, 32.723592], [35.251715, 32.723745], [35.25196, 32.724089], [35.251114, 32.72463], [35.250578, 32.724476], [35.250009, 32.723844], [35.249859, 32.723853], [35.249827, 32.723727], [35.25032, 32.723285], [35.250492, 32.72296], [35.249954, 32.723439], [35.249404, 32.723697], [35.249247, 32.723475], [35.248699, 32.723618], [35.248861, 32.723935], [35.247863, 32.724458], [35.247316, 32.724548], [35.24695, 32.72426], [35.246372, 32.724205], [35.245694, 32.724946], [35.245031, 32.725081], [35.245385, 32.725731], [35.24458, 32.726164], [35.244321, 32.726553], [35.245675, 32.726489], [35.246327, 32.726986], [35.243658, 32.727423], [35.242311, 32.72755], [35.240552, 32.727292], [35.240519, 32.726719], [35.240958, 32.726688], [35.241625, 32.726313], [35.24136, 32.726142], [35.241201, 32.725749], [35.242526, 32.725668], [35.23994, 32.725492], [35.238604, 32.725722], [35.238764, 32.725966], [35.239064, 32.725867], [35.239168, 32.726119], [35.237751, 32.726728], [35.237955, 32.727067], [35.237305, 32.727726], [35.237117, 32.728313], [35.236646, 32.728538], [35.236921, 32.72864], [35.23718, 32.729194], [35.23719, 32.729331], [35.236908, 32.729346], [35.236919, 32.729633], [35.237309, 32.729608], [35.237428, 32.730736], [35.237269, 32.731033], [35.236437, 32.7318], [35.23628, 32.73172], [35.235961, 32.731788], [35.236004, 32.731928], [35.23484, 32.732172], [35.234853, 32.732257], [35.234549, 32.732331], [35.234277, 32.731803], [35.233952, 32.731929], [35.233814, 32.732346], [35.234148, 32.732342], [35.234192, 32.733846], [35.233946, 32.734684], [35.233335, 32.734721], [35.232682, 32.734928], [35.232573, 32.734856], [35.232392, 32.735081], [35.231843, 32.734026], [35.231974, 32.733908], [35.231672, 32.733908], [35.231545, 32.733249], [35.231221, 32.732699], [35.231425, 32.732365], [35.232017, 32.732518], [35.232155, 32.73287], [35.232705, 32.732602], [35.23292, 32.732249], [35.232672, 32.732127], [35.232957, 32.731817], [35.232842, 32.731702], [35.233127, 32.731478], [35.23333, 32.731627], [35.233435, 32.731454], [35.233466, 32.731316], [35.233082, 32.731421], [35.232958, 32.731186], [35.233511, 32.731042], [35.233165, 32.730665]]]}}, {"type": "Feature", "properties": {"kind": "forest", "kindKo": "숲(조림지)", "areaHa": 0.76, "osmId": "way/618744619", "name": null, "nameEn": null}, "geometry": {"type": "Polygon", "coordinates": [[[35.314597, 32.705258], [35.314602, 32.705384], [35.313629, 32.705416], [35.313626, 32.704969], [35.313156, 32.704531], [35.31354, 32.704616], [35.313752, 32.704392], [35.3145, 32.705036], [35.314597, 32.705258]]]}}, {"type": "Feature", "properties": {"kind": "scrub", "kindKo": "관목지(마키·가리그)", "areaHa": 2.87, "osmId": "way/618744625", "name": null, "nameEn": null}, "geometry": {"type": "Polygon", "coordinates": [[[35.314602, 32.705384], [35.314489, 32.70561], [35.313299, 32.706689], [35.312703, 32.707893], [35.312467, 32.70812], [35.312193, 32.708264], [35.310793, 32.708431], [35.310766, 32.708224], [35.31196, 32.708158], [35.312349, 32.707971], [35.312152, 32.707629], [35.312317, 32.707278], [35.312113, 32.707032], [35.313094, 32.705771], [35.313122, 32.705368], [35.313376, 32.705481], [35.314602, 32.705384]]]}}, {"type": "Feature", "properties": {"kind": "scrub", "kindKo": "관목지(마키·가리그)", "areaHa": 0.78, "osmId": "way/618744630", "name": null, "nameEn": null}, "geometry": {"type": "Polygon", "coordinates": [[[35.312212, 32.706598], [35.312118, 32.70677], [35.311936, 32.706666], [35.3117, 32.706901], [35.311796, 32.707063], [35.311513, 32.707204], [35.310284, 32.707271], [35.310034, 32.70715], [35.310659, 32.706829], [35.311147, 32.706886], [35.311542, 32.706768], [35.311928, 32.70637], [35.312212, 32.706598]]]}}, {"type": "Feature", "properties": {"kind": "forest", "kindKo": "숲(조림지)", "areaHa": 3.86, "osmId": "way/619226488", "name": null, "nameEn": null}, "geometry": {"type": "Polygon", "coordinates": [[[35.248603, 32.708779], [35.24767, 32.708995], [35.246962, 32.709726], [35.245835, 32.710611], [35.245857, 32.711171], [35.247906, 32.709961], [35.248668, 32.709645], [35.249547, 32.709862], [35.250039, 32.70883], [35.249244, 32.708526], [35.248603, 32.708779]]]}}, {"type": "Feature", "properties": {"kind": "scrub", "kindKo": "관목지(마키·가리그)", "areaHa": 0.46, "osmId": "way/619418774", "name": null, "nameEn": null}, "geometry": {"type": "Polygon", "coordinates": [[[35.253399, 32.711704], [35.253346, 32.711496], [35.254048, 32.709993], [35.25444, 32.709799], [35.253689, 32.711523], [35.253399, 32.711704]]]}}, {"type": "Feature", "properties": {"kind": "scrub", "kindKo": "관목지(마키·가리그)", "areaHa": 0.48, "osmId": "way/619418775", "name": null, "nameEn": null}, "geometry": {"type": "Polygon", "coordinates": [[[35.252477, 32.709736], [35.251833, 32.710467], [35.251983, 32.710575], [35.251312, 32.710986], [35.252047, 32.710648], [35.253061, 32.709857], [35.252477, 32.709736]]]}}, {"type": "Feature", "properties": {"kind": "scrub", "kindKo": "관목지(마키·가리그)", "areaHa": 4.3, "osmId": "way/619418776", "name": null, "nameEn": null}, "geometry": {"type": "Polygon", "coordinates": [[[35.246469, 32.716334], [35.247584, 32.71559], [35.247853, 32.714592], [35.248152, 32.714402], [35.24826, 32.714646], [35.249221, 32.715044], [35.248512, 32.715851], [35.250448, 32.716357], [35.250149, 32.716732], [35.249719, 32.716939], [35.249564, 32.716768], [35.249344, 32.716853], [35.249199, 32.716704], [35.249054, 32.716831], [35.248802, 32.71661], [35.248491, 32.716551], [35.247681, 32.716704], [35.247541, 32.716881], [35.247279, 32.716515], [35.246725, 32.71679], [35.246469, 32.716334]]]}}, {"type": "Feature", "properties": {"kind": "scrub", "kindKo": "관목지(마키·가리그)", "areaHa": 0.81, "osmId": "way/619418779", "name": null, "nameEn": null}, "geometry": {"type": "Polygon", "coordinates": [[[35.253818, 32.716278], [35.254337, 32.71607], [35.255131, 32.715914], [35.255277, 32.715973], [35.254854, 32.716446], [35.255017, 32.71659], [35.254599, 32.717256], [35.254361, 32.716566], [35.253818, 32.716278]]]}}, {"type": "Feature", "properties": {"kind": "scrub", "kindKo": "관목지(마키·가리그)", "areaHa": 5.82, "osmId": "way/619418780", "name": null, "nameEn": null}, "geometry": {"type": "Polygon", "coordinates": [[[35.248668, 32.713085], [35.249376, 32.713798], [35.249784, 32.714412], [35.251328, 32.713311], [35.251597, 32.712706], [35.251129, 32.71262], [35.25172, 32.711861], [35.251044, 32.711627], [35.250706, 32.711298], [35.249853, 32.711681], [35.249241, 32.711753], [35.249016, 32.711482], [35.247804, 32.711464], [35.247659, 32.711613], [35.247724, 32.711785], [35.248158, 32.712385], [35.249188, 32.711897], [35.250261, 32.711807], [35.250942, 32.712291], [35.250464, 32.712376], [35.249574, 32.712213], [35.249241, 32.712295], [35.249129, 32.712597], [35.248668, 32.713085]]]}}, {"type": "Feature", "properties": {"kind": "forest", "kindKo": "숲(조림지)", "areaHa": 1.16, "osmId": "way/619418781", "name": null, "nameEn": null}, "geometry": {"type": "Polygon", "coordinates": [[[35.250916, 32.718316], [35.250712, 32.718266], [35.250749, 32.718104], [35.250524, 32.718063], [35.249537, 32.71809], [35.249988, 32.717557], [35.250444, 32.717494], [35.250406, 32.716872], [35.250181, 32.716844], [35.250567, 32.716393], [35.250444, 32.716614], [35.251119, 32.717643], [35.250916, 32.718316]]]}}, {"type": "Feature", "properties": {"kind": "forest", "kindKo": "숲(조림지)", "areaHa": 0.56, "osmId": "way/619419112", "name": null, "nameEn": null}, "geometry": {"type": "Polygon", "coordinates": [[[35.265296, 32.714909], [35.264876, 32.714829], [35.263978, 32.714995], [35.263368, 32.714959], [35.263488, 32.714763], [35.264515, 32.714517], [35.264774, 32.714647], [35.265147, 32.714565], [35.265296, 32.714909]]]}}, {"type": "Feature", "properties": {"kind": "scrub", "kindKo": "관목지(마키·가리그)", "areaHa": 1.72, "osmId": "way/619420968", "name": null, "nameEn": null}, "geometry": {"type": "Polygon", "coordinates": [[[35.254834, 32.719407], [35.254526, 32.719139], [35.254869, 32.718829], [35.254725, 32.71858], [35.253767, 32.71865], [35.253119, 32.718493], [35.252838, 32.71823], [35.252595, 32.71832], [35.252466, 32.718555], [35.252777, 32.719025], [35.253195, 32.718799], [35.253404, 32.719047], [35.253608, 32.718947], [35.25349, 32.719661], [35.253818, 32.71981], [35.254064, 32.71953], [35.25459, 32.719458], [35.254759, 32.719564], [35.254834, 32.719407]]]}}, {"type": "Feature", "properties": {"kind": "scrub", "kindKo": "관목지(마키·가리그)", "areaHa": 2.49, "osmId": "way/619420979", "name": null, "nameEn": null}, "geometry": {"type": "Polygon", "coordinates": [[[35.26986, 32.712044], [35.269422, 32.712387], [35.27016, 32.712146], [35.270634, 32.71229], [35.270243, 32.713312], [35.26966, 32.713131], [35.269038, 32.713566], [35.269054, 32.713844], [35.270372, 32.713626], [35.270533, 32.713383], [35.270441, 32.713179], [35.270613, 32.712791], [35.271574, 32.711388], [35.271525, 32.711202], [35.271718, 32.710868], [35.271628, 32.710675], [35.271053, 32.710634], [35.271123, 32.71081], [35.26986, 32.712044]]]}}, {"type": "Feature", "properties": {"kind": "scrub", "kindKo": "관목지(마키·가리그)", "areaHa": 2.98, "osmId": "way/619421434", "name": null, "nameEn": null}, "geometry": {"type": "Polygon", "coordinates": [[[35.260442, 32.725555], [35.261145, 32.725451], [35.261188, 32.72574], [35.261654, 32.725744], [35.261886, 32.725527], [35.262116, 32.724464], [35.260236, 32.72504], [35.25946, 32.72504], [35.259476, 32.725192], [35.259154, 32.725241], [35.25912, 32.725107], [35.258351, 32.725302], [35.258495, 32.725866], [35.259944, 32.725667], [35.260126, 32.726137], [35.260759, 32.726037], [35.260442, 32.725555]]]}}, {"type": "Feature", "properties": {"kind": "scrub", "kindKo": "관목지(마키·가리그)", "areaHa": 1.76, "osmId": "way/619422167", "name": null, "nameEn": null}, "geometry": {"type": "Polygon", "coordinates": [[[35.265448, 32.727003], [35.266349, 32.726841], [35.266446, 32.726462], [35.266864, 32.726335], [35.267229, 32.726362], [35.267272, 32.725911], [35.267046, 32.725893], [35.267068, 32.72573], [35.267475, 32.725424], [35.268216, 32.726028], [35.269203, 32.726588], [35.267733, 32.726561], [35.266413, 32.727003], [35.265619, 32.727129], [35.265448, 32.727003]]]}}, {"type": "Feature", "properties": {"kind": "scrub", "kindKo": "관목지(마키·가리그)", "areaHa": 4.34, "osmId": "way/619422168", "name": null, "nameEn": null}, "geometry": {"type": "Polygon", "coordinates": [[[35.255835, 32.726895], [35.256017, 32.726976], [35.256071, 32.726398], [35.256865, 32.726507], [35.257234, 32.726719], [35.257165, 32.726173], [35.256006, 32.725225], [35.256843, 32.724187], [35.257315, 32.72407], [35.257508, 32.723817], [35.25797, 32.723745], [35.257916, 32.723573], [35.258327, 32.723388], [35.257952, 32.722822], [35.2582, 32.722426], [35.258124, 32.722078], [35.257338, 32.722637], [35.256923, 32.722468], [35.256591, 32.723118], [35.256784, 32.723235], [35.256489, 32.723727], [35.256317, 32.7237], [35.255942, 32.724467], [35.255813, 32.724756], [35.255835, 32.726895]]]}}, {"type": "Feature", "properties": {"kind": "scrub", "kindKo": "관목지(마키·가리그)", "areaHa": 0.26, "osmId": "way/619422169", "name": null, "nameEn": null}, "geometry": {"type": "Polygon", "coordinates": [[[35.256967, 32.721665], [35.257408, 32.722173], [35.2576, 32.721638], [35.257314, 32.721387], [35.256967, 32.721665]]]}}, {"type": "Feature", "properties": {"kind": "scrub", "kindKo": "관목지(마키·가리그)", "areaHa": 14.82, "osmId": "way/619426861", "name": null, "nameEn": null}, "geometry": {"type": "Polygon", "coordinates": [[[35.248453, 32.693422], [35.248608, 32.694554], [35.248158, 32.694482], [35.248507, 32.694749], [35.24863, 32.695277], [35.248839, 32.695336], [35.248925, 32.695634], [35.249816, 32.695859], [35.250792, 32.696293], [35.252326, 32.697304], [35.252863, 32.697313], [35.253554, 32.696216], [35.254172, 32.696338], [35.254655, 32.696293], [35.254252, 32.695475], [35.253764, 32.694948], [35.2537, 32.694343], [35.254515, 32.693268], [35.254472, 32.692799], [35.25533, 32.693015], [35.255249, 32.692848], [35.254472, 32.692555], [35.253404, 32.692442], [35.252095, 32.692676], [35.252305, 32.692763], [35.252385, 32.693028], [35.252187, 32.693241], [35.252691, 32.693142], [35.253013, 32.69372], [35.252949, 32.693909], [35.251951, 32.694297], [35.252122, 32.695336], [35.251607, 32.695011], [35.251162, 32.694428], [35.250642, 32.69493], [35.250475, 32.695674], [35.250057, 32.695475], [35.250095, 32.695191], [35.249451, 32.693304], [35.248453, 32.693422]]]}}, {"type": "Feature", "properties": {"kind": "scrub", "kindKo": "관목지(마키·가리그)", "areaHa": 1.19, "osmId": "way/619426864", "name": null, "nameEn": null}, "geometry": {"type": "Polygon", "coordinates": [[[35.253383, 32.700965], [35.253028, 32.700206], [35.253436, 32.699818], [35.25349, 32.699349], [35.254434, 32.699358], [35.254595, 32.699755], [35.253543, 32.700089], [35.253844, 32.700929], [35.253383, 32.700965]]]}}, {"type": "Feature", "properties": {"kind": "scrub", "kindKo": "관목지(마키·가리그)", "areaHa": 3.04, "osmId": "way/619426867", "name": null, "nameEn": null}, "geometry": {"type": "Polygon", "coordinates": [[[35.257916, 32.698388], [35.259075, 32.698956], [35.260298, 32.699074], [35.260324, 32.698662], [35.260534, 32.698451], [35.26071, 32.698401], [35.260759, 32.698496], [35.26166, 32.698153], [35.262369, 32.697656], [35.262255, 32.697534], [35.260888, 32.697665], [35.260496, 32.697958], [35.2593, 32.698505], [35.259568, 32.69781], [35.260474, 32.696496], [35.259734, 32.696116], [35.25974, 32.696907], [35.259161, 32.698532], [35.257916, 32.698388]]]}}, {"type": "Feature", "properties": {"kind": "scrub", "kindKo": "관목지(마키·가리그)", "areaHa": 3.3, "osmId": "way/619426868", "name": null, "nameEn": null}, "geometry": {"type": "Polygon", "coordinates": [[[35.256013, 32.696349], [35.255743, 32.696243], [35.255475, 32.695945], [35.255191, 32.695291], [35.25481, 32.695195], [35.254526, 32.69483], [35.254938, 32.694274], [35.255341, 32.694379], [35.25532, 32.694478], [35.255882, 32.695006], [35.255614, 32.69543], [35.256071, 32.695905], [35.256811, 32.694532], [35.256875, 32.694144], [35.257358, 32.694532], [35.257208, 32.694984], [35.257347, 32.696401], [35.256013, 32.696349]]]}}, {"type": "Feature", "properties": {"kind": "scrub", "kindKo": "관목지(마키·가리그)", "areaHa": 1.04, "osmId": "way/619426941", "name": null, "nameEn": null}, "geometry": {"type": "Polygon", "coordinates": [[[35.262819, 32.698135], [35.263167, 32.697543], [35.264632, 32.698207], [35.264225, 32.698686], [35.262819, 32.698135]]]}}, {"type": "Feature", "properties": {"kind": "scrub", "kindKo": "관목지(마키·가리그)", "areaHa": 0.86, "osmId": "way/619429513", "name": null, "nameEn": null}, "geometry": {"type": "Polygon", "coordinates": [[[35.256157, 32.731236], [35.256236, 32.730356], [35.257015, 32.730297], [35.257358, 32.731047], [35.256157, 32.731236]]]}}, {"type": "Feature", "properties": {"kind": "scrub", "kindKo": "관목지(마키·가리그)", "areaHa": 13.33, "osmId": "way/619429520", "name": null, "nameEn": null}, "geometry": {"type": "Polygon", "coordinates": [[[35.251983, 32.734783], [35.251597, 32.734867], [35.251758, 32.734359], [35.252058, 32.734232], [35.251414, 32.731543], [35.251854, 32.73102], [35.251575, 32.730758], [35.252202, 32.730058], [35.251752, 32.729697], [35.250878, 32.730586], [35.250738, 32.73046], [35.250936, 32.730122], [35.250625, 32.729995], [35.250803, 32.72963], [35.250346, 32.729499], [35.249585, 32.728668], [35.24996, 32.728082], [35.250502, 32.728077], [35.250835, 32.728267], [35.251114, 32.72824], [35.25239, 32.727719], [35.252251, 32.728438], [35.251039, 32.72851], [35.250717, 32.729413], [35.251683, 32.729512], [35.251704, 32.72916], [35.251811, 32.729124], [35.252702, 32.729205], [35.252835, 32.728623], [35.254, 32.728492], [35.254826, 32.728032], [35.255556, 32.728158], [35.255609, 32.727482], [35.255727, 32.727472], [35.256232, 32.728601], [35.256118, 32.729544], [35.256253, 32.729585], [35.256081, 32.730243], [35.255223, 32.730108], [35.255164, 32.730582], [35.25532, 32.730613], [35.255292, 32.730907], [35.254395, 32.730767], [35.254238, 32.730355], [35.254311, 32.729693], [35.25415, 32.729142], [35.25312, 32.729079], [35.253114, 32.729806], [35.252755, 32.730207], [35.252481, 32.731087], [35.252026, 32.731101], [35.251988, 32.732477], [35.252155, 32.732509], [35.25223, 32.733122], [35.25326, 32.732897], [35.253388, 32.733375], [35.252412, 32.734205], [35.251983, 32.734783]]]}}, {"type": "Feature", "properties": {"kind": "forest", "kindKo": "숲(조림지)", "areaHa": 1.26, "osmId": "way/619429521", "name": null, "nameEn": null}, "geometry": {"type": "Polygon", "coordinates": [[[35.254687, 32.733926], [35.255073, 32.733565], [35.255416, 32.733619], [35.255996, 32.733321], [35.256232, 32.732942], [35.256392, 32.733754], [35.256114, 32.734106], [35.256129, 32.734408], [35.255062, 32.734269], [35.254687, 32.733926]]]}}, {"type": "Feature", "properties": {"kind": "forest", "kindKo": "숲(조림지)", "areaHa": 535.02, "osmId": "way/619431916", "name": null, "nameEn": null}, "geometry": {"type": "Polygon", "coordinates": [[[35.253015, 32.769489], [35.256065, 32.770988], [35.257878, 32.77143], [35.264122, 32.77198], [35.264787, 32.771259], [35.265737, 32.77074], [35.266124, 32.770397], [35.266435, 32.769784], [35.266295, 32.769188], [35.266386, 32.767966], [35.266585, 32.767433], [35.266982, 32.766798], [35.26762, 32.766171], [35.26806, 32.765142], [35.268467, 32.76489], [35.268816, 32.764055], [35.268924, 32.764028], [35.269192, 32.764217], [35.269519, 32.76525], [35.270216, 32.765485], [35.270377, 32.765693], [35.271499, 32.764885], [35.271724, 32.764804], [35.271906, 32.765056], [35.272325, 32.765995], [35.271456, 32.766473], [35.271628, 32.767925], [35.273366, 32.769044], [35.273333, 32.769215], [35.272394, 32.769951], [35.272823, 32.769869], [35.273617, 32.770194], [35.273982, 32.770194], [35.275688, 32.769806], [35.275935, 32.768913], [35.276482, 32.767722], [35.276353, 32.767055], [35.274889, 32.767032], [35.274567, 32.766383], [35.274336, 32.765729], [35.27432, 32.763667], [35.274958, 32.763392], [35.274889, 32.762675], [35.275039, 32.761754], [35.273752, 32.75893], [35.272014, 32.757469], [35.271005, 32.757018], [35.270077, 32.756779], [35.269765, 32.757157], [35.268875, 32.757302], [35.268929, 32.756815], [35.268231, 32.756481], [35.267094, 32.755425], [35.265613, 32.754649], [35.265689, 32.754108], [35.264568, 32.753814], [35.263559, 32.75376], [35.263313, 32.753833], [35.263044, 32.754211], [35.262309, 32.754649], [35.261976, 32.754649], [35.261751, 32.754378], [35.260678, 32.753801], [35.256945, 32.752646], [35.256687, 32.752339], [35.256676, 32.751419], [35.255925, 32.750941], [35.255003, 32.750787], [35.25438, 32.7503], [35.25393, 32.750174], [35.252717, 32.75011], [35.251119, 32.750192], [35.25128, 32.74984], [35.25452, 32.749831], [35.256108, 32.750589], [35.257009, 32.750751], [35.257465, 32.74998], [35.257133, 32.749619], [35.256918, 32.749853], [35.255303, 32.749425], [35.255239, 32.748937], [35.254842, 32.748558], [35.254413, 32.748378], [35.254767, 32.747999], [35.256988, 32.7479], [35.25717, 32.747683], [35.257208, 32.746984], [35.256757, 32.746542], [35.255395, 32.74619], [35.254616, 32.746194], [35.254515, 32.746018], [35.254923, 32.745612], [35.252981, 32.746316], [35.251741, 32.746934], [35.248834, 32.748757], [35.245584, 32.751274], [35.245957, 32.75156], [35.246233, 32.751493], [35.246729, 32.751586], [35.246819, 32.75175], [35.245558, 32.754118], [35.244373, 32.754444], [35.243464, 32.754162], [35.242596, 32.754145], [35.240959, 32.75501], [35.23656, 32.756174], [35.234995, 32.756819], [35.2343, 32.757329], [35.233983, 32.757734], [35.233916, 32.758086], [35.234148, 32.758646], [35.235962, 32.760187], [35.23938, 32.762374], [35.239883, 32.762095], [35.239534, 32.76107], [35.239443, 32.760173], [35.241198, 32.760064], [35.24208, 32.759737], [35.242147, 32.760243], [35.242332, 32.760235], [35.242591, 32.760584], [35.24266, 32.759719], [35.243316, 32.759281], [35.243285, 32.759173], [35.242861, 32.759112], [35.242671, 32.758972], [35.242524, 32.75866], [35.242755, 32.757948], [35.243163, 32.757532], [35.243581, 32.758248], [35.243778, 32.757703], [35.244235, 32.757474], [35.244763, 32.756977], [35.24504, 32.756406], [35.245784, 32.756762], [35.245966, 32.757016], [35.245446, 32.757542], [35.24593, 32.757924], [35.24604, 32.758584], [35.246772, 32.758828], [35.246955, 32.759169], [35.247277, 32.759259], [35.247463, 32.759714], [35.247972, 32.759777], [35.248141, 32.759529], [35.248464, 32.759441], [35.249336, 32.759614], [35.249549, 32.759496], [35.249505, 32.759327], [35.249207, 32.759188], [35.249269, 32.758873], [35.249629, 32.758772], [35.250048, 32.758924], [35.250411, 32.75942], [35.249969, 32.760194], [35.24998, 32.760744], [35.249246, 32.761198], [35.248229, 32.761171], [35.245874, 32.760861], [35.245927, 32.761521], [35.245216, 32.761548], [35.24542, 32.761993], [35.243938, 32.762497], [35.242967, 32.762462], [35.241894, 32.762623], [35.239804, 32.762576], [35.240654, 32.763027], [35.242992, 32.763884], [35.243808, 32.764046], [35.244263, 32.763933], [35.244864, 32.764204], [35.244741, 32.764434], [35.24487, 32.764533], [35.24701, 32.765377], [35.249065, 32.766401], [35.251273, 32.768145], [35.252367, 32.768064], [35.254173, 32.767426], [35.254484, 32.767138], [35.255656, 32.766686], [35.25681, 32.766066], [35.257434, 32.765216], [35.258393, 32.764899], [35.259226, 32.764468], [35.260111, 32.763759], [35.260543, 32.762807], [35.260982, 32.762834], [35.261625, 32.763384], [35.2615, 32.763676], [35.259211, 32.765059], [35.258225, 32.765519], [35.257022, 32.76644], [35.255272, 32.767216], [35.254086, 32.767953], [35.253468, 32.76867], [35.253015, 32.769489]]]}}, {"type": "Feature", "properties": {"kind": "scrub", "kindKo": "관목지(마키·가리그)", "areaHa": 15.91, "osmId": "way/619883602", "name": null, "nameEn": null}, "geometry": {"type": "Polygon", "coordinates": [[[35.307496, 32.726039], [35.307924, 32.727428], [35.306219, 32.728783], [35.305864, 32.728628], [35.305575, 32.728828], [35.304683, 32.728989], [35.304716, 32.72916], [35.305114, 32.729388], [35.305327, 32.729765], [35.305982, 32.729801], [35.306314, 32.728881], [35.306743, 32.728926], [35.307183, 32.728817], [35.307312, 32.729034], [35.308245, 32.728772], [35.308202, 32.729016], [35.309361, 32.72889], [35.310885, 32.728357], [35.311314, 32.728375], [35.312184, 32.728187], [35.312077, 32.727862], [35.311078, 32.727771], [35.311078, 32.727635], [35.311743, 32.727608], [35.3117, 32.727247], [35.312109, 32.727212], [35.312184, 32.727727], [35.312699, 32.727925], [35.312666, 32.72815], [35.313202, 32.728068], [35.313191, 32.727825], [35.312869, 32.727446], [35.31406, 32.727211], [35.313706, 32.726633], [35.314211, 32.726435], [35.314146, 32.726164], [35.313728, 32.726227], [35.313555, 32.725507], [35.313356, 32.725436], [35.312969, 32.725573], [35.312926, 32.725927], [35.312364, 32.725977], [35.310957, 32.726479], [35.310277, 32.726577], [35.310494, 32.726734], [35.310226, 32.727055], [35.309702, 32.726743], [35.309228, 32.726962], [35.308685, 32.726245], [35.308081, 32.725986], [35.308092, 32.725336], [35.307549, 32.725024], [35.307496, 32.726039]]]}}, {"type": "Feature", "properties": {"kind": "scrub", "kindKo": "관목지(마키·가리그)", "areaHa": 5.53, "osmId": "way/619883612", "name": null, "nameEn": null}, "geometry": {"type": "Polygon", "coordinates": [[[35.303343, 32.723048], [35.302626, 32.72462], [35.302399, 32.724792], [35.302047, 32.724989], [35.301224, 32.724508], [35.301202, 32.725203], [35.300656, 32.725064], [35.301003, 32.725812], [35.301434, 32.725723], [35.303215, 32.724938], [35.303311, 32.725019], [35.304115, 32.724891], [35.304308, 32.725478], [35.305103, 32.725181], [35.30506, 32.724369], [35.304856, 32.724469], [35.304674, 32.724171], [35.304781, 32.723999], [35.304286, 32.722842], [35.303664, 32.722626], [35.303343, 32.723048]]]}}, {"type": "Feature", "properties": {"kind": "scrub", "kindKo": "관목지(마키·가리그)", "areaHa": 1.74, "osmId": "way/619883614", "name": null, "nameEn": null}, "geometry": {"type": "Polygon", "coordinates": [[[35.299727, 32.727401], [35.299641, 32.727238], [35.299352, 32.727357], [35.298923, 32.726373], [35.299685, 32.726039], [35.300284, 32.725956], [35.300649, 32.726354], [35.300585, 32.726805], [35.299727, 32.727401]]]}}, {"type": "Feature", "properties": {"kind": "scrub", "kindKo": "관목지(마키·가리그)", "areaHa": 3.63, "osmId": "way/619883620", "name": null, "nameEn": null}, "geometry": {"type": "Polygon", "coordinates": [[[35.299523, 32.721868], [35.299652, 32.722653], [35.299351, 32.722996], [35.298794, 32.723295], [35.298343, 32.723348], [35.297732, 32.723178], [35.297205, 32.722815], [35.296647, 32.722797], [35.296702, 32.723376], [35.297099, 32.72343], [35.297914, 32.724207], [35.29771, 32.724341], [35.296305, 32.723846], [35.296216, 32.723558], [35.296282, 32.721878], [35.297399, 32.722047], [35.297457, 32.721724], [35.29786, 32.721844], [35.29746, 32.722842], [35.29847, 32.723043], [35.299177, 32.722546], [35.298909, 32.72187], [35.299523, 32.721868]]]}}, {"type": "Feature", "properties": {"kind": "scrub", "kindKo": "관목지(마키·가리그)", "areaHa": 0.9, "osmId": "way/619883624", "name": null, "nameEn": null}, "geometry": {"type": "Polygon", "coordinates": [[[35.312404, 32.712883], [35.313632, 32.712635], [35.313976, 32.712463], [35.313395, 32.712299], [35.312934, 32.711875], [35.31258, 32.711812], [35.31243, 32.71211], [35.312505, 32.712498], [35.312404, 32.712883]]]}}, {"type": "Feature", "properties": {"kind": "scrub", "kindKo": "관목지(마키·가리그)", "areaHa": 1.62, "osmId": "way/619883625", "name": null, "nameEn": null}, "geometry": {"type": "Polygon", "coordinates": [[[35.297474, 32.728141], [35.298547, 32.727879], [35.298997, 32.727599], [35.298525, 32.726516], [35.298128, 32.726733], [35.298396, 32.727707], [35.298065, 32.727808], [35.297786, 32.726824], [35.297431, 32.726877], [35.297645, 32.727671], [35.296873, 32.727635], [35.296605, 32.727888], [35.296638, 32.72807], [35.297334, 32.727951], [35.297474, 32.728141]]]}}, {"type": "Feature", "properties": {"kind": "scrub", "kindKo": "관목지(마키·가리그)", "areaHa": 4.37, "osmId": "way/619884455", "name": null, "nameEn": null}, "geometry": {"type": "Polygon", "coordinates": [[[35.313032, 32.716616], [35.31339, 32.716885], [35.31374, 32.71599], [35.315102, 32.714693], [35.313669, 32.714718], [35.313406, 32.71496], [35.313023, 32.715086], [35.313083, 32.715224], [35.312699, 32.715715], [35.31257, 32.716221], [35.311949, 32.716856], [35.311829, 32.716754], [35.311689, 32.71693], [35.311023, 32.717126], [35.311353, 32.71785], [35.311851, 32.717627], [35.312215, 32.718149], [35.312474, 32.717988], [35.312838, 32.717518], [35.312549, 32.717184], [35.313032, 32.716616]]]}}, {"type": "Feature", "properties": {"kind": "scrub", "kindKo": "관목지(마키·가리그)", "areaHa": 4.64, "osmId": "way/619885002", "name": null, "nameEn": null}, "geometry": {"type": "Polygon", "coordinates": [[[35.325798, 32.724296], [35.325336, 32.724142], [35.324339, 32.724115], [35.323438, 32.724505], [35.322075, 32.724819], [35.321805, 32.725027], [35.32067, 32.724538], [35.321555, 32.724658], [35.321816, 32.724875], [35.322307, 32.72467], [35.322397, 32.724508], [35.322872, 32.724469], [35.324274, 32.724018], [35.324243, 32.723692], [35.324036, 32.723689], [35.323979, 32.723235], [35.324629, 32.723148], [35.325197, 32.722451], [35.325008, 32.722116], [35.325905, 32.722129], [35.325917, 32.721761], [35.326452, 32.72166], [35.32642, 32.72305], [35.325798, 32.724296]]]}}, {"type": "Feature", "properties": {"kind": "scrub", "kindKo": "관목지(마키·가리그)", "areaHa": 14.58, "osmId": "way/619885375", "name": null, "nameEn": null}, "geometry": {"type": "Polygon", "coordinates": [[[35.320315, 32.713662], [35.320106, 32.713811], [35.320299, 32.714105], [35.320432, 32.71408], [35.320241, 32.714411], [35.319611, 32.71468], [35.319402, 32.714536], [35.319024, 32.714779], [35.318809, 32.713998], [35.31928, 32.713897], [35.319587, 32.713637], [35.319222, 32.713429], [35.318137, 32.713838], [35.318304, 32.714344], [35.317744, 32.714616], [35.315466, 32.715164], [35.315317, 32.714946], [35.315603, 32.714464], [35.315445, 32.713709], [35.315766, 32.712696], [35.315692, 32.712472], [35.315445, 32.712382], [35.314253, 32.712372], [35.313642, 32.712146], [35.312891, 32.711622], [35.312463, 32.711669], [35.312224, 32.711896], [35.311964, 32.711666], [35.312527, 32.711362], [35.312987, 32.711279], [35.315435, 32.711127], [35.315863, 32.711749], [35.31568, 32.712263], [35.316229, 32.712644], [35.3167, 32.711722], [35.31684, 32.710929], [35.317805, 32.71053], [35.31684, 32.712039], [35.317343, 32.712353], [35.3198, 32.712119], [35.319972, 32.712534], [35.319984, 32.713077], [35.320315, 32.713662]]]}}, {"type": "Feature", "properties": {"kind": "scrub", "kindKo": "관목지(마키·가리그)", "areaHa": 13.13, "osmId": "way/619885379", "name": null, "nameEn": null}, "geometry": {"type": "Polygon", "coordinates": [[[35.323244, 32.715657], [35.325175, 32.715152], [35.32539, 32.714926], [35.326013, 32.715144], [35.326441, 32.715549], [35.326786, 32.715424], [35.326496, 32.71583], [35.32671, 32.716082], [35.326935, 32.716064], [35.327332, 32.715793], [35.327966, 32.71574], [35.327869, 32.715975], [35.326936, 32.716516], [35.327257, 32.717111], [35.327965, 32.71767], [35.327033, 32.719378], [35.325827, 32.718657], [35.326073, 32.717328], [35.325152, 32.717261], [35.324857, 32.717429], [35.324849, 32.718115], [35.324585, 32.718293], [35.324278, 32.718141], [35.322957, 32.71825], [35.32298, 32.718585], [35.322769, 32.718565], [35.322679, 32.718036], [35.322085, 32.718056], [35.322753, 32.717732], [35.322965, 32.717968], [35.323649, 32.717307], [35.323589, 32.717061], [35.323735, 32.717025], [35.323598, 32.716592], [35.323373, 32.716641], [35.323126, 32.716267], [35.322412, 32.716405], [35.322122, 32.716266], [35.322162, 32.716035], [35.323244, 32.715657]]]}}, {"type": "Feature", "properties": {"kind": "scrub", "kindKo": "관목지(마키·가리그)", "areaHa": 0.7, "osmId": "way/619885500", "name": null, "nameEn": null}, "geometry": {"type": "Polygon", "coordinates": [[[35.328947, 32.716736], [35.329887, 32.71565], [35.330021, 32.715018], [35.329558, 32.715075], [35.328947, 32.716736]]]}}, {"type": "Feature", "properties": {"kind": "scrub", "kindKo": "관목지(마키·가리그)", "areaHa": 206.05, "osmId": "way/620394613", "name": null, "nameEn": null}, "geometry": {"type": "Polygon", "coordinates": [[[35.27402, 32.757559], [35.273612, 32.756919], [35.273612, 32.756665], [35.273097, 32.756459], [35.273269, 32.756195], [35.273162, 32.75608], [35.272486, 32.755899], [35.271005, 32.754797], [35.269836, 32.755158], [35.269181, 32.755176], [35.268323, 32.754662], [35.268527, 32.754095], [35.268817, 32.75377], [35.269182, 32.753652], [35.271231, 32.753698], [35.271456, 32.753588], [35.271842, 32.752994], [35.272497, 32.752785], [35.271371, 32.753986], [35.271564, 32.754176], [35.272057, 32.754275], [35.272422, 32.753851], [35.273366, 32.753859], [35.273612, 32.75358], [35.273934, 32.753607], [35.274492, 32.753319], [35.274224, 32.754104], [35.274449, 32.754365], [35.277078, 32.755376], [35.277539, 32.755755], [35.278837, 32.755737], [35.280672, 32.754798], [35.280972, 32.754266], [35.281294, 32.754266], [35.282035, 32.753887], [35.28167, 32.753436], [35.281133, 32.753723], [35.281541, 32.753308], [35.281487, 32.753192], [35.281981, 32.752902], [35.282133, 32.752623], [35.282024, 32.752406], [35.28226, 32.751919], [35.282539, 32.751603], [35.282914, 32.751415], [35.283279, 32.750953], [35.283515, 32.750896], [35.283859, 32.75133], [35.284524, 32.751351], [35.285661, 32.750926], [35.285564, 32.750684], [35.285876, 32.750376], [35.286337, 32.75026], [35.286133, 32.749917], [35.287839, 32.749321], [35.290607, 32.748762], [35.290746, 32.749311], [35.290596, 32.749547], [35.293987, 32.749971], [35.295338, 32.749673], [35.2958, 32.749437], [35.296315, 32.749791], [35.296197, 32.750024], [35.297269, 32.750431], [35.298965, 32.751514], [35.29904, 32.75181], [35.298503, 32.751956], [35.29846, 32.752218], [35.29786, 32.752218], [35.29801, 32.752876], [35.299447, 32.752767], [35.300091, 32.753273], [35.300617, 32.754022], [35.300623, 32.754349], [35.299911, 32.754838], [35.298571, 32.755714], [35.297716, 32.755997], [35.297123, 32.755431], [35.297713, 32.754576], [35.299013, 32.754235], [35.298783, 32.753758], [35.296724, 32.754274], [35.296839, 32.754592], [35.29647, 32.75517], [35.29583, 32.754897], [35.295886, 32.7547], [35.295515, 32.754628], [35.29488, 32.755221], [35.289906, 32.756881], [35.289906, 32.757167], [35.289772, 32.757154], [35.289697, 32.756553], [35.289075, 32.756162], [35.287816, 32.756189], [35.286618, 32.756579], [35.286938, 32.757258], [35.286511, 32.757699], [35.285498, 32.759629], [35.284944, 32.760115], [35.284412, 32.760884], [35.284239, 32.761646], [35.284503, 32.762713], [35.285007, 32.763285], [35.28548, 32.763545], [35.285693, 32.763311], [35.286144, 32.763467], [35.286315, 32.764389], [35.286895, 32.764597], [35.287345, 32.764633], [35.288075, 32.764254], [35.288601, 32.764334], [35.289952, 32.764153], [35.291068, 32.763478], [35.291562, 32.763495], [35.2908, 32.764109], [35.290457, 32.764642], [35.289813, 32.765021], [35.289298, 32.766329], [35.28845, 32.766851], [35.285575, 32.76751], [35.283944, 32.767546], [35.283676, 32.767452], [35.283041, 32.766243], [35.28261, 32.766044], [35.282176, 32.763471], [35.282318, 32.76301], [35.282744, 32.762785], [35.283215, 32.762167], [35.283766, 32.760705], [35.283991, 32.760498], [35.284265, 32.759784], [35.284721, 32.759102], [35.284626, 32.75815], [35.284708, 32.757356], [35.283797, 32.75677], [35.283286, 32.756918], [35.283219, 32.757427], [35.283406, 32.758378], [35.283249, 32.758932], [35.280964, 32.761917], [35.280866, 32.762923], [35.280474, 32.763582], [35.279998, 32.76423], [35.278414, 32.764467], [35.278279, 32.76383], [35.277464, 32.761881], [35.278119, 32.761502], [35.278301, 32.761004], [35.278279, 32.760203], [35.278011, 32.760031], [35.277743, 32.760031], [35.276745, 32.760564], [35.275758, 32.758931], [35.276209, 32.758272], [35.277132, 32.757468], [35.277089, 32.756864], [35.276713, 32.756693], [35.276241, 32.756828], [35.276198, 32.757235], [35.275705, 32.757884], [35.274728, 32.758236], [35.275136, 32.758722], [35.275018, 32.758804], [35.274718, 32.758795], [35.273967, 32.758137], [35.27402, 32.757559]]]}}, {"type": "Feature", "properties": {"kind": "scrub", "kindKo": "관목지(마키·가리그)", "areaHa": 25.4, "osmId": "way/620408796", "name": null, "nameEn": null}, "geometry": {"type": "Polygon", "coordinates": [[[35.277335, 32.739846], [35.277582, 32.739855], [35.277647, 32.7397], [35.277518, 32.739467], [35.278129, 32.738572], [35.276885, 32.738267], [35.276992, 32.737509], [35.278279, 32.737798], [35.278633, 32.73776], [35.279307, 32.737265], [35.280748, 32.737663], [35.280774, 32.737875], [35.280188, 32.738557], [35.280868, 32.738956], [35.282195, 32.737832], [35.282594, 32.73723], [35.28283, 32.737128], [35.282921, 32.737197], [35.282584, 32.73779], [35.283042, 32.738692], [35.28358, 32.739214], [35.284395, 32.738763], [35.284234, 32.738294], [35.283719, 32.738944], [35.283483, 32.738935], [35.28359, 32.737383], [35.283172, 32.736993], [35.283429, 32.736823], [35.282464, 32.736128], [35.281895, 32.735902], [35.280811, 32.735695], [35.280726, 32.736091], [35.27902, 32.735596], [35.278247, 32.735523], [35.278215, 32.735397], [35.277078, 32.735415], [35.276702, 32.735153], [35.276606, 32.734801], [35.273924, 32.73435], [35.273612, 32.735008], [35.273602, 32.735668], [35.274009, 32.735704], [35.273806, 32.736011], [35.273956, 32.736307], [35.274138, 32.736444], [35.274482, 32.736424], [35.275082, 32.737219], [35.275941, 32.737843], [35.27593, 32.738202], [35.276348, 32.738996], [35.277335, 32.739639], [35.277335, 32.739846]]]}}, {"type": "Feature", "properties": {"kind": "scrub", "kindKo": "관목지(마키·가리그)", "areaHa": 10.22, "osmId": "way/620408801", "name": null, "nameEn": null}, "geometry": {"type": "Polygon", "coordinates": [[[35.282205, 32.749324], [35.282018, 32.74909], [35.28274, 32.748677], [35.282907, 32.748832], [35.283423, 32.748441], [35.283792, 32.747932], [35.284114, 32.748301], [35.284706, 32.748156], [35.286498, 32.748672], [35.288354, 32.748446], [35.288643, 32.748941], [35.287528, 32.749231], [35.286669, 32.749609], [35.284449, 32.750168], [35.282914, 32.75098], [35.282442, 32.751009], [35.28241, 32.751197], [35.282238, 32.751233], [35.28197, 32.750738], [35.281723, 32.75063], [35.281058, 32.750927], [35.281487, 32.750169], [35.281702, 32.75007], [35.281981, 32.750332], [35.28255, 32.750251], [35.283011, 32.749809], [35.282635, 32.749574], [35.28241, 32.749646], [35.282205, 32.749324]]]}}, {"type": "Feature", "properties": {"kind": "scrub", "kindKo": "관목지(마키·가리그)", "areaHa": 2.04, "osmId": "way/620408802", "name": null, "nameEn": null}, "geometry": {"type": "Polygon", "coordinates": [[[35.301322, 32.73196], [35.309833, 32.733592], [35.309522, 32.733339], [35.305045, 32.732536], [35.302977, 32.732058], [35.300413, 32.731254], [35.300585, 32.731525], [35.301422, 32.73167], [35.301322, 32.73196]]]}}, {"type": "Feature", "properties": {"kind": "scrub", "kindKo": "관목지(마키·가리그)", "areaHa": 112.75, "osmId": "way/620413660", "name": null, "nameEn": null}, "geometry": {"type": "Polygon", "coordinates": [[[35.264236, 32.753725], [35.266233, 32.754114], [35.266908, 32.753689], [35.267723, 32.753905], [35.269643, 32.752958], [35.270791, 32.752732], [35.271607, 32.752732], [35.271874, 32.752894], [35.272689, 32.752713], [35.273727, 32.752193], [35.274805, 32.751859], [35.274856, 32.751551], [35.273919, 32.751664], [35.273839, 32.751313], [35.273725, 32.751472], [35.273195, 32.751255], [35.273293, 32.751144], [35.273042, 32.75071], [35.273725, 32.750443], [35.273774, 32.749889], [35.273401, 32.749643], [35.273372, 32.749466], [35.273772, 32.749337], [35.273642, 32.749145], [35.274293, 32.749058], [35.274331, 32.749228], [35.275005, 32.749241], [35.275005, 32.749525], [35.274531, 32.74953], [35.274521, 32.749678], [35.274361, 32.749683], [35.274356, 32.749924], [35.274642, 32.750072], [35.275103, 32.749904], [35.275305, 32.750283], [35.274942, 32.750467], [35.275396, 32.751162], [35.2762, 32.751023], [35.276291, 32.751145], [35.277178, 32.750769], [35.277455, 32.750439], [35.277076, 32.750214], [35.277285, 32.749819], [35.277864, 32.750114], [35.278166, 32.748984], [35.277715, 32.74875], [35.277686, 32.748425], [35.27734, 32.748444], [35.277398, 32.748752], [35.276203, 32.749216], [35.275998, 32.74904], [35.276101, 32.748828], [35.27595, 32.748851], [35.275475, 32.748169], [35.276313, 32.7477], [35.277633, 32.747213], [35.278272, 32.747108], [35.278504, 32.746982], [35.27859, 32.746596], [35.278886, 32.746529], [35.278808, 32.745852], [35.278692, 32.745755], [35.278395, 32.745969], [35.277834, 32.745649], [35.278553, 32.745098], [35.278269, 32.744646], [35.277743, 32.744781], [35.2768, 32.744242], [35.276345, 32.744173], [35.275999, 32.744411], [35.275551, 32.745069], [35.275325, 32.745185], [35.274702, 32.745199], [35.274258, 32.744981], [35.274092, 32.744763], [35.273426, 32.744807], [35.273153, 32.74471], [35.272428, 32.744177], [35.272054, 32.743625], [35.272089, 32.74397], [35.271896, 32.744151], [35.271434, 32.744339], [35.270522, 32.744438], [35.270287, 32.744259], [35.270244, 32.743654], [35.270383, 32.743057], [35.270094, 32.742969], [35.269397, 32.743248], [35.268849, 32.74369], [35.269675, 32.745468], [35.267358, 32.746659], [35.264976, 32.747109], [35.263989, 32.747074], [35.263935, 32.746938], [35.262959, 32.747091], [35.26268, 32.747219], [35.262379, 32.747768], [35.262112, 32.747832], [35.261682, 32.747849], [35.261414, 32.747714], [35.261178, 32.747309], [35.260212, 32.74775], [35.259247, 32.748022], [35.259137, 32.748105], [35.260153, 32.749269], [35.260539, 32.749927], [35.2616, 32.749707], [35.262508, 32.749721], [35.263362, 32.750639], [35.264423, 32.751343], [35.264627, 32.751772], [35.264521, 32.752147], [35.263958, 32.752457], [35.263318, 32.753707], [35.264236, 32.753725]]]}}, {"type": "Feature", "properties": {"kind": "scrub", "kindKo": "관목지(마키·가리그)", "areaHa": 16.9, "osmId": "way/620425935", "name": null, "nameEn": null}, "geometry": {"type": "Polygon", "coordinates": [[[35.312763, 32.751415], [35.312752, 32.752019], [35.312366, 32.751749], [35.312452, 32.750964], [35.313224, 32.750079], [35.31331, 32.749619], [35.313546, 32.749412], [35.313954, 32.748635], [35.314898, 32.747661], [35.316099, 32.74758], [35.317419, 32.747823], [35.317892, 32.748109], [35.319125, 32.749348], [35.319018, 32.749625], [35.31846, 32.749601], [35.317902, 32.749809], [35.317816, 32.749926], [35.317977, 32.750455], [35.317548, 32.750729], [35.315735, 32.750918], [35.31566, 32.751207], [35.315273, 32.751361], [35.315069, 32.751207], [35.314254, 32.751379], [35.312763, 32.751415]]]}}, {"type": "Feature", "properties": {"kind": "scrub", "kindKo": "관목지(마키·가리그)", "areaHa": 19.89, "osmId": "way/620425938", "name": null, "nameEn": null}, "geometry": {"type": "Polygon", "coordinates": [[[35.319231, 32.745295], [35.319743, 32.744238], [35.319575, 32.744133], [35.319314, 32.744173], [35.319006, 32.743776], [35.317979, 32.743596], [35.31791, 32.743399], [35.318705, 32.743336], [35.318653, 32.74305], [35.319221, 32.742978], [35.319318, 32.743086], [35.319479, 32.743032], [35.319692, 32.743512], [35.320208, 32.743465], [35.320267, 32.742626], [35.319872, 32.742361], [35.319246, 32.742758], [35.319006, 32.742535], [35.319142, 32.742469], [35.318889, 32.742265], [35.319289, 32.742008], [35.318964, 32.74175], [35.319254, 32.741561], [35.319871, 32.742202], [35.32001, 32.74213], [35.319656, 32.741814], [35.319454, 32.741384], [35.320101, 32.740834], [35.319993, 32.740448], [35.319704, 32.7405], [35.319778, 32.740008], [35.319392, 32.739942], [35.318692, 32.741061], [35.317515, 32.741299], [35.317411, 32.741119], [35.316915, 32.741317], [35.316638, 32.741244], [35.315466, 32.740622], [35.31464, 32.740785], [35.314791, 32.740971], [35.314168, 32.741398], [35.314683, 32.741922], [35.315027, 32.741606], [35.316497, 32.742776], [35.31684, 32.742436], [35.31758, 32.742274], [35.317591, 32.742454], [35.317397, 32.742599], [35.317505, 32.743109], [35.317259, 32.743452], [35.315638, 32.744448], [35.314941, 32.745501], [35.314866, 32.745826], [35.315209, 32.746475], [35.316089, 32.746786], [35.316915, 32.746605], [35.317419, 32.746858], [35.318449, 32.746371], [35.31729, 32.746235], [35.317108, 32.746118], [35.317558, 32.745865], [35.31758, 32.745703], [35.318674, 32.745234], [35.319231, 32.745295]]]}}, {"type": "Feature", "properties": {"kind": "scrub", "kindKo": "관목지(마키·가리그)", "areaHa": 2.32, "osmId": "way/620425953", "name": null, "nameEn": null}, "geometry": {"type": "Polygon", "coordinates": [[[35.324916, 32.745917], [35.324614, 32.745681], [35.324894, 32.745464], [35.324838, 32.744982], [35.324649, 32.744789], [35.324951, 32.744773], [35.324739, 32.744491], [35.325208, 32.744564], [35.32563, 32.744255], [35.325992, 32.744765], [35.326284, 32.744837], [35.326369, 32.745536], [35.327098, 32.746542], [35.326474, 32.746625], [35.326318, 32.746144], [35.325701, 32.745624], [35.325611, 32.745387], [35.325208, 32.74559], [35.324916, 32.745917]]]}}, {"type": "Feature", "properties": {"kind": "scrub", "kindKo": "관목지(마키·가리그)", "areaHa": 0.32, "osmId": "way/620425959", "name": null, "nameEn": null}, "geometry": {"type": "Polygon", "coordinates": [[[35.326986, 32.742152], [35.326133, 32.741924], [35.325916, 32.742107], [35.325852, 32.741561], [35.327022, 32.741945], [35.326986, 32.742152]]]}}, {"type": "Feature", "properties": {"kind": "scrub", "kindKo": "관목지(마키·가리그)", "areaHa": 14.97, "osmId": "way/620425960", "name": null, "nameEn": null}, "geometry": {"type": "Polygon", "coordinates": [[[35.304802, 32.75552], [35.305521, 32.755295], [35.307194, 32.753806], [35.307709, 32.753661], [35.308535, 32.753066], [35.308718, 32.752786], [35.309812, 32.752371], [35.309651, 32.752245], [35.309565, 32.751676], [35.310885, 32.750946], [35.311454, 32.751487], [35.311797, 32.751171], [35.31154, 32.750341], [35.311979, 32.750287], [35.312323, 32.750386], [35.31258, 32.750152], [35.312516, 32.749989], [35.312098, 32.749781], [35.31081, 32.749348], [35.310671, 32.749213], [35.310671, 32.74896], [35.310907, 32.748681], [35.309308, 32.748681], [35.308911, 32.749114], [35.309984, 32.7504], [35.309319, 32.751568], [35.306819, 32.752741], [35.306529, 32.7522], [35.304866, 32.752371], [35.304802, 32.752579], [35.305328, 32.753517], [35.303891, 32.754663], [35.304201, 32.755177], [35.304802, 32.75552]]]}}, {"type": "Feature", "properties": {"kind": "scrub", "kindKo": "관목지(마키·가리그)", "areaHa": 18.53, "osmId": "way/620425985", "name": null, "nameEn": null}, "geometry": {"type": "Polygon", "coordinates": [[[35.323974, 32.749403], [35.323266, 32.749366], [35.322644, 32.749736], [35.322944, 32.750287], [35.322515, 32.7509], [35.32229, 32.750991], [35.322241, 32.75138], [35.323006, 32.751535], [35.32275, 32.752802], [35.325616, 32.753445], [35.325284, 32.754028], [35.324511, 32.754416], [35.324339, 32.75524], [35.32479, 32.755457], [35.325133, 32.755105], [35.32568, 32.754943], [35.326206, 32.754419], [35.326002, 32.754149], [35.326528, 32.753959], [35.326785, 32.754203], [35.32788, 32.753607], [35.328073, 32.753292], [35.328062, 32.752696], [35.325626, 32.750061], [35.325101, 32.750422], [35.324564, 32.750025], [35.325037, 32.749628], [35.324264, 32.749863], [35.323974, 32.749403]]]}}, {"type": "Feature", "properties": {"kind": "forest", "kindKo": "숲(조림지)", "areaHa": 0.35, "osmId": "way/622002814", "name": null, "nameEn": null}, "geometry": {"type": "Polygon", "coordinates": [[[35.323292, 32.710067], [35.323235, 32.709124], [35.323407, 32.708864], [35.32369, 32.708806], [35.323699, 32.709167], [35.323544, 32.709167], [35.323561, 32.7096], [35.323441, 32.709608], [35.323475, 32.710034], [35.323292, 32.710067]]]}}, {"type": "Feature", "properties": {"kind": "scrub", "kindKo": "관목지(마키·가리그)", "areaHa": 1.25, "osmId": "way/622002815", "name": null, "nameEn": null}, "geometry": {"type": "Polygon", "coordinates": [[[35.3232, 32.709066], [35.323389, 32.708792], [35.324076, 32.708697], [35.323973, 32.708553], [35.322831, 32.707723], [35.322428, 32.707644], [35.322428, 32.707824], [35.321784, 32.707839], [35.321801, 32.70807], [35.322359, 32.70812], [35.322874, 32.708503], [35.3232, 32.709066]]]}}, {"type": "Feature", "properties": {"kind": "forest", "kindKo": "숲(조림지)", "areaHa": 5.45, "osmId": "way/622013037", "name": null, "nameEn": null}, "geometry": {"type": "Polygon", "coordinates": [[[35.319686, 32.704296], [35.320398, 32.704168], [35.321882, 32.70415], [35.321151, 32.703942], [35.320564, 32.703952], [35.320106, 32.70376], [35.3202, 32.703236], [35.320496, 32.702998], [35.320412, 32.702656], [35.320704, 32.702165], [35.320113, 32.70174], [35.317743, 32.701292], [35.317611, 32.701101], [35.317838, 32.700754], [35.317273, 32.700415], [35.317058, 32.700661], [35.316634, 32.700616], [35.316475, 32.701104], [35.31666, 32.701422], [35.316578, 32.701527], [35.316767, 32.701913], [35.31699, 32.701968], [35.317068, 32.702123], [35.317842, 32.702369], [35.318178, 32.70213], [35.318768, 32.702129], [35.318764, 32.701823], [35.31891, 32.701823], [35.319732, 32.702149], [35.319601, 32.703018], [35.319379, 32.703324], [35.31919, 32.703279], [35.319153, 32.703405], [35.319598, 32.704346], [35.319686, 32.704296]]]}}, {"type": "Feature", "properties": {"kind": "forest", "kindKo": "숲(조림지)", "areaHa": 0.66, "osmId": "way/622014497", "name": null, "nameEn": null}, "geometry": {"type": "Polygon", "coordinates": [[[35.317008, 32.703382], [35.317124, 32.703296], [35.317124, 32.702956], [35.318017, 32.702588], [35.317373, 32.702252], [35.31715, 32.702248], [35.316987, 32.702758], [35.316502, 32.703274], [35.317008, 32.703382]]]}}, {"type": "Feature", "properties": {"kind": "forest", "kindKo": "숲(조림지)", "areaHa": 2.96, "osmId": "way/622018079", "name": null, "nameEn": null}, "geometry": {"type": "Polygon", "coordinates": [[[35.312994, 32.707997], [35.313545, 32.706766], [35.314749, 32.705808], [35.314955, 32.705335], [35.314771, 32.704855], [35.312742, 32.703314], [35.312578, 32.703144], [35.312702, 32.703046], [35.3133, 32.703617], [35.314352, 32.704347], [35.314655, 32.704426], [35.315229, 32.70512], [35.315753, 32.705263], [35.315981, 32.704831], [35.316146, 32.704874], [35.315843, 32.705917], [35.314287, 32.706567], [35.31382, 32.706842], [35.313582, 32.707141], [35.313935, 32.707365], [35.313772, 32.707932], [35.313346, 32.707939], [35.313043, 32.708142], [35.31298, 32.708425], [35.312315, 32.708585], [35.312994, 32.707997]]]}}, {"type": "Feature", "properties": {"kind": "scrub", "kindKo": "관목지(마키·가리그)", "areaHa": 2.05, "osmId": "way/622018311", "name": null, "nameEn": null}, "geometry": {"type": "Polygon", "coordinates": [[[35.309546, 32.711244], [35.310721, 32.710789], [35.311069, 32.71124], [35.31118, 32.711146], [35.310983, 32.711005], [35.311129, 32.710879], [35.311305, 32.710984], [35.312137, 32.710348], [35.312661, 32.710171], [35.312661, 32.710048], [35.313305, 32.710012], [35.312596, 32.709795], [35.312365, 32.709601], [35.310966, 32.710135], [35.309944, 32.710835], [35.309734, 32.710662], [35.309494, 32.710864], [35.309649, 32.710969], [35.309485, 32.711114], [35.309546, 32.711244]]]}}, {"type": "Feature", "properties": {"kind": "scrub", "kindKo": "관목지(마키·가리그)", "areaHa": 0.46, "osmId": "way/622018312", "name": null, "nameEn": null}, "geometry": {"type": "Polygon", "coordinates": [[[35.308889, 32.71176], [35.308854, 32.711568], [35.309296, 32.711496], [35.309356, 32.71167], [35.309726, 32.711579], [35.30967, 32.711392], [35.310399, 32.711135], [35.310502, 32.711309], [35.310262, 32.711464], [35.310412, 32.711641], [35.31024, 32.711731], [35.310069, 32.711536], [35.309335, 32.711836], [35.308889, 32.71176]]]}}, {"type": "Feature", "properties": {"kind": "forest", "kindKo": "숲(조림지)", "areaHa": 1.65, "osmId": "way/622018371", "name": null, "nameEn": null}, "geometry": {"type": "Polygon", "coordinates": [[[35.315307, 32.709748], [35.316317, 32.709713], [35.317062, 32.70955], [35.31771, 32.709055], [35.318004, 32.708322], [35.318351, 32.708377], [35.318161, 32.709076], [35.317835, 32.709336], [35.31789, 32.709885], [35.318015, 32.710001], [35.317907, 32.710293], [35.317788, 32.710141], [35.317466, 32.710095], [35.317463, 32.709893], [35.31668, 32.709929], [35.316682, 32.710164], [35.315667, 32.710188], [35.315667, 32.709903], [35.315289, 32.709911], [35.315307, 32.709748]]]}}, {"type": "Feature", "properties": {"kind": "scrub", "kindKo": "관목지(마키·가리그)", "areaHa": 16.96, "osmId": "way/622019887", "name": null, "nameEn": null}, "geometry": {"type": "Polygon", "coordinates": [[[35.30605, 32.685491], [35.305707, 32.686748], [35.305013, 32.687665], [35.303689, 32.688879], [35.301321, 32.690749], [35.300817, 32.691306], [35.30025, 32.692281], [35.299906, 32.69322], [35.300226, 32.693696], [35.300806, 32.693538], [35.300611, 32.692479], [35.300916, 32.691731], [35.301906, 32.690709], [35.303171, 32.689965], [35.303661, 32.689791], [35.305607, 32.689655], [35.307593, 32.688985], [35.307607, 32.688622], [35.30823, 32.688566], [35.308839, 32.688979], [35.308891, 32.68869], [35.31018, 32.688153], [35.310687, 32.688387], [35.311312, 32.688322], [35.308687, 32.687853], [35.308396, 32.687687], [35.308256, 32.687426], [35.308198, 32.687102], [35.308454, 32.687051], [35.308419, 32.686848], [35.309157, 32.686704], [35.309157, 32.686595], [35.312506, 32.687145], [35.310395, 32.686516], [35.309295, 32.686559], [35.30631, 32.686003], [35.306393, 32.685541], [35.306078, 32.685404], [35.30605, 32.685491]]]}}, {"type": "Feature", "properties": {"kind": "forest", "kindKo": "숲(조림지)", "areaHa": 0.71, "osmId": "way/622144617", "name": null, "nameEn": null}, "geometry": {"type": "Polygon", "coordinates": [[[35.312742, 32.709641], [35.312567, 32.709449], [35.313922, 32.709504], [35.315222, 32.709215], [35.316853, 32.709168], [35.316711, 32.709287], [35.315115, 32.709356], [35.31511, 32.709464], [35.314763, 32.70946], [35.314141, 32.70971], [35.312742, 32.709641]]]}}, {"type": "Feature", "properties": {"kind": "forest", "kindKo": "숲(조림지)", "areaHa": 0.48, "osmId": "way/622320615", "name": null, "nameEn": null}, "geometry": {"type": "Polygon", "coordinates": [[[35.332121, 32.709033], [35.332829, 32.708582], [35.333331, 32.708007], [35.33352, 32.708061], [35.333258, 32.708571], [35.332683, 32.709073], [35.332211, 32.709163], [35.332121, 32.709033]]]}}, {"type": "Feature", "properties": {"kind": "forest", "kindKo": "숲(조림지)", "areaHa": 0.17, "osmId": "way/622341445", "name": null, "nameEn": null}, "geometry": {"type": "Polygon", "coordinates": [[[35.313492, 32.700941], [35.313839, 32.700457], [35.314178, 32.700399], [35.313989, 32.700868], [35.313492, 32.700941]]]}}, {"type": "Feature", "properties": {"kind": "forest", "kindKo": "숲(조림지)", "areaHa": 0.56, "osmId": "way/622341449", "name": null, "nameEn": null}, "geometry": {"type": "Polygon", "coordinates": [[[35.314616, 32.699958], [35.314964, 32.699669], [35.314642, 32.699409], [35.314359, 32.69938], [35.313857, 32.699774], [35.31417, 32.699182], [35.314749, 32.699005], [35.314732, 32.699355], [35.315414, 32.69938], [35.315397, 32.699651], [35.315153, 32.699698], [35.315161, 32.699872], [35.31465, 32.70003], [35.314616, 32.699958]]]}}, {"type": "Feature", "properties": {"kind": "forest", "kindKo": "숲(조림지)", "areaHa": 2.14, "osmId": "way/622377817", "name": null, "nameEn": null}, "geometry": {"type": "Polygon", "coordinates": [[[35.324741, 32.702887], [35.324119, 32.702382], [35.32311, 32.702003], [35.322145, 32.701836], [35.322081, 32.701605], [35.322338, 32.701483], [35.323955, 32.701754], [35.325239, 32.701447], [35.325533, 32.702061], [35.325172, 32.702155], [35.324805, 32.702494], [35.325003, 32.702837], [35.324741, 32.702887]]]}}, {"type": "Feature", "properties": {"kind": "scrub", "kindKo": "관목지(마키·가리그)", "areaHa": 1.43, "osmId": "way/622377822", "name": null, "nameEn": null}, "geometry": {"type": "Polygon", "coordinates": [[[35.325277, 32.701447], [35.327406, 32.700952], [35.328045, 32.700977], [35.328269, 32.701216], [35.328041, 32.701324], [35.327788, 32.70123], [35.327196, 32.701302], [35.326839, 32.70145], [35.326617, 32.70175], [35.326453, 32.701721], [35.32626, 32.701956], [35.325544, 32.702057], [35.325277, 32.701447]]]}}, {"type": "Feature", "properties": {"kind": "forest", "kindKo": "숲(조림지)", "areaHa": 0.97, "osmId": "way/622377827", "name": null, "nameEn": null}, "geometry": {"type": "Polygon", "coordinates": [[[35.329118, 32.702364], [35.32944, 32.701844], [35.330213, 32.701652], [35.330427, 32.701483], [35.330462, 32.701262], [35.330234, 32.700847], [35.329247, 32.701002], [35.329225, 32.701432], [35.329783, 32.70105], [35.329942, 32.701324], [35.329539, 32.701497], [35.329449, 32.701414], [35.329239, 32.701591], [35.328917, 32.702158], [35.328938, 32.702364], [35.329118, 32.702364]]]}}, {"type": "Feature", "properties": {"kind": "scrub", "kindKo": "관목지(마키·가리그)", "areaHa": 6.94, "osmId": "way/622379062", "name": null, "nameEn": null}, "geometry": {"type": "Polygon", "coordinates": [[[35.325728, 32.696004], [35.327834, 32.697539], [35.328457, 32.69763], [35.3285, 32.69773], [35.32923, 32.69773], [35.329874, 32.698164], [35.32989, 32.698749], [35.329404, 32.699345], [35.329925, 32.699933], [35.329327, 32.700024], [35.329224, 32.699764], [35.328159, 32.699677], [35.328091, 32.699366], [35.327762, 32.69919], [35.327299, 32.698287], [35.326993, 32.698377], [35.325679, 32.699294], [35.326028, 32.698901], [35.326108, 32.698608], [35.326543, 32.698532], [35.326692, 32.697886], [35.326475, 32.697488], [35.326091, 32.697272], [35.325662, 32.696774], [35.325739, 32.696557], [35.325465, 32.696159], [35.325728, 32.696004]]]}}, {"type": "Feature", "properties": {"kind": "scrub", "kindKo": "관목지(마키·가리그)", "areaHa": 0.22, "osmId": "way/622379072", "name": null, "nameEn": null}, "geometry": {"type": "Polygon", "coordinates": [[[35.3285, 32.701288], [35.328372, 32.700999], [35.329084, 32.701002], [35.329093, 32.701421], [35.328921, 32.70145], [35.328736, 32.701262], [35.3285, 32.701288]]]}}, {"type": "Feature", "properties": {"kind": "scrub", "kindKo": "관목지(마키·가리그)", "areaHa": 10.4, "osmId": "way/622379074", "name": null, "nameEn": null}, "geometry": {"type": "Polygon", "coordinates": [[[35.338248, 32.700592], [35.338465, 32.700634], [35.338938, 32.701306], [35.339564, 32.701623], [35.339984, 32.702107], [35.340027, 32.702454], [35.339693, 32.702404], [35.33934, 32.702938], [35.339435, 32.703213], [35.338997, 32.70392], [35.338465, 32.70387], [35.338053, 32.70369], [35.336783, 32.702938], [35.336362, 32.703046], [35.335009, 32.702899], [35.334966, 32.703931], [35.334382, 32.703838], [35.334167, 32.703664], [35.333893, 32.70375], [35.333567, 32.703137], [35.332906, 32.702826], [35.332537, 32.702826], [35.332503, 32.702544], [35.331539, 32.702115], [35.331198, 32.701786], [35.331044, 32.700609], [35.331841, 32.700407], [35.332826, 32.700447], [35.333041, 32.700294], [35.334028, 32.700049], [35.334217, 32.699363], [35.334174, 32.698937], [35.334431, 32.698966], [35.334916, 32.698605], [35.334828, 32.700232], [35.333699, 32.700225], [35.333754, 32.700908], [35.333132, 32.701776], [35.333109, 32.702268], [35.333332, 32.702612], [35.333582, 32.702818], [35.336911, 32.702748], [35.338342, 32.703762], [35.338732, 32.703839], [35.338997, 32.703707], [35.339093, 32.703465], [35.339004, 32.702741], [35.338281, 32.701166], [35.338248, 32.700592]]]}}, {"type": "Feature", "properties": {"kind": "scrub", "kindKo": "관목지(마키·가리그)", "areaHa": 2.6, "osmId": "way/622379400", "name": null, "nameEn": null}, "geometry": {"type": "Polygon", "coordinates": [[[35.308068, 32.683306], [35.307876, 32.683081], [35.308639, 32.682214], [35.30858, 32.682113], [35.308837, 32.681889], [35.309146, 32.681275], [35.30997, 32.681492], [35.310365, 32.680762], [35.310768, 32.680408], [35.31094, 32.680517], [35.310597, 32.680921], [35.309996, 32.682099], [35.309481, 32.682351], [35.309395, 32.682749], [35.309695, 32.682872], [35.30961, 32.682995], [35.308811, 32.682973], [35.309035, 32.683153], [35.308434, 32.683153], [35.308068, 32.683306]]]}}, {"type": "Feature", "properties": {"kind": "orchard", "kindKo": "과수원", "areaHa": 3.3, "osmId": "way/622379401", "name": null, "nameEn": null}, "geometry": {"type": "Polygon", "coordinates": [[[35.311112, 32.684779], [35.310976, 32.684513], [35.311, 32.68402], [35.310811, 32.683796], [35.311, 32.683652], [35.310759, 32.682771], [35.310776, 32.682243], [35.310991, 32.682171], [35.311721, 32.682301], [35.312218, 32.682214], [35.31233, 32.682265], [35.312142, 32.68272], [35.312115, 32.683543], [35.312974, 32.68376], [35.31197, 32.683912], [35.311789, 32.684735], [35.311463, 32.684851], [35.311112, 32.684779]]]}}, {"type": "Feature", "properties": {"kind": "scrub", "kindKo": "관목지(마키·가리그)", "areaHa": 5.35, "osmId": "way/622379402", "name": null, "nameEn": null}, "geometry": {"type": "Polygon", "coordinates": [[[35.308085, 32.681048], [35.308256, 32.680802], [35.307527, 32.680325], [35.307149, 32.680274], [35.306187, 32.679855], [35.305939, 32.679422], [35.306711, 32.678808], [35.306849, 32.677796], [35.307046, 32.677544], [35.307964, 32.677941], [35.308204, 32.679263], [35.308419, 32.679299], [35.308339, 32.679628], [35.308699, 32.680003], [35.309148, 32.680144], [35.309191, 32.680318], [35.308746, 32.680549], [35.308633, 32.680896], [35.308359, 32.681141], [35.308085, 32.681048]]]}}, {"type": "Feature", "properties": {"kind": "forest", "kindKo": "숲(조림지)", "areaHa": 0.42, "osmId": "way/622392682", "name": null, "nameEn": null}, "geometry": {"type": "Polygon", "coordinates": [[[35.326736, 32.705455], [35.327007, 32.705289], [35.327423, 32.705296], [35.327642, 32.705574], [35.327286, 32.705596], [35.327264, 32.705827], [35.327822, 32.705798], [35.32799, 32.706036], [35.327106, 32.705852], [35.326736, 32.705455]]]}}, {"type": "Feature", "properties": {"kind": "forest", "kindKo": "숲(조림지)", "areaHa": 0.17, "osmId": "way/622854539", "name": null, "nameEn": null}, "geometry": {"type": "Polygon", "coordinates": [[[35.310579, 32.69976], [35.30972, 32.698582], [35.309781, 32.698423], [35.309802, 32.6986], [35.310747, 32.699742], [35.310579, 32.69976]]]}}, {"type": "Feature", "properties": {"kind": "forest", "kindKo": "숲(조림지)", "areaHa": 0.25, "osmId": "way/622890676", "name": null, "nameEn": null}, "geometry": {"type": "Polygon", "coordinates": [[[35.322774, 32.702378], [35.322941, 32.702242], [35.323851, 32.702531], [35.324484, 32.703008], [35.32408, 32.702921], [35.324098, 32.702784], [35.323941, 32.702672], [35.323814, 32.702667], [35.323703, 32.702889], [35.323306, 32.702378], [35.322774, 32.702378]]]}}, {"type": "Feature", "properties": {"kind": "forest", "kindKo": "숲(조림지)", "areaHa": 0.28, "osmId": "way/623446918", "name": null, "nameEn": null}, "geometry": {"type": "Polygon", "coordinates": [[[35.313419, 32.696654], [35.313199, 32.696162], [35.313397, 32.696119], [35.313187, 32.695592], [35.312959, 32.695668], [35.312809, 32.695397], [35.313208, 32.695249], [35.313453, 32.696473], [35.313582, 32.696621], [35.313419, 32.696654]]]}}, {"type": "Feature", "properties": {"kind": "scrub", "kindKo": "관목지(마키·가리그)", "areaHa": 0.18, "osmId": "way/623449429", "name": null, "nameEn": null}, "geometry": {"type": "Polygon", "coordinates": [[[35.307252, 32.69068], [35.308123, 32.690676], [35.307642, 32.690915], [35.307157, 32.690792], [35.307252, 32.69068]]]}}, {"type": "Feature", "properties": {"kind": "scrub", "kindKo": "관목지(마키·가리그)", "areaHa": 0.63, "osmId": "way/623449434", "name": null, "nameEn": null}, "geometry": {"type": "Polygon", "coordinates": [[[35.306119, 32.69245], [35.306183, 32.691395], [35.306312, 32.691189], [35.306689, 32.691056], [35.306664, 32.691475], [35.306835, 32.691594], [35.306484, 32.692136], [35.306453, 32.692457], [35.306119, 32.69245]]]}}, {"type": "Feature", "properties": {"kind": "forest", "kindKo": "숲(조림지)", "areaHa": 0.2, "osmId": "way/623450060", "name": null, "nameEn": null}, "geometry": {"type": "Polygon", "coordinates": [[[35.311876, 32.693616], [35.312176, 32.693427], [35.312125, 32.693228], [35.312268, 32.693143], [35.31244, 32.693633], [35.312234, 32.693752], [35.311876, 32.693616]]]}}, {"type": "Feature", "properties": {"kind": "scrub", "kindKo": "관목지(마키·가리그)", "areaHa": 0.17, "osmId": "way/623451142", "name": null, "nameEn": null}, "geometry": {"type": "Polygon", "coordinates": [[[35.311569, 32.692985], [35.311217, 32.692659], [35.311389, 32.692627], [35.311341, 32.692378], [35.311492, 32.692356], [35.311826, 32.692775], [35.311569, 32.692985]]]}}, {"type": "Feature", "properties": {"kind": "scrub", "kindKo": "관목지(마키·가리그)", "areaHa": 0.2, "osmId": "way/623451144", "name": null, "nameEn": null}, "geometry": {"type": "Polygon", "coordinates": [[[35.310779, 32.691832], [35.311075, 32.691561], [35.311478, 32.691915], [35.311011, 32.691995], [35.310779, 32.691832]]]}}, {"type": "Feature", "properties": {"kind": "scrub", "kindKo": "관목지(마키·가리그)", "areaHa": 0.54, "osmId": "way/623795459", "name": null, "nameEn": null}, "geometry": {"type": "Polygon", "coordinates": [[[35.308596, 32.7027], [35.308549, 32.702093], [35.308823, 32.702017], [35.309312, 32.702356], [35.309983, 32.702543], [35.309711, 32.702674], [35.308953, 32.702581], [35.308783, 32.702736], [35.308596, 32.7027]]]}}, {"type": "Feature", "properties": {"kind": "scrub", "kindKo": "관목지(마키·가리그)", "areaHa": 0.93, "osmId": "way/623795461", "name": null, "nameEn": null}, "geometry": {"type": "Polygon", "coordinates": [[[35.310015, 32.702879], [35.310206, 32.70332], [35.311022, 32.70337], [35.310939, 32.702859], [35.310454, 32.702441], [35.310674, 32.702146], [35.310352, 32.702328], [35.310026, 32.702752], [35.308952, 32.702745], [35.308946, 32.702833], [35.309543, 32.703018], [35.310015, 32.702879]]]}}, {"type": "Feature", "properties": {"kind": "forest", "kindKo": "숲(조림지)", "areaHa": 0.25, "osmId": "way/623796128", "name": null, "nameEn": null}, "geometry": {"type": "Polygon", "coordinates": [[[35.310278, 32.700973], [35.310296, 32.700857], [35.310601, 32.700865], [35.310597, 32.700464], [35.310171, 32.700464], [35.310088, 32.70017], [35.310533, 32.700319], [35.31088, 32.70093], [35.310579, 32.701172], [35.310589, 32.700987], [35.310278, 32.700973]]]}}, {"type": "Feature", "properties": {"kind": "forest", "kindKo": "숲(조림지)", "areaHa": 0.4, "osmId": "way/623802618", "name": null, "nameEn": null}, "geometry": {"type": "Polygon", "coordinates": [[[35.315395, 32.696556], [35.315996, 32.696942], [35.316283, 32.696209], [35.315888, 32.696231], [35.315395, 32.696556]]]}}, {"type": "Feature", "properties": {"kind": "forest", "kindKo": "숲(조림지)", "areaHa": 0.39, "osmId": "way/623808602", "name": null, "nameEn": null}, "geometry": {"type": "Polygon", "coordinates": [[[35.31991, 32.696361], [35.319862, 32.69566], [35.319519, 32.695007], [35.319858, 32.694992], [35.32021, 32.695942], [35.320073, 32.695982], [35.320227, 32.696484], [35.320137, 32.696368], [35.31991, 32.696361]]]}}, {"type": "Feature", "properties": {"kind": "forest", "kindKo": "숲(조림지)", "areaHa": 0.55, "osmId": "way/623808605", "name": null, "nameEn": null}, "geometry": {"type": "Polygon", "coordinates": [[[35.319364, 32.698127], [35.319652, 32.696838], [35.319794, 32.696563], [35.32012, 32.696614], [35.319939, 32.696957], [35.320223, 32.697109], [35.320111, 32.697344], [35.319953, 32.697289], [35.319824, 32.697578], [35.319674, 32.697556], [35.319348, 32.698409], [35.319364, 32.698127]]]}}, {"type": "Feature", "properties": {"kind": "forest", "kindKo": "숲(조림지)", "areaHa": 0.84, "osmId": "way/624115093", "name": null, "nameEn": null}, "geometry": {"type": "Polygon", "coordinates": [[[35.315453, 32.696264], [35.315533, 32.696084], [35.315269, 32.695889], [35.315153, 32.696008], [35.315067, 32.69587], [35.314874, 32.695867], [35.315003, 32.694873], [35.315312, 32.695249], [35.314952, 32.695625], [35.315282, 32.695853], [35.315419, 32.695733], [35.315282, 32.695632], [35.315475, 32.695408], [35.315647, 32.695506], [35.31578, 32.695372], [35.315393, 32.695], [35.315625, 32.694856], [35.315982, 32.695253], [35.31614, 32.695177], [35.316068, 32.695032], [35.316321, 32.694885], [35.316441, 32.695011], [35.316355, 32.695213], [35.315724, 32.6956], [35.315818, 32.696083], [35.315453, 32.696264]]]}}, {"type": "Feature", "properties": {"kind": "forest", "kindKo": "숲(조림지)", "areaHa": 0.2, "osmId": "way/624115094", "name": null, "nameEn": null}, "geometry": {"type": "Polygon", "coordinates": [[[35.316584, 32.69485], [35.316312, 32.694462], [35.316578, 32.694317], [35.316646, 32.694426], [35.316926, 32.694307], [35.317042, 32.694498], [35.316584, 32.69485]]]}}, {"type": "Feature", "properties": {"kind": "forest", "kindKo": "숲(조림지)", "areaHa": 0.17, "osmId": "way/624115107", "name": null, "nameEn": null}, "geometry": {"type": "Polygon", "coordinates": [[[35.315919, 32.694837], [35.315545, 32.694455], [35.315818, 32.694311], [35.316204, 32.694687], [35.315919, 32.694837]]]}}, {"type": "Feature", "properties": {"kind": "forest", "kindKo": "숲(조림지)", "areaHa": 0.23, "osmId": "way/624115123", "name": null, "nameEn": null}, "geometry": {"type": "Polygon", "coordinates": [[[35.316836, 32.694281], [35.316677, 32.694032], [35.316286, 32.694216], [35.31617, 32.694065], [35.316866, 32.693783], [35.317158, 32.694137], [35.316836, 32.694281]]]}}, {"type": "Feature", "properties": {"kind": "forest", "kindKo": "숲(조림지)", "areaHa": 0.22, "osmId": "way/624116415", "name": null, "nameEn": null}, "geometry": {"type": "Polygon", "coordinates": [[[35.313493, 32.694525], [35.313334, 32.694262], [35.313559, 32.69409], [35.313415, 32.69398], [35.313654, 32.693774], [35.313932, 32.694], [35.313651, 32.694249], [35.313769, 32.694424], [35.313493, 32.694525]]]}}, {"type": "Feature", "properties": {"kind": "scrub", "kindKo": "관목지(마키·가리그)", "areaHa": 2.71, "osmId": "way/624122139", "name": null, "nameEn": null}, "geometry": {"type": "Polygon", "coordinates": [[[35.332311, 32.720299], [35.332834, 32.719645], [35.333384, 32.71979], [35.333899, 32.719747], [35.334384, 32.719227], [35.337963, 32.719223], [35.338632, 32.720443], [35.338589, 32.720555], [35.338139, 32.719681], [35.337452, 32.719544], [35.335396, 32.719577], [35.334808, 32.719721], [35.334234, 32.720385], [35.333234, 32.720241], [35.332259, 32.720364], [35.332311, 32.720299]]]}}, {"type": "Feature", "properties": {"kind": "scrub", "kindKo": "관목지(마키·가리그)", "areaHa": 0.28, "osmId": "way/624123145", "name": null, "nameEn": null}, "geometry": {"type": "Polygon", "coordinates": [[[35.331828, 32.719907], [35.331839, 32.719389], [35.33259, 32.719671], [35.332547, 32.719775], [35.331828, 32.719907]]]}}, {"type": "Feature", "properties": {"kind": "scrub", "kindKo": "관목지(마키·가리그)", "areaHa": 0.27, "osmId": "way/624123148", "name": null, "nameEn": null}, "geometry": {"type": "Polygon", "coordinates": [[[35.330311, 32.718291], [35.330573, 32.71797], [35.331079, 32.718093], [35.330882, 32.718494], [35.330311, 32.718291]]]}}, {"type": "Feature", "properties": {"kind": "scrub", "kindKo": "관목지(마키·가리그)", "areaHa": 0.27, "osmId": "way/624126659", "name": null, "nameEn": null}, "geometry": {"type": "Polygon", "coordinates": [[[35.336529, 32.719111], [35.337838, 32.719035], [35.337637, 32.718757], [35.337096, 32.718826], [35.337122, 32.718974], [35.336529, 32.719111]]]}}, {"type": "Feature", "properties": {"kind": "scrub", "kindKo": "관목지(마키·가리그)", "areaHa": 36.29, "osmId": "way/624129004", "name": null, "nameEn": null}, "geometry": {"type": "Polygon", "coordinates": [[[35.330147, 32.729259], [35.33083, 32.728971], [35.331572, 32.728212], [35.330948, 32.727791], [35.330551, 32.727727], [35.330535, 32.72795], [35.32957, 32.728092], [35.328449, 32.727885], [35.327995, 32.727516], [35.328146, 32.727392], [35.327728, 32.726944], [35.32763, 32.726632], [35.326988, 32.726188], [35.326623, 32.726267], [35.326499, 32.726194], [35.326517, 32.725317], [35.328664, 32.725533], [35.329318, 32.726466], [35.329129, 32.726733], [35.329347, 32.726854], [35.330748, 32.726653], [35.331852, 32.726906], [35.333005, 32.72696], [35.334263, 32.726671], [35.334232, 32.726335], [35.334662, 32.726317], [35.335191, 32.725986], [35.335228, 32.725584], [35.33549, 32.725086], [35.334979, 32.725104], [35.334663, 32.725621], [35.334341, 32.725805], [35.332546, 32.72618], [35.331431, 32.725715], [35.330959, 32.72579], [35.330937, 32.726068], [35.330525, 32.726025], [35.329842, 32.725321], [35.330615, 32.724815], [35.330207, 32.724111], [35.330066, 32.723328], [35.330486, 32.722194], [35.332015, 32.720859], [35.332473, 32.720678], [35.333168, 32.720602], [35.334421, 32.720714], [35.334786, 32.721028], [35.336117, 32.721071], [35.337112, 32.721378], [35.337747, 32.721757], [35.337842, 32.721646], [35.337546, 32.721443], [35.337722, 32.721172], [35.337628, 32.721089], [35.335332, 32.720498], [35.33416, 32.720512], [35.333427, 32.720375], [35.33255, 32.720447], [35.331387, 32.720775], [35.330839, 32.7207], [35.330516, 32.720461], [35.329821, 32.719479], [35.329692, 32.718869], [35.33004, 32.718139], [35.330319, 32.717851], [35.330915, 32.717555], [35.331783, 32.717352], [35.330855, 32.717421], [35.330362, 32.71771], [35.329855, 32.717587], [35.329264, 32.717678], [35.329092, 32.717548], [35.329048, 32.717154], [35.328414, 32.717779], [35.327955, 32.71849], [35.328963, 32.718952], [35.328637, 32.719367], [35.327946, 32.719121], [35.327697, 32.71953], [35.327765, 32.719717], [35.328925, 32.719808], [35.328989, 32.720317], [35.329443, 32.720526], [35.32956, 32.720909], [35.329363, 32.721649], [35.329431, 32.721992], [35.328663, 32.722209], [35.327136, 32.722192], [35.327087, 32.723238], [35.326748, 32.723936], [35.324739, 32.726768], [35.328174, 32.728718], [35.329229, 32.728595], [35.329438, 32.728486], [35.329456, 32.728241], [35.329834, 32.728346], [35.330066, 32.728603], [35.330147, 32.729259]]]}}, {"type": "Feature", "properties": {"kind": "forest", "kindKo": "숲(조림지)", "areaHa": 1.25, "osmId": "way/624129006", "name": null, "nameEn": null}, "geometry": {"type": "Polygon", "coordinates": [[[35.329222, 32.717622], [35.329121, 32.717103], [35.32955, 32.716742], [35.330109, 32.717016], [35.331026, 32.71701], [35.33131, 32.717342], [35.330769, 32.717392], [35.330307, 32.717689], [35.329868, 32.717551], [35.329222, 32.717622]]]}}, {"type": "Feature", "properties": {"kind": "scrub", "kindKo": "관목지(마키·가리그)", "areaHa": 0.65, "osmId": "way/624781889", "name": null, "nameEn": null}, "geometry": {"type": "Polygon", "coordinates": [[[35.336709, 32.729361], [35.336704, 32.72948], [35.33613, 32.729769], [35.33613, 32.730025], [35.336397, 32.730154], [35.33567, 32.730621], [35.335758, 32.731291], [35.336056, 32.731093], [35.335863, 32.730772], [35.336005, 32.730603], [35.336722, 32.730267], [35.336597, 32.729733], [35.337157, 32.729486], [35.336709, 32.729361]]]}}, {"type": "Feature", "properties": {"kind": "forest", "kindKo": "숲(조림지)", "areaHa": 0.19, "osmId": "way/624784797", "name": null, "nameEn": null}, "geometry": {"type": "Polygon", "coordinates": [[[35.337895, 32.727912], [35.337625, 32.72784], [35.33762, 32.727194], [35.337762, 32.727407], [35.338092, 32.72753], [35.337895, 32.727912]]]}}, {"type": "Feature", "properties": {"kind": "scrub", "kindKo": "관목지(마키·가리그)", "areaHa": 0.69, "osmId": "way/624799180", "name": null, "nameEn": null}, "geometry": {"type": "Polygon", "coordinates": [[[35.30662, 32.711297], [35.306876, 32.711094], [35.306743, 32.710571], [35.306778, 32.70983], [35.30652, 32.70987], [35.306456, 32.709541], [35.306263, 32.709491], [35.306177, 32.709884], [35.306426, 32.711015], [35.30662, 32.711297]]]}}, {"type": "Feature", "properties": {"kind": "scrub", "kindKo": "관목지(마키·가리그)", "areaHa": 0.42, "osmId": "way/624804926", "name": null, "nameEn": null}, "geometry": {"type": "Polygon", "coordinates": [[[35.314897, 32.710347], [35.315755, 32.710304], [35.315772, 32.710581], [35.315472, 32.710599], [35.315519, 32.710856], [35.31473, 32.710906], [35.314657, 32.710715], [35.314485, 32.710744], [35.314434, 32.710628], [35.314764, 32.710484], [35.31485, 32.710762], [35.315326, 32.710751], [35.315309, 32.710502], [35.314884, 32.710516], [35.314897, 32.710347]]]}}, {"type": "Feature", "properties": {"kind": "scrub", "kindKo": "관목지(마키·가리그)", "areaHa": 0.45, "osmId": "way/624804982", "name": null, "nameEn": null}, "geometry": {"type": "Polygon", "coordinates": [[[35.315841, 32.711473], [35.316326, 32.711509], [35.316584, 32.71165], [35.316692, 32.711107], [35.316378, 32.711148], [35.316352, 32.710964], [35.315768, 32.711004], [35.315841, 32.711473]]]}}, {"type": "Feature", "properties": {"kind": "scrub", "kindKo": "관목지(마키·가리그)", "areaHa": 20.95, "osmId": "way/624808748", "name": null, "nameEn": null}, "geometry": {"type": "Polygon", "coordinates": [[[35.331755, 32.731978], [35.329898, 32.732801], [35.330014, 32.733032], [35.330196, 32.733092], [35.33192, 32.732782], [35.332055, 32.732896], [35.331959, 32.733318], [35.329914, 32.733542], [35.329262, 32.733762], [35.329157, 32.733905], [35.329252, 32.734022], [35.329966, 32.734256], [35.330286, 32.734189], [35.33044, 32.734437], [35.329928, 32.734619], [35.329511, 32.734618], [35.328904, 32.734386], [35.32875, 32.734653], [35.328939, 32.735312], [35.329278, 32.735368], [35.330942, 32.734992], [35.332177, 32.735006], [35.332364, 32.734873], [35.332356, 32.734477], [35.332499, 32.734359], [35.33402, 32.734014], [35.334221, 32.734324], [35.335193, 32.734109], [35.335343, 32.734188], [35.335773, 32.734447], [35.335996, 32.735068], [35.337661, 32.734765], [35.338386, 32.734492], [35.338567, 32.734745], [35.338756, 32.734629], [35.338455, 32.734131], [35.338494, 32.733632], [35.338287, 32.733443], [35.338176, 32.733407], [35.337875, 32.733978], [35.337404, 32.734418], [35.33706, 32.733617], [35.336871, 32.733588], [35.336524, 32.733756], [35.335687, 32.733292], [35.3357, 32.73315], [35.337108, 32.733049], [35.337773, 32.732209], [35.338309, 32.732023], [35.337979, 32.731934], [35.337661, 32.731993], [35.336751, 32.732526], [35.335626, 32.732303], [35.33479, 32.732543], [35.334455, 32.732254], [35.335335, 32.731805], [35.33636, 32.73167], [35.336635, 32.731532], [35.337756, 32.730744], [35.338296, 32.730051], [35.338874, 32.729602], [35.33881, 32.729496], [35.338266, 32.729799], [35.336966, 32.731097], [35.336468, 32.731358], [35.335249, 32.731646], [35.332739, 32.731655], [35.331755, 32.731978]]]}}, {"type": "Feature", "properties": {"kind": "scrub", "kindKo": "관목지(마키·가리그)", "areaHa": 7.89, "osmId": "way/624808753", "name": null, "nameEn": null}, "geometry": {"type": "Polygon", "coordinates": [[[35.325449, 32.733451], [35.325463, 32.730707], [35.325326, 32.729847], [35.326579, 32.729695], [35.326663, 32.729444], [35.327002, 32.729346], [35.326957, 32.728794], [35.326557, 32.728099], [35.327953, 32.728913], [35.328379, 32.729597], [35.328306, 32.73013], [35.327641, 32.731388], [35.327765, 32.732079], [35.328031, 32.732426], [35.328718, 32.732794], [35.329672, 32.732841], [35.329321, 32.732952], [35.32904, 32.733345], [35.328509, 32.733582], [35.328399, 32.733153], [35.328615, 32.732948], [35.328263, 32.732769], [35.327576, 32.732751], [35.327493, 32.732487], [35.327631, 32.732248], [35.327405, 32.731225], [35.325903, 32.731209], [35.32585, 32.731492], [35.32618, 32.732695], [35.3258, 32.733208], [35.325449, 32.733451]]]}}, {"type": "Feature", "properties": {"kind": "scrub", "kindKo": "관목지(마키·가리그)", "areaHa": 0.53, "osmId": "way/624808754", "name": null, "nameEn": null}, "geometry": {"type": "Polygon", "coordinates": [[[35.33255, 32.737914], [35.332494, 32.737786], [35.33087, 32.737477], [35.330426, 32.737501], [35.330254, 32.737681], [35.330387, 32.737849], [35.330777, 32.737992], [35.331069, 32.737667], [35.33255, 32.737914]]]}}, {"type": "Feature", "properties": {"kind": "scrub", "kindKo": "관목지(마키·가리그)", "areaHa": 0.71, "osmId": "way/665971497", "name": null, "nameEn": null}, "geometry": {"type": "Polygon", "coordinates": [[[35.349515, 32.726283], [35.349644, 32.726428], [35.349987, 32.726377], [35.350391, 32.726543], [35.350434, 32.726781], [35.350202, 32.72707], [35.349515, 32.727077], [35.349327, 32.72694], [35.349515, 32.726283]]]}}, {"type": "Feature", "properties": {"kind": "scrub", "kindKo": "관목지(마키·가리그)", "areaHa": 9.31, "osmId": "way/666526982", "name": null, "nameEn": null}, "geometry": {"type": "Polygon", "coordinates": [[[35.358176, 32.724628], [35.357583, 32.72491], [35.35771, 32.725166], [35.35796, 32.725124], [35.358925, 32.725531], [35.359204, 32.725687], [35.359081, 32.725798], [35.359268, 32.725949], [35.359384, 32.725844], [35.359633, 32.725925], [35.359379, 32.72675], [35.359066, 32.726856], [35.359083, 32.72706], [35.358764, 32.727147], [35.358747, 32.727683], [35.358213, 32.728147], [35.357899, 32.728147], [35.357926, 32.728415], [35.358667, 32.729095], [35.358965, 32.728925], [35.35893, 32.728477], [35.359102, 32.728195], [35.358862, 32.728087], [35.359274, 32.727625], [35.359488, 32.728022], [35.359849, 32.728058], [35.360011, 32.728236], [35.360193, 32.727993], [35.360176, 32.727639], [35.360561, 32.72717], [35.360716, 32.727097], [35.360998, 32.727276], [35.361188, 32.727148], [35.361223, 32.726874], [35.361703, 32.726686], [35.362278, 32.726729], [35.362363, 32.727806], [35.362836, 32.727784], [35.363076, 32.727517], [35.363454, 32.727365], [35.363583, 32.727228], [35.36354, 32.726946], [35.364252, 32.726838], [35.364252, 32.726506], [35.364012, 32.726354], [35.362192, 32.726282], [35.361145, 32.726448], [35.361209, 32.725351], [35.360733, 32.725329], [35.359688, 32.725558], [35.359549, 32.724946], [35.359369, 32.724787], [35.358176, 32.724628]]]}}, {"type": "Feature", "properties": {"kind": "scrub", "kindKo": "관목지(마키·가리그)", "areaHa": 3.34, "osmId": "way/666526992", "name": null, "nameEn": null}, "geometry": {"type": "Polygon", "coordinates": [[[35.358528, 32.72114], [35.358587, 32.720907], [35.359016, 32.720809], [35.359257, 32.72091], [35.359317, 32.721134], [35.360037, 32.721051], [35.359685, 32.720048], [35.359403, 32.719725], [35.359094, 32.719602], [35.358373, 32.719783], [35.35827, 32.719321], [35.357674, 32.718991], [35.355838, 32.718683], [35.355734, 32.718862], [35.356119, 32.718941], [35.355836, 32.719532], [35.356815, 32.719221], [35.357829, 32.719344], [35.357943, 32.719458], [35.357883, 32.719841], [35.358154, 32.719902], [35.358086, 32.720051], [35.358581, 32.720094], [35.358372, 32.720731], [35.357888, 32.721002], [35.35824, 32.721462], [35.358493, 32.721415], [35.358528, 32.72114]]]}}, {"type": "Feature", "properties": {"kind": "scrub", "kindKo": "관목지(마키·가리그)", "areaHa": 82.01, "osmId": "way/666527754", "name": null, "nameEn": null}, "geometry": {"type": "Polygon", "coordinates": [[[35.355633, 32.732833], [35.355917, 32.732496], [35.356083, 32.731572], [35.356265, 32.731386], [35.357088, 32.731654], [35.357108, 32.732094], [35.356774, 32.732529], [35.356843, 32.732782], [35.358337, 32.73434], [35.359054, 32.734615], [35.359749, 32.734521], [35.360376, 32.734058], [35.361403, 32.734217], [35.361497, 32.734144], [35.361239, 32.733776], [35.363162, 32.734031], [35.363428, 32.734333], [35.364415, 32.73426], [35.36481, 32.733884], [35.364468, 32.733351], [35.364485, 32.733085], [35.364934, 32.732993], [35.364874, 32.732498], [35.364497, 32.732065], [35.363394, 32.732801], [35.363294, 32.732597], [35.364247, 32.731632], [35.364776, 32.731603], [35.364917, 32.732141], [35.36532, 32.732498], [35.365325, 32.733126], [35.365448, 32.733249], [35.365994, 32.733199], [35.367171, 32.732724], [35.367643, 32.733309], [35.368217, 32.733141], [35.36851, 32.732492], [35.368922, 32.732115], [35.368707, 32.731806], [35.369797, 32.730925], [35.369994, 32.730498], [35.368243, 32.729965], [35.368776, 32.7292], [35.37008, 32.728642], [35.370921, 32.72852], [35.371703, 32.728124], [35.371179, 32.727619], [35.37202, 32.727619], [35.37202, 32.727337], [35.372398, 32.727186], [35.372552, 32.726969], [35.372269, 32.726839], [35.372304, 32.726687], [35.372509, 32.726543], [35.372552, 32.726182], [35.372835, 32.725994], [35.373024, 32.725908], [35.373591, 32.726109], [35.373951, 32.726088], [35.37444, 32.726442], [35.374054, 32.727604], [35.373041, 32.72811], [35.372484, 32.727944], [35.371918, 32.727994], [35.372261, 32.729063], [35.372304, 32.730362], [35.371977, 32.731359], [35.371548, 32.731842], [35.370029, 32.732948], [35.367798, 32.733698], [35.36754, 32.733466], [35.366681, 32.733892], [35.366037, 32.734058], [35.366054, 32.734296], [35.367274, 32.734773], [35.367583, 32.735055], [35.367917, 32.735798], [35.367677, 32.736644], [35.366724, 32.736787], [35.366707, 32.737322], [35.36596, 32.738115], [35.365265, 32.737451], [35.365136, 32.737725], [35.365283, 32.738882], [35.365102, 32.739487], [35.363505, 32.739942], [35.362527, 32.739835], [35.361712, 32.73956], [35.361626, 32.739373], [35.361918, 32.738844], [35.36245, 32.738989], [35.3636, 32.738882], [35.364072, 32.738556], [35.36421, 32.738297], [35.364664, 32.738187], [35.36481, 32.738014], [35.364639, 32.736991], [35.365119, 32.736896], [35.366132, 32.737003], [35.366467, 32.736824], [35.366639, 32.736514], [35.366545, 32.735691], [35.365968, 32.735033], [35.365256, 32.734982], [35.365111, 32.734608], [35.364338, 32.73522], [35.362261, 32.735509], [35.362175, 32.735877], [35.362494, 32.736419], [35.36287, 32.736398], [35.362124, 32.736888], [35.362596, 32.737683], [35.362459, 32.737841], [35.361557, 32.737935], [35.361454, 32.738238], [35.360853, 32.738224], [35.360408, 32.737792], [35.359969, 32.737978], [35.359857, 32.737834], [35.360098, 32.737256], [35.360553, 32.737133], [35.360408, 32.736558], [35.360029, 32.736231], [35.358982, 32.736173], [35.358828, 32.736427], [35.35924, 32.736635], [35.358382, 32.736678], [35.357575, 32.73626], [35.356631, 32.73626], [35.355343, 32.73548], [35.3553, 32.735256], [35.355686, 32.735054], [35.356631, 32.735126], [35.357317, 32.735372], [35.357764, 32.735272], [35.358382, 32.735308], [35.358107, 32.734686], [35.357592, 32.73416], [35.357318, 32.733532], [35.357137, 32.733408], [35.356081, 32.733272], [35.355807, 32.733027], [35.355601, 32.733083], [35.355429, 32.733336], [35.354863, 32.734534], [35.354699, 32.734557], [35.354914, 32.733632], [35.354605, 32.733711], [35.35439, 32.73418], [35.354408, 32.734651], [35.353841, 32.735207], [35.353189, 32.734816], [35.353163, 32.7345], [35.353618, 32.73356], [35.353618, 32.73335], [35.353275, 32.733027], [35.353155, 32.733561], [35.352734, 32.734268], [35.352717, 32.734637], [35.352546, 32.734897], [35.352142, 32.734967], [35.351712, 32.734484], [35.351266, 32.734332], [35.350982, 32.733105], [35.350717, 32.733004], [35.350022, 32.733113], [35.349335, 32.733437], [35.348949, 32.733799], [35.348906, 32.734016], [35.34852, 32.734282], [35.348159, 32.734253], [35.348185, 32.733689], [35.347241, 32.733581], [35.34706, 32.734231], [35.347584, 32.734413], [35.348348, 32.73444], [35.348511, 32.73465], [35.348786, 32.734433], [35.348726, 32.734938], [35.348872, 32.735445], [35.34961, 32.735307], [35.349738, 32.735559], [35.348872, 32.735806], [35.348262, 32.735748], [35.347232, 32.735473], [35.346674, 32.735179], [35.346202, 32.735063], [35.345773, 32.735206], [35.345309, 32.735019], [35.344331, 32.73546], [35.344116, 32.735654], [35.344142, 32.735928], [35.343491, 32.736138], [35.343232, 32.736447], [35.342485, 32.736447], [35.342417, 32.736144], [35.342117, 32.736173], [35.342082, 32.736015], [35.343576, 32.735857], [35.343533, 32.735423], [35.343335, 32.735444], [35.343292, 32.735134], [35.342056, 32.73515], [35.340967, 32.734139], [35.340676, 32.734413], [35.340529, 32.734296], [35.340529, 32.734137], [35.34173, 32.733206], [35.342306, 32.732557], [35.342589, 32.732709], [35.342245, 32.733675], [35.342289, 32.73416], [35.342417, 32.734448], [35.342812, 32.734592], [35.343679, 32.73473], [35.344271, 32.734485], [35.34446, 32.734268], [35.344194, 32.73364], [35.345197, 32.733307], [35.346194, 32.733249], [35.346039, 32.732628], [35.345335, 32.732527], [35.344159, 32.732138], [35.343112, 32.732267], [35.343069, 32.732123], [35.344425, 32.731097], [35.344339, 32.730708], [35.344752, 32.729964], [35.344639, 32.730989], [35.344794, 32.731437], [35.345455, 32.73213], [35.346143, 32.732225], [35.346451, 32.732159], [35.347095, 32.732238], [35.347516, 32.732456], [35.348039, 32.73244], [35.349171, 32.73187], [35.349524, 32.731438], [35.349729, 32.730925], [35.34997, 32.730888], [35.350528, 32.731033], [35.350828, 32.731582], [35.350502, 32.731863], [35.350983, 32.732774], [35.352167, 32.733309], [35.352975, 32.733135], [35.353275, 32.732738], [35.353369, 32.731618], [35.353489, 32.731603], [35.354219, 32.733134], [35.354708, 32.733279], [35.355633, 32.732833]]]}}, {"type": "Feature", "properties": {"kind": "scrub", "kindKo": "관목지(마키·가리그)", "areaHa": 0.47, "osmId": "way/666528876", "name": null, "nameEn": null}, "geometry": {"type": "Polygon", "coordinates": [[[35.348511, 32.720238], [35.348134, 32.720036], [35.34864, 32.719408], [35.348767, 32.719513], [35.348863, 32.719386], [35.34937, 32.719285], [35.348511, 32.720238]]]}}, {"type": "Feature", "properties": {"kind": "scrub", "kindKo": "관목지(마키·가리그)", "areaHa": 0.69, "osmId": "way/666528878", "name": null, "nameEn": null}, "geometry": {"type": "Polygon", "coordinates": [[[35.349567, 32.719299], [35.350056, 32.719624], [35.349541, 32.719913], [35.349196, 32.720379], [35.349343, 32.720505], [35.349128, 32.72074], [35.348777, 32.720585], [35.348957, 32.720382], [35.348726, 32.720238], [35.349567, 32.719299]]]}}, {"type": "Feature", "properties": {"kind": "scrub", "kindKo": "관목지(마키·가리그)", "areaHa": 0.81, "osmId": "way/666529244", "name": null, "nameEn": null}, "geometry": {"type": "Polygon", "coordinates": [[[35.358604, 32.709569], [35.357994, 32.70941], [35.358106, 32.70863], [35.358269, 32.708608], [35.358295, 32.708269], [35.358749, 32.708305], [35.358638, 32.708796], [35.358964, 32.70902], [35.358604, 32.709569]]]}}, {"type": "Feature", "properties": {"kind": "scrub", "kindKo": "관목지(마키·가리그)", "areaHa": 2.06, "osmId": "way/666529245", "name": null, "nameEn": null}, "geometry": {"type": "Polygon", "coordinates": [[[35.347093, 32.706846], [35.346939, 32.707157], [35.347111, 32.70811], [35.346992, 32.7095], [35.347498, 32.708994], [35.347472, 32.708486], [35.347626, 32.708312], [35.347858, 32.708182], [35.348767, 32.708507], [35.34881, 32.708002], [35.34772, 32.707352], [35.347729, 32.707063], [35.347093, 32.706846]]]}}, {"type": "Feature", "properties": {"kind": "scrub", "kindKo": "관목지(마키·가리그)", "areaHa": 2.22, "osmId": "way/666529246", "name": null, "nameEn": null}, "geometry": {"type": "Polygon", "coordinates": [[[35.341686, 32.705344], [35.34263, 32.705084], [35.343214, 32.704795], [35.344158, 32.704701], [35.345205, 32.705416], [35.345858, 32.706182], [35.3453, 32.706145], [35.345033, 32.706283], [35.345558, 32.707179], [35.345076, 32.707518], [35.345162, 32.707301], [35.345051, 32.706962], [35.344587, 32.706348], [35.344458, 32.705691], [35.344056, 32.705495], [35.344089, 32.705185], [35.343858, 32.705026], [35.343317, 32.704947], [35.341752, 32.705418], [35.341686, 32.705344]]]}}, {"type": "Feature", "properties": {"kind": "scrub", "kindKo": "관목지(마키·가리그)", "areaHa": 7.31, "osmId": "way/666529692", "name": null, "nameEn": null}, "geometry": {"type": "Polygon", "coordinates": [[[35.336831, 32.70833], [35.338675, 32.707116], [35.339027, 32.706993], [35.338923, 32.706278], [35.339173, 32.706033], [35.339266, 32.7065], [35.339757, 32.706213], [35.339653, 32.705773], [35.33919, 32.705477], [35.339523, 32.705048], [35.33961, 32.705275], [35.340932, 32.705924], [35.34082, 32.706319], [35.342279, 32.706304], [35.342673, 32.70655], [35.343102, 32.706644], [35.343035, 32.707], [35.342864, 32.707109], [35.342589, 32.70708], [35.342115, 32.707713], [35.341275, 32.707564], [35.341284, 32.707405], [35.340984, 32.707239], [35.340631, 32.707261], [35.340477, 32.707514], [35.33986, 32.707752], [35.338889, 32.707867], [35.338958, 32.70833], [35.337757, 32.70825], [35.336831, 32.70833]]]}}, {"type": "Feature", "properties": {"kind": "scrub", "kindKo": "관목지(마키·가리그)", "areaHa": 4.64, "osmId": "way/666529696", "name": null, "nameEn": null}, "geometry": {"type": "Polygon", "coordinates": [[[35.338245, 32.711601], [35.338152, 32.710785], [35.337747, 32.71025], [35.338821, 32.709673], [35.33846, 32.709182], [35.338134, 32.70903], [35.337747, 32.709015], [35.337722, 32.708922], [35.338993, 32.70903], [35.339095, 32.70877], [35.339747, 32.708979], [35.339815, 32.709157], [35.341104, 32.709211], [35.341416, 32.709414], [35.341525, 32.709688], [35.338288, 32.711117], [35.338613, 32.71149], [35.338245, 32.711601]]]}}, {"type": "Feature", "properties": {"kind": "scrub", "kindKo": "관목지(마키·가리그)", "areaHa": 2.03, "osmId": "way/666529698", "name": null, "nameEn": null}, "geometry": {"type": "Polygon", "coordinates": [[[35.333379, 32.707145], [35.333901, 32.707403], [35.335027, 32.708589], [35.33525, 32.708633], [35.334932, 32.707809], [35.335122, 32.707311], [35.335108, 32.706772], [35.334649, 32.706248], [35.334362, 32.706266], [35.334426, 32.706805], [35.333248, 32.706827], [35.333379, 32.707145]]]}}, {"type": "Feature", "properties": {"kind": "scrub", "kindKo": "관목지(마키·가리그)", "areaHa": 0.17, "osmId": "way/666529700", "name": null, "nameEn": null}, "geometry": {"type": "Polygon", "coordinates": [[[35.341078, 32.711522], [35.341206, 32.71098], [35.341447, 32.710742], [35.34137, 32.711464], [35.341078, 32.711522]]]}}, {"type": "Feature", "properties": {"kind": "scrub", "kindKo": "관목지(마키·가리그)", "areaHa": 2.87, "osmId": "way/666531158", "name": null, "nameEn": null}, "geometry": {"type": "Polygon", "coordinates": [[[35.338795, 32.713017], [35.338846, 32.713341], [35.337843, 32.713594], [35.337755, 32.713779], [35.337774, 32.715407], [35.338074, 32.717862], [35.338126, 32.717234], [35.338786, 32.716808], [35.338589, 32.716765], [35.338169, 32.715718], [35.338392, 32.715645], [35.338169, 32.715263], [35.338374, 32.715082], [35.338553, 32.714494], [35.338821, 32.714158], [35.338821, 32.71371], [35.339018, 32.713529], [35.338919, 32.712969], [35.338795, 32.713017]]]}}, {"type": "Feature", "properties": {"kind": "scrub", "kindKo": "관목지(마키·가리그)", "areaHa": 36.44, "osmId": "way/666627076", "name": null, "nameEn": null}, "geometry": {"type": "Polygon", "coordinates": [[[35.310034, 32.738794], [35.309637, 32.738598], [35.30793, 32.738396], [35.307724, 32.738166], [35.30708, 32.738165], [35.306676, 32.739017], [35.306315, 32.739118], [35.305886, 32.739609], [35.305431, 32.739817], [35.304582, 32.740577], [35.304016, 32.740591], [35.303381, 32.740353], [35.303474, 32.740122], [35.303166, 32.740043], [35.303083, 32.740408], [35.303591, 32.741681], [35.30473, 32.74151], [35.305152, 32.742163], [35.305052, 32.742544], [35.304694, 32.742853], [35.304091, 32.742798], [35.303793, 32.743286], [35.302491, 32.743233], [35.302864, 32.742472], [35.301736, 32.74226], [35.300585, 32.74223], [35.300477, 32.741813], [35.300064, 32.741735], [35.299898, 32.741498], [35.300073, 32.740926], [35.299976, 32.740543], [35.300152, 32.740458], [35.300098, 32.740294], [35.299851, 32.740205], [35.299383, 32.740353], [35.299552, 32.740863], [35.298662, 32.740801], [35.297923, 32.740905], [35.297702, 32.741329], [35.297405, 32.741444], [35.296774, 32.741376], [35.296731, 32.741051], [35.295751, 32.740936], [35.295182, 32.740587], [35.293942, 32.741138], [35.293081, 32.741357], [35.292904, 32.741803], [35.293434, 32.741757], [35.293855, 32.742501], [35.294186, 32.742711], [35.295507, 32.742727], [35.296474, 32.742551], [35.296554, 32.743137], [35.297281, 32.743117], [35.297986, 32.742645], [35.298307, 32.742829], [35.298417, 32.743561], [35.297882, 32.74372], [35.297979, 32.744759], [35.298895, 32.744681], [35.298811, 32.744412], [35.299585, 32.744242], [35.299639, 32.744437], [35.300662, 32.744372], [35.300621, 32.744032], [35.301533, 32.743493], [35.301698, 32.74365], [35.301781, 32.744507], [35.302065, 32.744442], [35.301944, 32.744218], [35.302151, 32.74407], [35.302939, 32.743996], [35.30371, 32.744395], [35.30402, 32.744769], [35.3035, 32.745008], [35.303416, 32.745579], [35.303144, 32.745854], [35.303501, 32.745731], [35.303681, 32.74638], [35.304805, 32.745564], [35.305822, 32.744402], [35.306393, 32.744172], [35.307465, 32.74397], [35.306722, 32.743468], [35.306679, 32.742986], [35.305856, 32.742596], [35.305373, 32.741881], [35.305374, 32.741388], [35.305548, 32.741284], [35.306079, 32.741306], [35.306119, 32.740627], [35.305964, 32.740056], [35.306143, 32.739756], [35.306354, 32.739555], [35.307115, 32.739446], [35.308085, 32.738795], [35.308876, 32.738722], [35.310034, 32.738794]]]}}, {"type": "Feature", "properties": {"kind": "scrub", "kindKo": "관목지(마키·가리그)", "areaHa": 10.55, "osmId": "way/666627077", "name": null, "nameEn": null}, "geometry": {"type": "Polygon", "coordinates": [[[35.305146, 32.738481], [35.305681, 32.738771], [35.306015, 32.738664], [35.30611, 32.738554], [35.305767, 32.738086], [35.30647, 32.737487], [35.307998, 32.737271], [35.308547, 32.737711], [35.308771, 32.736028], [35.308556, 32.734886], [35.308907, 32.73475], [35.308599, 32.734353], [35.308058, 32.734274], [35.308127, 32.733602], [35.306356, 32.733234], [35.306548, 32.733445], [35.306299, 32.733915], [35.307716, 32.733605], [35.307716, 32.734265], [35.307171, 32.734315], [35.307086, 32.734953], [35.307809, 32.734975], [35.307611, 32.735491], [35.306926, 32.735598], [35.306781, 32.736018], [35.306053, 32.736281], [35.305298, 32.736366], [35.305116, 32.735931], [35.304926, 32.736024], [35.304561, 32.735982], [35.304235, 32.737298], [35.30486, 32.73752], [35.304968, 32.737968], [35.305326, 32.738254], [35.305146, 32.738481]]]}}, {"type": "Feature", "properties": {"kind": "scrub", "kindKo": "관목지(마키·가리그)", "areaHa": 9.43, "osmId": "way/666627078", "name": null, "nameEn": null}, "geometry": {"type": "Polygon", "coordinates": [[[35.317666, 32.735366], [35.317714, 32.735211], [35.317511, 32.734896], [35.317757, 32.734727], [35.318268, 32.734643], [35.318062, 32.73435], [35.319259, 32.734072], [35.318512, 32.733753], [35.318435, 32.73361], [35.318958, 32.733465], [35.318427, 32.733227], [35.317869, 32.733176], [35.31689, 32.733335], [35.315405, 32.733334], [35.315525, 32.733494], [35.31538, 32.733941], [35.315551, 32.734164], [35.31574, 32.734128], [35.315937, 32.733839], [35.316693, 32.733602], [35.3181, 32.733696], [35.318186, 32.734036], [35.317139, 32.734094], [35.317019, 32.734448], [35.315989, 32.73527], [35.315911, 32.735639], [35.316744, 32.735774], [35.316367, 32.736396], [35.315826, 32.736267], [35.315062, 32.736338], [35.31471, 32.735747], [35.314367, 32.735783], [35.314238, 32.73636], [35.314598, 32.736361], [35.314925, 32.736678], [35.314933, 32.737241], [35.314152, 32.737292], [35.314049, 32.737588], [35.313783, 32.737769], [35.313946, 32.738591], [35.313766, 32.739299], [35.312553, 32.739556], [35.312766, 32.739941], [35.313376, 32.740227], [35.31388, 32.739936], [35.31447, 32.739936], [35.314613, 32.739815], [35.314512, 32.739316], [35.314761, 32.738473], [35.314413, 32.738105], [35.314329, 32.737773], [35.314452, 32.737659], [35.314882, 32.737691], [35.3152, 32.737921], [35.315234, 32.737589], [35.315727, 32.737094], [35.316071, 32.736835], [35.316542, 32.736716], [35.316628, 32.73645], [35.317214, 32.736192], [35.317379, 32.735633], [35.317761, 32.735583], [35.317666, 32.735366]]]}}, {"type": "Feature", "properties": {"kind": "scrub", "kindKo": "관목지(마키·가리그)", "areaHa": 0.58, "osmId": "way/666627085", "name": null, "nameEn": null}, "geometry": {"type": "Polygon", "coordinates": [[[35.303569, 32.732751], [35.303299, 32.733349], [35.304459, 32.733356], [35.304546, 32.732952], [35.303569, 32.732751]]]}}, {"type": "Feature", "properties": {"kind": "scrub", "kindKo": "관목지(마키·가리그)", "areaHa": 0.35, "osmId": "way/666627087", "name": null, "nameEn": null}, "geometry": {"type": "Polygon", "coordinates": [[[35.281265, 32.735018], [35.28121, 32.735306], [35.281476, 32.735472], [35.281837, 32.735459], [35.281999, 32.735168], [35.282136, 32.73514], [35.281915, 32.734961], [35.281265, 32.735018]]]}}, {"type": "Feature", "properties": {"kind": "scrub", "kindKo": "관목지(마키·가리그)", "areaHa": 10.3, "osmId": "way/666627088", "name": null, "nameEn": null}, "geometry": {"type": "Polygon", "coordinates": [[[35.299296, 32.745929], [35.299076, 32.745293], [35.297786, 32.745584], [35.296843, 32.745972], [35.296495, 32.745922], [35.296402, 32.745643], [35.295909, 32.745597], [35.295739, 32.745702], [35.2955, 32.746475], [35.295065, 32.746477], [35.294647, 32.74591], [35.294851, 32.745303], [35.293138, 32.74407], [35.292968, 32.744046], [35.292581, 32.744386], [35.291679, 32.744594], [35.291862, 32.745088], [35.292239, 32.745586], [35.294094, 32.746872], [35.294566, 32.747615], [35.294497, 32.747739], [35.299296, 32.745929]]]}}, {"type": "Feature", "properties": {"kind": "scrub", "kindKo": "관목지(마키·가리그)", "areaHa": 15.26, "osmId": "way/666627094", "name": null, "nameEn": null}, "geometry": {"type": "Polygon", "coordinates": [[[35.300159, 32.732084], [35.298231, 32.731769], [35.295801, 32.731197], [35.293913, 32.730671], [35.290543, 32.729488], [35.289627, 32.729887], [35.289668, 32.730119], [35.291381, 32.729903], [35.29145, 32.730781], [35.291212, 32.730989], [35.291252, 32.73192], [35.292471, 32.731948], [35.293413, 32.73166], [35.293585, 32.732262], [35.29476, 32.732053], [35.295111, 32.731774], [35.295467, 32.731861], [35.29592, 32.731538], [35.296243, 32.731656], [35.295787, 32.732368], [35.295181, 32.7329], [35.295509, 32.73299], [35.295122, 32.733517], [35.294337, 32.733509], [35.294098, 32.733951], [35.294172, 32.734183], [35.295039, 32.734346], [35.296372, 32.734369], [35.297233, 32.733883], [35.297233, 32.733638], [35.297872, 32.733113], [35.297605, 32.733038], [35.297588, 32.732356], [35.298737, 32.732453], [35.299605, 32.732373], [35.300067, 32.732603], [35.300159, 32.732084]]]}}, {"type": "Feature", "properties": {"kind": "scrub", "kindKo": "관목지(마키·가리그)", "areaHa": 0.23, "osmId": "way/666627944", "name": null, "nameEn": null}, "geometry": {"type": "Polygon", "coordinates": [[[35.322666, 32.741269], [35.322795, 32.741038], [35.322709, 32.740655], [35.323293, 32.740886], [35.323104, 32.741088], [35.323207, 32.741197], [35.323095, 32.741334], [35.322666, 32.741269]]]}}, {"type": "Feature", "properties": {"kind": "scrub", "kindKo": "관목지(마키·가리그)", "areaHa": 0.45, "osmId": "way/666627946", "name": null, "nameEn": null}, "geometry": {"type": "Polygon", "coordinates": [[[35.321177, 32.742036], [35.321486, 32.742033], [35.321653, 32.74215], [35.321822, 32.742096], [35.321779, 32.741962], [35.322268, 32.741909], [35.322388, 32.742272], [35.321696, 32.742597], [35.321177, 32.742036]]]}}, {"type": "Feature", "properties": {"kind": "scrub", "kindKo": "관목지(마키·가리그)", "areaHa": 17.4, "osmId": "way/666627947", "name": null, "nameEn": null}, "geometry": {"type": "Polygon", "coordinates": [[[35.330417, 32.739912], [35.330932, 32.740164], [35.331275, 32.740539], [35.331764, 32.74155], [35.333309, 32.741725], [35.333421, 32.742286], [35.332906, 32.742086], [35.331634, 32.742149], [35.331576, 32.742683], [35.331052, 32.742757], [35.330838, 32.743125], [35.330039, 32.743234], [35.329988, 32.743428], [35.330305, 32.743933], [35.330022, 32.743991], [35.329344, 32.743804], [35.329318, 32.743558], [35.329661, 32.743153], [35.329661, 32.74285], [35.32949, 32.74267], [35.329782, 32.742272], [35.329155, 32.742027], [35.328984, 32.741817], [35.329206, 32.741031], [35.329001, 32.740959], [35.32864, 32.741175], [35.328186, 32.741645], [35.328237, 32.742042], [35.328777, 32.742005], [35.328942, 32.742396], [35.327864, 32.742717], [35.327712, 32.742224], [35.327321, 32.742264], [35.327735, 32.742044], [35.327228, 32.741726], [35.327584, 32.741393], [35.327439, 32.741227], [35.327572, 32.741062], [35.327216, 32.74054], [35.327716, 32.74009], [35.327905, 32.740146], [35.327502, 32.740728], [35.327875, 32.741142], [35.328683, 32.74044], [35.328206, 32.740161], [35.328258, 32.73983], [35.328399, 32.739776], [35.328136, 32.738597], [35.327763, 32.738664], [35.327224, 32.737892], [35.328683, 32.737559], [35.32826, 32.73702], [35.328586, 32.736806], [35.329628, 32.738245], [35.33246, 32.739653], [35.333275, 32.739768], [35.333705, 32.739963], [35.332168, 32.73987], [35.332185, 32.73966], [35.331859, 32.739653], [35.33183, 32.739446], [35.330429, 32.739295], [35.330417, 32.739912]]]}}, {"type": "Feature", "properties": {"kind": "scrub", "kindKo": "관목지(마키·가리그)", "areaHa": 3.8, "osmId": "way/666627951", "name": null, "nameEn": null}, "geometry": {"type": "Polygon", "coordinates": [[[35.322362, 32.732096], [35.322289, 32.731964], [35.322443, 32.731675], [35.321657, 32.730799], [35.320675, 32.731365], [35.319739, 32.73148], [35.31949, 32.731358], [35.322194, 32.730013], [35.32325, 32.729155], [35.323524, 32.729133], [35.324311, 32.729385], [35.324064, 32.729529], [35.324109, 32.729891], [35.32331, 32.729834], [35.323285, 32.730108], [35.323639, 32.73079], [35.323194, 32.730993], [35.322767, 32.730555], [35.322324, 32.730778], [35.322228, 32.731117], [35.322532, 32.731725], [35.322362, 32.732096]]]}}, {"type": "Feature", "properties": {"kind": "scrub", "kindKo": "관목지(마키·가리그)", "areaHa": 1.64, "osmId": "way/666627953", "name": null, "nameEn": null}, "geometry": {"type": "Polygon", "coordinates": [[[35.300865, 32.740164], [35.302102, 32.739702], [35.302324, 32.739767], [35.302359, 32.740136], [35.302608, 32.740258], [35.302882, 32.740208], [35.303114, 32.739717], [35.302582, 32.739709], [35.301879, 32.739067], [35.301578, 32.739125], [35.300891, 32.739305], [35.300685, 32.739464], [35.300711, 32.73963], [35.300496, 32.739731], [35.300522, 32.740186], [35.300865, 32.740164]]]}}, {"type": "Feature", "properties": {"kind": "scrub", "kindKo": "관목지(마키·가리그)", "areaHa": 2.31, "osmId": "way/666627954", "name": null, "nameEn": null}, "geometry": {"type": "Polygon", "coordinates": [[[35.321209, 32.733839], [35.320306, 32.73293], [35.320212, 32.732613], [35.320426, 32.732339], [35.321445, 32.732065], [35.321805, 32.732564], [35.322183, 32.732495], [35.322049, 32.732807], [35.322254, 32.732915], [35.322134, 32.733191], [35.322318, 32.733517], [35.321868, 32.7335], [35.321209, 32.733839]]]}}, {"type": "Feature", "properties": {"kind": "forest", "kindKo": "숲(조림지)", "areaHa": 0.39, "osmId": "way/667261396", "name": null, "nameEn": null}, "geometry": {"type": "Polygon", "coordinates": [[[35.253153, 32.677773], [35.252777, 32.677307], [35.253236, 32.677036], [35.253609, 32.677267], [35.253397, 32.677773], [35.253153, 32.677773]]]}}, {"type": "Feature", "properties": {"kind": "scrub", "kindKo": "관목지(마키·가리그)", "areaHa": 1.54, "osmId": "way/771645469", "name": null, "nameEn": null}, "geometry": {"type": "Polygon", "coordinates": [[[35.358575, 32.729746], [35.358657, 32.729709], [35.357807, 32.728708], [35.356888, 32.728549], [35.355129, 32.72852], [35.355111, 32.728361], [35.354785, 32.728347], [35.35474, 32.728651], [35.357538, 32.729175], [35.358575, 32.729746]]]}}, {"type": "Feature", "properties": {"kind": "forest", "kindKo": "숲(조림지)", "areaHa": 0.27, "osmId": "way/998400225", "name": null, "nameEn": null}, "geometry": {"type": "Polygon", "coordinates": [[[35.278898, 32.744762], [35.278848, 32.74425], [35.279426, 32.744232], [35.279353, 32.744726], [35.278898, 32.744762]]]}}, {"type": "Feature", "properties": {"kind": "scrub", "kindKo": "관목지(마키·가리그)", "areaHa": 1.43, "osmId": "way/1038624567", "name": null, "nameEn": null}, "geometry": {"type": "Polygon", "coordinates": [[[35.267803, 32.679638], [35.268079, 32.679232], [35.267738, 32.6791], [35.268014, 32.678772], [35.26977, 32.67995], [35.269331, 32.680384], [35.267803, 32.679638]]]}}, {"type": "Feature", "properties": {"kind": "scrub", "kindKo": "관목지(마키·가리그)", "areaHa": 0.62, "osmId": "way/1038624568", "name": null, "nameEn": null}, "geometry": {"type": "Polygon", "coordinates": [[[35.264465, 32.679027], [35.264376, 32.678921], [35.264651, 32.678068], [35.265343, 32.678104], [35.264894, 32.678296], [35.264731, 32.67878], [35.265291, 32.679086], [35.267094, 32.679558], [35.264465, 32.679027]]]}}, {"type": "Feature", "properties": {"kind": "scrub", "kindKo": "관목지(마키·가리그)", "areaHa": 0.27, "osmId": "way/1072682329", "name": null, "nameEn": null}, "geometry": {"type": "Polygon", "coordinates": [[[35.297062, 32.715127], [35.296774, 32.7147], [35.297138, 32.714416], [35.297487, 32.714802], [35.297062, 32.715127]]]}}, {"type": "Feature", "properties": {"kind": "scrub", "kindKo": "관목지(마키·가리그)", "areaHa": 1.21, "osmId": "way/1072682331", "name": null, "nameEn": null}, "geometry": {"type": "Polygon", "coordinates": [[[35.295025, 32.715301], [35.295062, 32.715125], [35.294741, 32.714971], [35.294958, 32.714603], [35.295226, 32.714421], [35.295666, 32.71426], [35.29573, 32.714511], [35.295947, 32.714666], [35.296825, 32.714125], [35.296991, 32.714348], [35.296468, 32.714779], [35.295425, 32.715093], [35.295851, 32.715319], [35.295025, 32.715301]]]}}, {"type": "Feature", "properties": {"kind": "scrub", "kindKo": "관목지(마키·가리그)", "areaHa": 0.58, "osmId": "way/1072682344", "name": null, "nameEn": null}, "geometry": {"type": "Polygon", "coordinates": [[[35.304276, 32.710399], [35.304155, 32.710221], [35.304018, 32.710266], [35.303562, 32.709537], [35.304096, 32.709514], [35.304471, 32.709704], [35.304611, 32.710099], [35.304276, 32.710399]]]}}, {"type": "Feature", "properties": {"kind": "scrub", "kindKo": "관목지(마키·가리그)", "areaHa": 1.01, "osmId": "way/1077959004", "name": null, "nameEn": null}, "geometry": {"type": "Polygon", "coordinates": [[[35.303345, 32.720372], [35.303374, 32.720053], [35.30356, 32.720057], [35.303487, 32.719236], [35.303257, 32.719252], [35.303235, 32.718986], [35.303404, 32.718972], [35.302708, 32.717608], [35.303015, 32.719737], [35.302973, 32.720453], [35.303345, 32.720372]]]}}, {"type": "Feature", "properties": {"kind": "scrub", "kindKo": "관목지(마키·가리그)", "areaHa": 1.76, "osmId": "way/1078811421", "name": null, "nameEn": null}, "geometry": {"type": "Polygon", "coordinates": [[[35.281193, 32.683397], [35.280516, 32.685082], [35.280933, 32.685184], [35.280976, 32.684772], [35.281144, 32.684755], [35.281499, 32.684306], [35.281971, 32.684108], [35.2821, 32.683703], [35.28201, 32.683074], [35.281507, 32.682622], [35.281193, 32.683397]]]}}, {"type": "Feature", "properties": {"kind": "scrub", "kindKo": "관목지(마키·가리그)", "areaHa": 0.26, "osmId": "way/1080291734", "name": null, "nameEn": null}, "geometry": {"type": "Polygon", "coordinates": [[[35.284261, 32.687214], [35.283926, 32.687171], [35.283856, 32.687487], [35.283599, 32.687329], [35.283652, 32.686882], [35.284269, 32.686925], [35.284261, 32.687214]]]}}, {"type": "Feature", "properties": {"kind": "forest", "kindKo": "숲(조림지)", "areaHa": 0.2, "osmId": "way/1080291821", "name": null, "nameEn": null}, "geometry": {"type": "Polygon", "coordinates": [[[35.287405, 32.691076], [35.287043, 32.690821], [35.287242, 32.690576], [35.287744, 32.690829], [35.287625, 32.691047], [35.287503, 32.690986], [35.287405, 32.691076]]]}}, {"type": "Feature", "properties": {"kind": "forest", "kindKo": "숲(조림지)", "areaHa": 0.49, "osmId": "way/1081825049", "name": null, "nameEn": null}, "geometry": {"type": "Polygon", "coordinates": [[[35.295646, 32.695977], [35.295784, 32.696052], [35.2956, 32.696219], [35.29563, 32.69663], [35.295273, 32.696742], [35.295273, 32.696558], [35.294801, 32.696396], [35.295016, 32.69602], [35.295372, 32.695887], [35.295646, 32.695977]]]}}, {"type": "Feature", "properties": {"kind": "forest", "kindKo": "숲(조림지)", "areaHa": 0.89, "osmId": "way/1084406787", "name": null, "nameEn": null}, "geometry": {"type": "Polygon", "coordinates": [[[35.310918, 32.706606], [35.310587, 32.706597], [35.311109, 32.706211], [35.310976, 32.705843], [35.309667, 32.705743], [35.308919, 32.705445], [35.30868, 32.70521], [35.30931, 32.705307], [35.309511, 32.705533], [35.310547, 32.705513], [35.31118, 32.705619], [35.311518, 32.706057], [35.310918, 32.706606]]]}}, {"type": "Feature", "properties": {"kind": "orchard", "kindKo": "과수원", "areaHa": 0.79, "osmId": "way/1084413899", "name": null, "nameEn": null}, "geometry": {"type": "Polygon", "coordinates": [[[35.311839, 32.705265], [35.311727, 32.704671], [35.312245, 32.704662], [35.312451, 32.704497], [35.312773, 32.705269], [35.312636, 32.705558], [35.312412, 32.705787], [35.312165, 32.705536], [35.312079, 32.705227], [35.311839, 32.705265]]]}}, {"type": "Feature", "properties": {"kind": "scrub", "kindKo": "관목지(마키·가리그)", "areaHa": 0.21, "osmId": "way/1084413901", "name": null, "nameEn": null}, "geometry": {"type": "Polygon", "coordinates": [[[35.312341, 32.706402], [35.312105, 32.706217], [35.312883, 32.705639], [35.312915, 32.705745], [35.312341, 32.706402]]]}}, {"type": "Feature", "properties": {"kind": "scrub", "kindKo": "관목지(마키·가리그)", "areaHa": 0.51, "osmId": "way/1084413904", "name": null, "nameEn": null}, "geometry": {"type": "Polygon", "coordinates": [[[35.306636, 32.708532], [35.306432, 32.708329], [35.307009, 32.708088], [35.306966, 32.707727], [35.307578, 32.707673], [35.30747, 32.708149], [35.308059, 32.70835], [35.308074, 32.708487], [35.307277, 32.708325], [35.307258, 32.708167], [35.306861, 32.708216], [35.306636, 32.708532]]]}}, {"type": "Feature", "properties": {"kind": "forest", "kindKo": "숲(조림지)", "areaHa": 1.19, "osmId": "way/1084413915", "name": null, "nameEn": null}, "geometry": {"type": "Polygon", "coordinates": [[[35.303128, 32.712114], [35.302039, 32.71162], [35.301907, 32.711372], [35.303308, 32.71097], [35.30364, 32.711261], [35.303884, 32.71127], [35.303128, 32.712114]]]}}, {"type": "Feature", "properties": {"kind": "scrub", "kindKo": "관목지(마키·가리그)", "areaHa": 1.02, "osmId": "way/1084413916", "name": null, "nameEn": null}, "geometry": {"type": "Polygon", "coordinates": [[[35.301084, 32.710742], [35.30095, 32.710225], [35.301317, 32.709963], [35.301645, 32.71], [35.301773, 32.709823], [35.302001, 32.709938], [35.301835, 32.710417], [35.302489, 32.710753], [35.302645, 32.711008], [35.302194, 32.711141], [35.301524, 32.710701], [35.301296, 32.710841], [35.301084, 32.710742]]]}}, {"type": "Feature", "properties": {"kind": "forest", "kindKo": "숲(조림지)", "areaHa": 0.21, "osmId": "way/1084413959", "name": null, "nameEn": null}, "geometry": {"type": "Polygon", "coordinates": [[[35.305713, 32.704831], [35.305448, 32.704725], [35.305469, 32.704605], [35.305673, 32.704603], [35.305708, 32.704321], [35.306038, 32.704366], [35.305941, 32.70454], [35.306108, 32.704585], [35.30599, 32.704806], [35.305713, 32.704831]]]}}, {"type": "Feature", "properties": {"kind": "scrub", "kindKo": "관목지(마키·가리그)", "areaHa": 0.23, "osmId": "way/1084421511", "name": null, "nameEn": null}, "geometry": {"type": "Polygon", "coordinates": [[[35.303506, 32.695597], [35.303694, 32.695216], [35.304638, 32.694952], [35.304048, 32.695243], [35.30411, 32.695349], [35.303506, 32.695597]]]}}, {"type": "Feature", "properties": {"kind": "scrub", "kindKo": "관목지(마키·가리그)", "areaHa": 0.45, "osmId": "way/1084452510", "name": null, "nameEn": null}, "geometry": {"type": "Polygon", "coordinates": [[[35.301653, 32.699595], [35.301634, 32.699322], [35.301331, 32.699335], [35.301164, 32.699195], [35.301368, 32.699064], [35.301497, 32.699177], [35.301717, 32.69906], [35.301403, 32.69873], [35.301559, 32.698624], [35.301717, 32.698791], [35.301864, 32.698678], [35.302181, 32.699001], [35.301918, 32.699197], [35.302044, 32.699306], [35.301897, 32.699401], [35.302004, 32.699543], [35.301653, 32.699595]]]}}, {"type": "Feature", "properties": {"kind": "scrub", "kindKo": "관목지(마키·가리그)", "areaHa": 0.17, "osmId": "way/1084452552", "name": null, "nameEn": null}, "geometry": {"type": "Polygon", "coordinates": [[[35.304284, 32.699778], [35.303903, 32.699577], [35.304232, 32.69928], [35.304564, 32.699474], [35.304284, 32.699778]]]}}, {"type": "Feature", "properties": {"kind": "scrub", "kindKo": "관목지(마키·가리그)", "areaHa": 0.19, "osmId": "way/1085100398", "name": null, "nameEn": null}, "geometry": {"type": "Polygon", "coordinates": [[[35.303055, 32.698164], [35.30279, 32.698012], [35.302602, 32.698164], [35.302288, 32.6979], [35.302441, 32.69776], [35.303087, 32.697913], [35.303055, 32.698164]]]}}, {"type": "Feature", "properties": {"kind": "scrub", "kindKo": "관목지(마키·가리그)", "areaHa": 0.33, "osmId": "way/1087329591", "name": null, "nameEn": null}, "geometry": {"type": "Polygon", "coordinates": [[[35.277215, 32.686676], [35.277097, 32.686442], [35.276617, 32.686114], [35.276416, 32.686252], [35.276341, 32.686098], [35.276579, 32.685832], [35.277228, 32.686107], [35.277086, 32.686207], [35.277438, 32.686536], [35.277215, 32.686676]]]}}, {"type": "Feature", "properties": {"kind": "scrub", "kindKo": "관목지(마키·가리그)", "areaHa": 0.34, "osmId": "way/1087482566", "name": null, "nameEn": null}, "geometry": {"type": "Polygon", "coordinates": [[[35.273033, 32.687606], [35.272907, 32.686974], [35.272996, 32.686898], [35.273237, 32.687026], [35.273417, 32.686785], [35.27339, 32.687552], [35.273232, 32.687584], [35.27332, 32.687834], [35.273167, 32.687882], [35.273033, 32.687606]]]}}, {"type": "Feature", "properties": {"kind": "scrub", "kindKo": "관목지(마키·가리그)", "areaHa": 0.93, "osmId": "way/1087918660", "name": null, "nameEn": null}, "geometry": {"type": "Polygon", "coordinates": [[[35.276736, 32.693284], [35.276668, 32.692978], [35.276889, 32.692932], [35.276823, 32.692621], [35.276979, 32.6926], [35.276764, 32.692008], [35.27648, 32.692058], [35.276448, 32.69153], [35.276689, 32.691387], [35.276877, 32.692017], [35.277065, 32.692232], [35.277454, 32.692318], [35.277556, 32.692541], [35.277322, 32.69264], [35.277547, 32.692952], [35.277357, 32.692986], [35.277422, 32.693171], [35.277167, 32.693629], [35.277003, 32.69323], [35.276736, 32.693284]]]}}, {"type": "Feature", "properties": {"kind": "scrub", "kindKo": "관목지(마키·가리그)", "areaHa": 1.04, "osmId": "way/1087996068", "name": null, "nameEn": null}, "geometry": {"type": "Polygon", "coordinates": [[[35.262362, 32.679003], [35.264304, 32.679368], [35.264165, 32.67966], [35.262998, 32.680014], [35.262826, 32.679913], [35.262655, 32.679263], [35.262362, 32.679003]]]}}, {"type": "Feature", "properties": {"kind": "scrub", "kindKo": "관목지(마키·가리그)", "areaHa": 0.37, "osmId": "way/1087996093", "name": null, "nameEn": null}, "geometry": {"type": "Polygon", "coordinates": [[[35.277808, 32.683168], [35.277655, 32.682782], [35.277502, 32.682703], [35.277609, 32.682383], [35.278006, 32.682434], [35.278237, 32.683064], [35.278162, 32.683216], [35.277808, 32.683168]]]}}, {"type": "Feature", "properties": {"kind": "scrub", "kindKo": "관목지(마키·가리그)", "areaHa": 1.44, "osmId": "way/1088807327", "name": null, "nameEn": null}, "geometry": {"type": "Polygon", "coordinates": [[[35.321872, 32.71351], [35.321576, 32.712886], [35.321179, 32.712836], [35.321193, 32.712418], [35.322934, 32.712734], [35.323084, 32.712969], [35.322997, 32.713482], [35.322029, 32.713583], [35.321872, 32.71351]]]}}, {"type": "Feature", "properties": {"kind": "scrub", "kindKo": "관목지(마키·가리그)", "areaHa": 0.37, "osmId": "way/1092345780", "name": null, "nameEn": null}, "geometry": {"type": "Polygon", "coordinates": [[[35.320235, 32.716267], [35.321557, 32.716479], [35.32185, 32.716375], [35.321498, 32.716063], [35.320235, 32.716267]]]}}, {"type": "Feature", "properties": {"kind": "scrub", "kindKo": "관목지(마키·가리그)", "areaHa": 0.43, "osmId": "way/1093918153", "name": null, "nameEn": null}, "geometry": {"type": "Polygon", "coordinates": [[[35.319269, 32.722089], [35.319095, 32.721915], [35.318819, 32.721899], [35.319835, 32.721421], [35.319983, 32.721617], [35.320315, 32.721531], [35.320404, 32.721732], [35.319626, 32.721865], [35.319269, 32.722089]]]}}, {"type": "Feature", "properties": {"kind": "scrub", "kindKo": "관목지(마키·가리그)", "areaHa": 0.26, "osmId": "way/1093918154", "name": null, "nameEn": null}, "geometry": {"type": "Polygon", "coordinates": [[[35.32141, 32.718223], [35.321394, 32.717821], [35.321734, 32.717607], [35.321976, 32.717803], [35.321898, 32.717977], [35.321764, 32.718178], [35.32141, 32.718223]]]}}, {"type": "Feature", "properties": {"kind": "orchard", "kindKo": "과수원", "areaHa": 0.17, "osmId": "way/1093932866", "name": null, "nameEn": null}, "geometry": {"type": "Polygon", "coordinates": [[[35.315249, 32.724521], [35.315216, 32.724237], [35.315857, 32.724325], [35.315675, 32.724589], [35.315249, 32.724521]]]}}, {"type": "Feature", "properties": {"kind": "orchard", "kindKo": "과수원", "areaHa": 0.32, "osmId": "way/1093932867", "name": null, "nameEn": null}, "geometry": {"type": "Polygon", "coordinates": [[[35.316901, 32.724281], [35.31672, 32.724088], [35.31682, 32.723985], [35.316536, 32.723844], [35.316712, 32.723616], [35.316956, 32.723792], [35.317275, 32.723746], [35.317484, 32.723992], [35.316901, 32.724281]]]}}, {"type": "Feature", "properties": {"kind": "orchard", "kindKo": "과수원", "areaHa": 0.31, "osmId": "way/1093932868", "name": null, "nameEn": null}, "geometry": {"type": "Polygon", "coordinates": [[[35.317955, 32.725789], [35.317687, 32.72541], [35.317708, 32.72518], [35.318003, 32.725045], [35.318395, 32.725582], [35.317955, 32.725789]]]}}, {"type": "Feature", "properties": {"kind": "orchard", "kindKo": "과수원", "areaHa": 0.3, "osmId": "way/1093932869", "name": null, "nameEn": null}, "geometry": {"type": "Polygon", "coordinates": [[[35.314868, 32.724936], [35.314868, 32.724799], [35.314302, 32.724799], [35.31431, 32.724657], [35.315262, 32.724686], [35.315742, 32.724889], [35.315664, 32.725027], [35.314868, 32.724936]]]}}, {"type": "Feature", "properties": {"kind": "orchard", "kindKo": "과수원", "areaHa": 0.36, "osmId": "way/1094785114", "name": null, "nameEn": null}, "geometry": {"type": "Polygon", "coordinates": [[[35.320476, 32.728477], [35.320238, 32.728005], [35.320511, 32.727885], [35.320377, 32.727653], [35.320661, 32.72754], [35.320844, 32.727784], [35.320551, 32.727942], [35.320645, 32.728093], [35.321015, 32.72812], [35.321088, 32.72824], [35.320476, 32.728477]]]}}, {"type": "Feature", "properties": {"kind": "orchard", "kindKo": "과수원", "areaHa": 0.2, "osmId": "way/1095592171", "name": null, "nameEn": null}, "geometry": {"type": "Polygon", "coordinates": [[[35.318411, 32.719178], [35.318222, 32.718916], [35.31882, 32.718674], [35.318964, 32.718952], [35.318411, 32.719178]]]}}, {"type": "Feature", "properties": {"kind": "scrub", "kindKo": "관목지(마키·가리그)", "areaHa": 3.26, "osmId": "way/1230286956", "name": null, "nameEn": null}, "geometry": {"type": "Polygon", "coordinates": [[[35.339345, 32.728258], [35.339471, 32.72808], [35.339117, 32.727649], [35.338877, 32.727769], [35.33869, 32.727595], [35.33869, 32.727095], [35.338414, 32.727123], [35.338198, 32.726117], [35.337467, 32.725002], [35.337528, 32.724756], [35.337389, 32.724496], [35.33658, 32.723952], [35.335788, 32.723777], [35.335779, 32.723497], [35.334296, 32.723405], [35.334861, 32.723196], [35.335056, 32.722898], [35.336129, 32.723063], [35.336588, 32.723658], [35.337454, 32.723996], [35.337975, 32.724523], [35.338131, 32.724824], [35.337761, 32.725197], [35.338246, 32.726016], [35.338947, 32.726445], [35.338922, 32.726763], [35.339432, 32.727871], [35.339687, 32.728162], [35.340618, 32.728101], [35.339859, 32.728397], [35.339345, 32.728258]]]}}, {"type": "Feature", "properties": {"kind": "scrub", "kindKo": "관목지(마키·가리그)", "areaHa": 0.52, "osmId": "way/1230286957", "name": null, "nameEn": null}, "geometry": {"type": "Polygon", "coordinates": [[[35.340006, 32.728819], [35.339987, 32.728674], [35.340752, 32.728173], [35.34102, 32.728117], [35.341779, 32.728334], [35.340006, 32.728819]]]}}, {"type": "Feature", "properties": {"kind": "scrub", "kindKo": "관목지(마키·가리그)", "areaHa": 0.28, "osmId": "way/1230286978", "name": null, "nameEn": null}, "geometry": {"type": "Polygon", "coordinates": [[[35.342983, 32.7294], [35.342938, 32.729262], [35.34365, 32.728976], [35.343896, 32.729185], [35.343818, 32.729353], [35.34354, 32.72944], [35.342983, 32.7294]]]}}, {"type": "Feature", "properties": {"kind": "scrub", "kindKo": "관목지(마키·가리그)", "areaHa": 5.86, "osmId": "way/1230287038", "name": null, "nameEn": null}, "geometry": {"type": "Polygon", "coordinates": [[[35.349689, 32.730702], [35.349158, 32.731789], [35.348578, 32.732169], [35.347543, 32.732345], [35.346368, 32.732047], [35.345907, 32.732119], [35.345413, 32.732024], [35.345059, 32.731636], [35.344802, 32.730991], [35.344941, 32.729362], [35.344769, 32.72914], [35.344276, 32.729339], [35.344721, 32.728739], [35.344727, 32.728572], [35.344469, 32.728283], [35.345392, 32.727994], [35.346368, 32.728292], [35.346019, 32.728838], [35.346025, 32.729249], [35.345724, 32.729479], [35.345569, 32.730693], [35.345901, 32.731433], [35.346524, 32.731875], [35.347243, 32.732019], [35.348031, 32.731834], [35.348498, 32.731465], [35.348965, 32.731316], [35.349308, 32.730625], [35.349689, 32.730702]]]}}, {"type": "Feature", "properties": {"kind": "scrub", "kindKo": "관목지(마키·가리그)", "areaHa": 0.8, "osmId": "way/1230287041", "name": null, "nameEn": null}, "geometry": {"type": "Polygon", "coordinates": [[[35.346803, 32.731817], [35.346926, 32.731451], [35.347425, 32.731473], [35.347849, 32.731302], [35.348348, 32.730666], [35.348578, 32.730891], [35.34838, 32.731325], [35.348015, 32.731681], [35.347495, 32.731848], [35.346803, 32.731817]]]}}, {"type": "Feature", "properties": {"kind": "scrub", "kindKo": "관목지(마키·가리그)", "areaHa": 2.35, "osmId": "way/1230293713", "name": null, "nameEn": null}, "geometry": {"type": "Polygon", "coordinates": [[[35.304354, 32.691933], [35.304183, 32.691947], [35.303618, 32.69271], [35.302724, 32.692799], [35.302809, 32.693852], [35.303512, 32.694978], [35.302903, 32.695248], [35.302268, 32.692744], [35.302354, 32.692395], [35.302504, 32.69231], [35.302956, 32.692604], [35.303573, 32.692207], [35.303545, 32.691926], [35.303927, 32.691909], [35.303992, 32.690486], [35.30437, 32.690599], [35.304354, 32.691933]]]}}, {"type": "Feature", "properties": {"kind": "forest", "kindKo": "숲(조림지)", "areaHa": 24.3, "osmId": "way/1230323942", "name": null, "nameEn": null}, "geometry": {"type": "Polygon", "coordinates": [[[35.339666, 32.727987], [35.33895, 32.726712], [35.338957, 32.726458], [35.338246, 32.725986], [35.338086, 32.725713], [35.337828, 32.725167], [35.338155, 32.724832], [35.337903, 32.724359], [35.336603, 32.723565], [35.33587, 32.722905], [35.334786, 32.722836], [35.334541, 32.722618], [35.334586, 32.722392], [35.335634, 32.721954], [35.335993, 32.722007], [35.33652, 32.722658], [35.337462, 32.72281], [35.33811, 32.722517], [35.338054, 32.722114], [35.338646, 32.722081], [35.339118, 32.722571], [35.339886, 32.722913], [35.339715, 32.723552], [35.34023, 32.723618], [35.34017, 32.72406], [35.342274, 32.72431], [35.342964, 32.724617], [35.3436, 32.72635], [35.343339, 32.726851], [35.342483, 32.727251], [35.342575, 32.727463], [35.340663, 32.728068], [35.339666, 32.727987]]]}}, {"type": "Feature", "properties": {"kind": "scrub", "kindKo": "관목지(마키·가리그)", "areaHa": 3.1, "osmId": "way/1232169635", "name": null, "nameEn": null}, "geometry": {"type": "Polygon", "coordinates": [[[35.359082, 32.69293], [35.359154, 32.692451], [35.359383, 32.692333], [35.362011, 32.692717], [35.362011, 32.693641], [35.361272, 32.69378], [35.359776, 32.693572], [35.359873, 32.693056], [35.359082, 32.69293]]]}}, {"type": "Feature", "properties": {"kind": "scrub", "kindKo": "관목지(마키·가리그)", "areaHa": 5.26, "osmId": "way/1266728872", "name": null, "nameEn": null}, "geometry": {"type": "Polygon", "coordinates": [[[35.281096, 32.721392], [35.281611, 32.721592], [35.283741, 32.721756], [35.28425, 32.721397], [35.285203, 32.721243], [35.28531, 32.720601], [35.286434, 32.720466], [35.284239, 32.720456], [35.284156, 32.720222], [35.283582, 32.720083], [35.282564, 32.720133], [35.281623, 32.720646], [35.281765, 32.72084], [35.2808, 32.721273], [35.281096, 32.721392]]]}}, {"type": "Feature", "properties": {"kind": "orchard", "kindKo": "과수원", "areaHa": 0.23, "osmId": "way/1388168984", "name": null, "nameEn": null}, "geometry": {"type": "Polygon", "coordinates": [[[35.347715, 32.721209], [35.347945, 32.720601], [35.348284, 32.720714], [35.347988, 32.721328], [35.347715, 32.721209]]]}}, {"type": "Feature", "properties": {"kind": "forest", "kindKo": "숲(조림지)", "areaHa": 6.81, "osmId": "relation/1637741", "name": "יער ציפורי", "nameEn": "Zippori Forest"}, "geometry": {"type": "Polygon", "coordinates": [[[35.32708, 32.761914], [35.327066, 32.7617], [35.325943, 32.761609], [35.325587, 32.76096], [35.32554, 32.76053], [35.324761, 32.760671], [35.324292, 32.760588], [35.323626, 32.760764], [35.323094, 32.761236], [35.32286, 32.761621], [35.32358, 32.76245], [35.324057, 32.76352], [35.324977, 32.763017], [35.325096, 32.76269], [35.326502, 32.76233], [35.32708, 32.761914]]]}}, {"type": "Feature", "properties": {"kind": "forest", "kindKo": "숲(조림지)", "areaHa": 3.28, "osmId": "relation/1637741", "name": "יער ציפורי", "nameEn": "Zippori Forest"}, "geometry": {"type": "Polygon", "coordinates": [[[35.322617, 32.758796], [35.323145, 32.758262], [35.323211, 32.757886], [35.324803, 32.755493], [35.324426, 32.755328], [35.3237, 32.756456], [35.323833, 32.756549], [35.322108, 32.758466], [35.321487, 32.758716], [35.320269, 32.75852], [35.319899, 32.758682], [35.319628, 32.758999], [35.319954, 32.759305], [35.320501, 32.759018], [35.321879, 32.759114], [35.322617, 32.758796]]]}}, {"type": "Feature", "properties": {"kind": "forest", "kindKo": "숲(조림지)", "areaHa": 0.44, "osmId": "relation/1637741", "name": "יער ציפורי", "nameEn": "Zippori Forest"}, "geometry": {"type": "Polygon", "coordinates": [[[35.319643, 32.763361], [35.319439, 32.763267], [35.318649, 32.763733], [35.317739, 32.764079], [35.317855, 32.764275], [35.319695, 32.763515], [35.319643, 32.763361]]]}}, {"type": "Feature", "properties": {"kind": "forest", "kindKo": "숲(조림지)", "areaHa": 162.7, "osmId": "relation/1637741", "name": "יער ציפורי", "nameEn": "Zippori Forest"}, "geometry": {"type": "Polygon", "coordinates": [[[35.301558, 32.759982], [35.303722, 32.758691], [35.304586, 32.75774], [35.304783, 32.757266], [35.305019, 32.755833], [35.304184, 32.755223], [35.303801, 32.754708], [35.305201, 32.753522], [35.30472, 32.752663], [35.304778, 32.752307], [35.306536, 32.752108], [35.306862, 32.752662], [35.309174, 32.751557], [35.30993, 32.750498], [35.309697, 32.750037], [35.308822, 32.749144], [35.309247, 32.748591], [35.311008, 32.748616], [35.311273, 32.748218], [35.314988, 32.745256], [35.315854, 32.743962], [35.315621, 32.743771], [35.315531, 32.743814], [35.316442, 32.742868], [35.315064, 32.741662], [35.314674, 32.742018], [35.313921, 32.741228], [35.31209, 32.74265], [35.311829, 32.742598], [35.311041, 32.742935], [35.309482, 32.743883], [35.308953, 32.743744], [35.308087, 32.743837], [35.305881, 32.744422], [35.304873, 32.745547], [35.303821, 32.74628], [35.303957, 32.746356], [35.303646, 32.746445], [35.30343, 32.745826], [35.29957, 32.745999], [35.297963, 32.746417], [35.294594, 32.747759], [35.2941, 32.7481], [35.292409, 32.748502], [35.292418, 32.748597], [35.290673, 32.748839], [35.290827, 32.749287], [35.290672, 32.749501], [35.29353, 32.749895], [35.294585, 32.749801], [35.295793, 32.74935], [35.296537, 32.749849], [35.296359, 32.749954], [35.299011, 32.75146], [35.29913, 32.751793], [35.302008, 32.751251], [35.301852, 32.752116], [35.300928, 32.752242], [35.299521, 32.752687], [35.300163, 32.753291], [35.300669, 32.754009], [35.300626, 32.754392], [35.301506, 32.755481], [35.300742, 32.756006], [35.300754, 32.757027], [35.300378, 32.757281], [35.300499, 32.75746], [35.29938, 32.758067], [35.297386, 32.758778], [35.296877, 32.759183], [35.296414, 32.75984], [35.296674, 32.760143], [35.297456, 32.759882], [35.298449, 32.759744], [35.298967, 32.760156], [35.298995, 32.760509], [35.299897, 32.760818], [35.301128, 32.760293], [35.301558, 32.759982]]]}}, {"type": "Feature", "properties": {"kind": "forest", "kindKo": "숲(조림지)", "areaHa": 2.01, "osmId": "relation/1637741", "name": "יער ציפורי", "nameEn": "Zippori Forest"}, "geometry": {"type": "Polygon", "coordinates": [[[35.312308, 32.760914], [35.312322, 32.76072], [35.311769, 32.761005], [35.311571, 32.761571], [35.311502, 32.762568], [35.311741, 32.763231], [35.312316, 32.763976], [35.314366, 32.765454], [35.3142, 32.764806], [35.312789, 32.764116], [35.312289, 32.763561], [35.311968, 32.762872], [35.311962, 32.761735], [35.312308, 32.760914]]]}}, {"type": "Feature", "properties": {"kind": "forest", "kindKo": "숲(조림지)", "areaHa": 83.4, "osmId": "relation/1637741", "name": "יער ציפורי", "nameEn": "Zippori Forest"}, "geometry": {"type": "Polygon", "coordinates": [[[35.29643, 32.769418], [35.298875, 32.768839], [35.300088, 32.768732], [35.300629, 32.768324], [35.300648, 32.76811], [35.301341, 32.767841], [35.302236, 32.768656], [35.30237, 32.769062], [35.305744, 32.768184], [35.305755, 32.768081], [35.305149, 32.767933], [35.304951, 32.767756], [35.304761, 32.767288], [35.304796, 32.766744], [35.304139, 32.765951], [35.303968, 32.765077], [35.304073, 32.764612], [35.303673, 32.764451], [35.303404, 32.764026], [35.305155, 32.763222], [35.305677, 32.762861], [35.306945, 32.762358], [35.308368, 32.76137], [35.309409, 32.761054], [35.309204, 32.76224], [35.309037, 32.762531], [35.309743, 32.763787], [35.309769, 32.764746], [35.310465, 32.766528], [35.311713, 32.765962], [35.312193, 32.765937], [35.312529, 32.766128], [35.312682, 32.765651], [35.31215, 32.764816], [35.311651, 32.764862], [35.310038, 32.762115], [35.309852, 32.7612], [35.310084, 32.760917], [35.31026, 32.760285], [35.309229, 32.759272], [35.308847, 32.759074], [35.307594, 32.758796], [35.306744, 32.758883], [35.306727, 32.758724], [35.306987, 32.758564], [35.306814, 32.757505], [35.306835, 32.756541], [35.3071, 32.756586], [35.3071, 32.757123], [35.309009, 32.757361], [35.311085, 32.755504], [35.312086, 32.75504], [35.312194, 32.755036], [35.312188, 32.755295], [35.311799, 32.755368], [35.311204, 32.755823], [35.312194, 32.756509], [35.313362, 32.7555], [35.314129, 32.755933], [35.31422, 32.75581], [35.313337, 32.755324], [35.313581, 32.754724], [35.314228, 32.754158], [35.313821, 32.75388], [35.312283, 32.753538], [35.312738, 32.753374], [35.31259, 32.752915], [35.312738, 32.752675], [35.312655, 32.752248], [35.311727, 32.752128], [35.310345, 32.752447], [35.309199, 32.752851], [35.308744, 32.753164], [35.307958, 32.754278], [35.306699, 32.754769], [35.306419, 32.755087], [35.305899, 32.755858], [35.305467, 32.757059], [35.305034, 32.757778], [35.305527, 32.758029], [35.305241, 32.758447], [35.304658, 32.758753], [35.30884, 32.759164], [35.309649, 32.759739], [35.309485, 32.759908], [35.309327, 32.759759], [35.307052, 32.761393], [35.307271, 32.761473], [35.306957, 32.761625], [35.306743, 32.761592], [35.305494, 32.762645], [35.303894, 32.763418], [35.303257, 32.763579], [35.303244, 32.76368], [35.301775, 32.764419], [35.301601, 32.764814], [35.299932, 32.765104], [35.298323, 32.764987], [35.29731, 32.765175], [35.296012, 32.766353], [35.295613, 32.766518], [35.295385, 32.766436], [35.294814, 32.766521], [35.29376, 32.767415], [35.293286, 32.768029], [35.29328, 32.768757], [35.293473, 32.769004], [35.293973, 32.769194], [35.295178, 32.769367], [35.29643, 32.769418]]]}}, {"type": "Feature", "properties": {"kind": "forest", "kindKo": "숲(조림지)", "areaHa": 20.25, "osmId": "relation/1637741", "name": "יער ציפורי", "nameEn": "Zippori Forest"}, "geometry": {"type": "Polygon", "coordinates": [[[35.304528, 32.740534], [35.305296, 32.739841], [35.305827, 32.739606], [35.306283, 32.739078], [35.306655, 32.738939], [35.307078, 32.738092], [35.307722, 32.738122], [35.30804, 32.738357], [35.30894, 32.738461], [35.309176, 32.738591], [35.309571, 32.738603], [35.309604, 32.738509], [35.310052, 32.738767], [35.310909, 32.738896], [35.311768, 32.739351], [35.312327, 32.73951], [35.313709, 32.739251], [35.313884, 32.738587], [35.313669, 32.737431], [35.313109, 32.736333], [35.312361, 32.735881], [35.311759, 32.735947], [35.311385, 32.735743], [35.309934, 32.73597], [35.30964, 32.735898], [35.309627, 32.735797], [35.309331, 32.73581], [35.308734, 32.737764], [35.307872, 32.73733], [35.30642, 32.737543], [35.305812, 32.738106], [35.306166, 32.738505], [35.306105, 32.738678], [35.305665, 32.738827], [35.305243, 32.738566], [35.304053, 32.739572], [35.304321, 32.739756], [35.304355, 32.740098], [35.304074, 32.740193], [35.303579, 32.740016], [35.303436, 32.740297], [35.303944, 32.740508], [35.304528, 32.740534]]]}}, {"type": "Feature", "properties": {"kind": "forest", "kindKo": "숲(조림지)", "areaHa": 0.49, "osmId": "relation/1637741", "name": "יער ציפורי", "nameEn": "Zippori Forest"}, "geometry": {"type": "Polygon", "coordinates": [[[35.290917, 32.742117], [35.290564, 32.741697], [35.290304, 32.741857], [35.289307, 32.741478], [35.290722, 32.742274], [35.291194, 32.742721], [35.291505, 32.743343], [35.291315, 32.742675], [35.290917, 32.742117]]]}}, {"type": "Feature", "properties": {"kind": "forest", "kindKo": "숲(조림지)", "areaHa": 4.37, "osmId": "relation/1637741", "name": "יער ציפורי", "nameEn": "Zippori Forest"}, "geometry": {"type": "Polygon", "coordinates": [[[35.291011, 32.744609], [35.29087, 32.744422], [35.290313, 32.744257], [35.28887, 32.744518], [35.288607, 32.744424], [35.288503, 32.743822], [35.288001, 32.743699], [35.287928, 32.744142], [35.287712, 32.744398], [35.288339, 32.744845], [35.288387, 32.745074], [35.289472, 32.74552], [35.289673, 32.745694], [35.289656, 32.745858], [35.290686, 32.746224], [35.291116, 32.745446], [35.291432, 32.745248], [35.291449, 32.744921], [35.291168, 32.74488], [35.291011, 32.744609]]]}}, {"type": "Feature", "properties": {"kind": "forest", "kindKo": "숲(조림지)", "areaHa": 16.29, "osmId": "relation/1637741", "name": "יער ציפורי", "nameEn": "Zippori Forest"}, "geometry": {"type": "Polygon", "coordinates": [[[35.276274, 32.724596], [35.274388, 32.72538], [35.273048, 32.725649], [35.272573, 32.725337], [35.270872, 32.725552], [35.267863, 32.725048], [35.267623, 32.724927], [35.267587, 32.725096], [35.268437, 32.725836], [35.269483, 32.726374], [35.273126, 32.727424], [35.274814, 32.727755], [35.275194, 32.727698], [35.276766, 32.726897], [35.27751, 32.726222], [35.276274, 32.724596]]]}}, {"type": "Feature", "properties": {"kind": "forest", "kindKo": "숲(조림지)", "areaHa": 9.26, "osmId": "relation/1637741", "name": "יער ציפורי", "nameEn": "Zippori Forest"}, "geometry": {"type": "Polygon", "coordinates": [[[35.27751, 32.726222], [35.278048, 32.725621], [35.279772, 32.724559], [35.281278, 32.724268], [35.28286, 32.724211], [35.283867, 32.723999], [35.284657, 32.723641], [35.284708, 32.723036], [35.284512, 32.722579], [35.28304, 32.723276], [35.281873, 32.723366], [35.281596, 32.723166], [35.280332, 32.72345], [35.2787, 32.724092], [35.278101, 32.724141], [35.276274, 32.724596], [35.27751, 32.726222]]]}}, {"type": "Feature", "properties": {"kind": "forest", "kindKo": "숲(조림지)", "areaHa": 2.99, "osmId": "relation/1637741", "name": "יער ציפורי", "nameEn": "Zippori Forest"}, "geometry": {"type": "Polygon", "coordinates": [[[35.284797, 32.738484], [35.284619, 32.737797], [35.284178, 32.737069], [35.283335, 32.736329], [35.28324, 32.736161], [35.283371, 32.736213], [35.283393, 32.736127], [35.283279, 32.735948], [35.282729, 32.735508], [35.282182, 32.735208], [35.281785, 32.735553], [35.281425, 32.735514], [35.281194, 32.735366], [35.281182, 32.735142], [35.280723, 32.735407], [35.28063, 32.735526], [35.28241, 32.735954], [35.283604, 32.736829], [35.283275, 32.736994], [35.283683, 32.737412], [35.283492, 32.738914], [35.283683, 32.738883], [35.28434, 32.738178], [35.284735, 32.738952], [35.284866, 32.738725], [35.284797, 32.738484]]]}}, {"type": "Feature", "properties": {"kind": "forest", "kindKo": "숲(조림지)", "areaHa": 12.24, "osmId": "relation/1637741", "name": "יער ציפורי", "nameEn": "Zippori Forest"}, "geometry": {"type": "Polygon", "coordinates": [[[35.277911, 32.753599], [35.279586, 32.752767], [35.280048, 32.75301], [35.28039, 32.75285], [35.280724, 32.753562], [35.281037, 32.753646], [35.281205, 32.753021], [35.28088, 32.752093], [35.280482, 32.751641], [35.280019, 32.751704], [35.279573, 32.751438], [35.280044, 32.751065], [35.280114, 32.75047], [35.279947, 32.750234], [35.279415, 32.750123], [35.277835, 32.750757], [35.277925, 32.751015], [35.277037, 32.751307], [35.276916, 32.751675], [35.276462, 32.751709], [35.276636, 32.752086], [35.276522, 32.752125], [35.276395, 32.751834], [35.276286, 32.751855], [35.276372, 32.752154], [35.276269, 32.75245], [35.275658, 32.7527], [35.275605, 32.753168], [35.276124, 32.753709], [35.276117, 32.754082], [35.276504, 32.753943], [35.276371, 32.753557], [35.27663, 32.753467], [35.276793, 32.753618], [35.277122, 32.753628], [35.277567, 32.75398], [35.278096, 32.754123], [35.278283, 32.754064], [35.278323, 32.753844], [35.277962, 32.753829], [35.277911, 32.753599]]]}}, {"type": "Feature", "properties": {"kind": "forest", "kindKo": "숲(조림지)", "areaHa": 1.07, "osmId": "relation/1637741", "name": "יער ציפורי", "nameEn": "Zippori Forest"}, "geometry": {"type": "Polygon", "coordinates": [[[35.280211, 32.735571], [35.279199, 32.735373], [35.279247, 32.735456], [35.278623, 32.735514], [35.278608, 32.735306], [35.27668, 32.734858], [35.276798, 32.735197], [35.277125, 32.735336], [35.278217, 32.735332], [35.278303, 32.735483], [35.278997, 32.735554], [35.280677, 32.736027], [35.280734, 32.73565], [35.280211, 32.735571]]]}}, {"type": "Feature", "properties": {"kind": "forest", "kindKo": "숲(조림지)", "areaHa": 143.19, "osmId": "relation/1637741", "name": "יער ציפורי", "nameEn": "Zippori Forest"}, "geometry": {"type": "Polygon", "coordinates": [[[35.261046, 32.747305], [35.261216, 32.747209], [35.261575, 32.747719], [35.26215, 32.747768], [35.262735, 32.747099], [35.263978, 32.746841], [35.264135, 32.747026], [35.265153, 32.747054], [35.266863, 32.746732], [35.269623, 32.745449], [35.269016, 32.744355], [35.268749, 32.743592], [35.269852, 32.742927], [35.270148, 32.742905], [35.270458, 32.743101], [35.270418, 32.744331], [35.271351, 32.744322], [35.271941, 32.744041], [35.271962, 32.743105], [35.272235, 32.742171], [35.272836, 32.741374], [35.273184, 32.741369], [35.272996, 32.741159], [35.273216, 32.740358], [35.273145, 32.74007], [35.273663, 32.739863], [35.273876, 32.740012], [35.274015, 32.739939], [35.27389, 32.739033], [35.273757, 32.738914], [35.27433, 32.738446], [35.27464, 32.738802], [35.274974, 32.738634], [35.275561, 32.739335], [35.276094, 32.739669], [35.277296, 32.739727], [35.276648, 32.739324], [35.27605, 32.738697], [35.275815, 32.737769], [35.275146, 32.737323], [35.27448, 32.736461], [35.274203, 32.736506], [35.273866, 32.736295], [35.273713, 32.736038], [35.273934, 32.735704], [35.273537, 32.735684], [35.273534, 32.735213], [35.273638, 32.73471], [35.273892, 32.734392], [35.273445, 32.73445], [35.272931, 32.735103], [35.272729, 32.735657], [35.272733, 32.736652], [35.271858, 32.736738], [35.271404, 32.736944], [35.270119, 32.736767], [35.269016, 32.736982], [35.268242, 32.736871], [35.268127, 32.736691], [35.267463, 32.736493], [35.266951, 32.73649], [35.266306, 32.736262], [35.263943, 32.735824], [35.263922, 32.735955], [35.261809, 32.736043], [35.261312, 32.736245], [35.260928, 32.736557], [35.259961, 32.737832], [35.259806, 32.738398], [35.259821, 32.739554], [35.260007, 32.740104], [35.261068, 32.740281], [35.261407, 32.740609], [35.261303, 32.7408], [35.260072, 32.741136], [35.25963, 32.742555], [35.259025, 32.743477], [35.259309, 32.743655], [35.259223, 32.744292], [35.259039, 32.744536], [35.25835, 32.744631], [35.258463, 32.745184], [35.258044, 32.746672], [35.258444, 32.747442], [35.259389, 32.747992], [35.261046, 32.747305]]]}}, {"type": "Feature", "properties": {"kind": "forest", "kindKo": "숲(조림지)", "areaHa": 0.42, "osmId": "relation/1637741", "name": "יער ציפורי", "nameEn": "Zippori Forest"}, "geometry": {"type": "Polygon", "coordinates": [[[35.275467, 32.734252], [35.274371, 32.733992], [35.273707, 32.734137], [35.275932, 32.734514], [35.27586, 32.734345], [35.275467, 32.734252]]]}}, {"type": "Feature", "properties": {"kind": "forest", "kindKo": "숲(조림지)", "areaHa": 91.14, "osmId": "relation/1637741", "name": "יער ציפורי", "nameEn": "Zippori Forest"}, "geometry": {"type": "Polygon", "coordinates": [[[35.259992, 32.734242], [35.261621, 32.73425], [35.263689, 32.733896], [35.265186, 32.733937], [35.265256, 32.733806], [35.265486, 32.733771], [35.266122, 32.733912], [35.266518, 32.733517], [35.266403, 32.733318], [35.266633, 32.733181], [35.268531, 32.732677], [35.269391, 32.732296], [35.269611, 32.731392], [35.270705, 32.731135], [35.27171, 32.731372], [35.272425, 32.73104], [35.272399, 32.730577], [35.272565, 32.730089], [35.272673, 32.729891], [35.273223, 32.729622], [35.27349, 32.729279], [35.273478, 32.728946], [35.272615, 32.728091], [35.269675, 32.726756], [35.268586, 32.726597], [35.266437, 32.727076], [35.263532, 32.72727], [35.262227, 32.728586], [35.261363, 32.729163], [35.26026, 32.729515], [35.259612, 32.72949], [35.258848, 32.729115], [35.258946, 32.728911], [35.25812, 32.728632], [35.257713, 32.728631], [35.257265, 32.728833], [35.257401, 32.729126], [35.256901, 32.729658], [35.256326, 32.729671], [35.256105, 32.730312], [35.257028, 32.730241], [35.25744, 32.731096], [35.255887, 32.731299], [35.256318, 32.732915], [35.256706, 32.733662], [35.257181, 32.73389], [35.258437, 32.734244], [35.259113, 32.734316], [35.259992, 32.734242]]]}}, {"type": "Feature", "properties": {"kind": "forest", "kindKo": "숲(조림지)", "areaHa": 23.25, "osmId": "relation/1637741", "name": "יער ציפורי", "nameEn": "Zippori Forest"}, "geometry": {"type": "Polygon", "coordinates": [[[35.26835, 32.760409], [35.268246, 32.759254], [35.267626, 32.75797], [35.267361, 32.757803], [35.266621, 32.757551], [35.26534, 32.757959], [35.263688, 32.757945], [35.262912, 32.758083], [35.262852, 32.757659], [35.262329, 32.757726], [35.262038, 32.75789], [35.262115, 32.758726], [35.262309, 32.758939], [35.262242, 32.760064], [35.262541, 32.760202], [35.263473, 32.75998], [35.26382, 32.760021], [35.264287, 32.760474], [35.264443, 32.761769], [35.265506, 32.762383], [35.265721, 32.762821], [35.266405, 32.762929], [35.267752, 32.762224], [35.268222, 32.76116], [35.26835, 32.760409]]]}}, {"type": "Feature", "properties": {"kind": "forest", "kindKo": "숲(조림지)", "areaHa": 95.36, "osmId": "relation/1637741", "name": "יער ציפורי", "nameEn": "Zippori Forest"}, "geometry": {"type": "Polygon", "coordinates": [[[35.257706, 32.740544], [35.257696, 32.739931], [35.257511, 32.739439], [35.256976, 32.738987], [35.257038, 32.737302], [35.257171, 32.736952], [35.257109, 32.736069], [35.256905, 32.735718], [35.257025, 32.734972], [35.256017, 32.734429], [35.254905, 32.734291], [35.254567, 32.733958], [35.253051, 32.733951], [35.252787, 32.73404], [35.251748, 32.734927], [35.251365, 32.735572], [35.250339, 32.736428], [35.248556, 32.73704], [35.248189, 32.736859], [35.242353, 32.736673], [35.242182, 32.73654], [35.241185, 32.736581], [35.241193, 32.736508], [35.240872, 32.736548], [35.240549, 32.737062], [35.24061, 32.737246], [35.24156, 32.737609], [35.241783, 32.73807], [35.242404, 32.738364], [35.242571, 32.738665], [35.243504, 32.739061], [35.244475, 32.739941], [35.244586, 32.740711], [35.244891, 32.740991], [35.245112, 32.741613], [35.246479, 32.742057], [35.246724, 32.741504], [35.247409, 32.740877], [35.248327, 32.740774], [35.249042, 32.740522], [35.249508, 32.740543], [35.251282, 32.74126], [35.25175, 32.741627], [35.252376, 32.742637], [35.252975, 32.742935], [35.254011, 32.744051], [35.255119, 32.744363], [35.256058, 32.744462], [35.256461, 32.744334], [35.256747, 32.744165], [35.257219, 32.743569], [35.257329, 32.742502], [35.257203, 32.74183], [35.25765, 32.741049], [35.257706, 32.740544]]]}}, {"type": "Feature", "properties": {"kind": "forest", "kindKo": "숲(조림지)", "areaHa": 12.36, "osmId": "relation/1637741", "name": "יער ציפורי", "nameEn": "Zippori Forest"}, "geometry": {"type": "Polygon", "coordinates": [[[35.249754, 32.728214], [35.249907, 32.727987], [35.251191, 32.728159], [35.252457, 32.727693], [35.252352, 32.728467], [35.253191, 32.728571], [35.254006, 32.728418], [35.254769, 32.727985], [35.25548, 32.728084], [35.255534, 32.727542], [35.254259, 32.72631], [35.254222, 32.726377], [35.253478, 32.7261], [35.252796, 32.726077], [35.252718, 32.726226], [35.25168, 32.726184], [35.250906, 32.726355], [35.2503, 32.726601], [35.249707, 32.727123], [35.249278, 32.72646], [35.248575, 32.727191], [35.24869, 32.728103], [35.249536, 32.728578], [35.249754, 32.728214]]]}}, {"type": "Feature", "properties": {"kind": "forest", "kindKo": "숲(조림지)", "areaHa": 11.86, "osmId": "relation/1637741", "name": "יער ציפורי", "nameEn": "Zippori Forest"}, "geometry": {"type": "Polygon", "coordinates": [[[35.244281, 32.729418], [35.245508, 32.729389], [35.246427, 32.729616], [35.247917, 32.730561], [35.248159, 32.730603], [35.248637, 32.731131], [35.248036, 32.729929], [35.246791, 32.728818], [35.245968, 32.728455], [35.245003, 32.728385], [35.244014, 32.728949], [35.243741, 32.72898], [35.24361, 32.72866], [35.243471, 32.728625], [35.242354, 32.728736], [35.241369, 32.729251], [35.240511, 32.729535], [35.239913, 32.730259], [35.239502, 32.731934], [35.240386, 32.732362], [35.24186, 32.732404], [35.242257, 32.732275], [35.241785, 32.731921], [35.241426, 32.731348], [35.241379, 32.730987], [35.241561, 32.730542], [35.241899, 32.730151], [35.242304, 32.729942], [35.243452, 32.729541], [35.244281, 32.729418]]]}}, {"type": "Feature", "properties": {"kind": "forest", "kindKo": "숲(조림지)", "areaHa": 9.2, "osmId": "relation/1637741", "name": "יער ציפורי", "nameEn": "Zippori Forest"}, "geometry": {"type": "Polygon", "coordinates": [[[35.245823, 32.736322], [35.246353, 32.73614], [35.247256, 32.735478], [35.246916, 32.735369], [35.246601, 32.735483], [35.246443, 32.735293], [35.246107, 32.735326], [35.246047, 32.73515], [35.245739, 32.735078], [35.245059, 32.735281], [35.244743, 32.735625], [35.24397, 32.735914], [35.2431, 32.735793], [35.242804, 32.735504], [35.242293, 32.735626], [35.241799, 32.735514], [35.241678, 32.73533], [35.241722, 32.734684], [35.242944, 32.733055], [35.241714, 32.733027], [35.241487, 32.733153], [35.240335, 32.734684], [35.239171, 32.73521], [35.239207, 32.735438], [35.239545, 32.735764], [35.241048, 32.735996], [35.241555, 32.735783], [35.241576, 32.735965], [35.241746, 32.736001], [35.241951, 32.736298], [35.245823, 32.736322]]]}}, {"type": "Feature", "properties": {"kind": "forest", "kindKo": "숲(조림지)", "areaHa": 1.18, "osmId": "relation/1637741", "name": "יער ציפורי", "nameEn": "Zippori Forest"}, "geometry": {"type": "Polygon", "coordinates": [[[35.2421, 32.745943], [35.242141, 32.746414], [35.242408, 32.746513], [35.242247, 32.747683], [35.242148, 32.747627], [35.242151, 32.748546], [35.242378, 32.748814], [35.242572, 32.748693], [35.242958, 32.74908], [35.242464, 32.748264], [35.24237, 32.747675], [35.242534, 32.746789], [35.242859, 32.746122], [35.242776, 32.745548], [35.2421, 32.745943]]]}}, {"type": "Feature", "properties": {"kind": "forest", "kindKo": "숲(조림지)", "areaHa": 0.54, "osmId": "relation/1637741", "name": "יער ציפורי", "nameEn": "Zippori Forest"}, "geometry": {"type": "Polygon", "coordinates": [[[35.239743, 32.736239], [35.239487, 32.736233], [35.238877, 32.736548], [35.23727, 32.737564], [35.238635, 32.736858], [35.239877, 32.736569], [35.239743, 32.736239]]]}}, {"type": "Feature", "properties": {"kind": "forest", "kindKo": "숲(조림지)", "areaHa": 518.97, "osmId": "relation/1637744", "name": "יער כפר החורש", "nameEn": "Kfar HaHoresh Forest"}, "geometry": {"type": "Polygon", "coordinates": [[[35.269641, 32.720438], [35.2718, 32.718914], [35.273578, 32.716053], [35.273722, 32.715386], [35.274052, 32.715089], [35.274016, 32.714186], [35.274202, 32.712805], [35.273605, 32.712755], [35.2732, 32.712567], [35.273387, 32.71223], [35.272915, 32.711794], [35.272492, 32.711084], [35.273127, 32.710912], [35.273302, 32.710697], [35.27343, 32.710042], [35.273107, 32.70876], [35.274256, 32.708171], [35.275073, 32.708011], [35.275551, 32.707738], [35.276798, 32.706394], [35.276658, 32.705886], [35.27679, 32.705428], [35.276538, 32.705299], [35.275554, 32.705187], [35.273975, 32.704261], [35.273862, 32.703611], [35.273543, 32.703677], [35.273377, 32.703371], [35.273536, 32.70303], [35.273481, 32.702029], [35.272382, 32.7022], [35.273187, 32.702468], [35.273015, 32.702648], [35.273178, 32.702787], [35.272794, 32.70288], [35.272253, 32.702732], [35.271409, 32.702781], [35.270953, 32.702365], [35.270015, 32.701934], [35.270159, 32.700812], [35.270459, 32.700184], [35.271571, 32.698166], [35.272228, 32.697925], [35.27282, 32.697961], [35.274193, 32.698563], [35.274622, 32.699288], [35.275055, 32.700563], [35.275058, 32.70101], [35.275635, 32.701505], [35.275864, 32.701931], [35.275337, 32.702239], [35.275997, 32.702615], [35.276177, 32.70295], [35.276011, 32.703202], [35.276944, 32.704183], [35.277095, 32.705403], [35.277831, 32.705856], [35.278175, 32.706454], [35.28038, 32.707296], [35.280392, 32.707014], [35.280921, 32.706721], [35.281297, 32.706113], [35.281525, 32.705158], [35.281996, 32.704181], [35.281821, 32.703337], [35.280779, 32.702139], [35.280657, 32.70161], [35.280864, 32.701115], [35.28175, 32.700204], [35.28159, 32.699752], [35.281166, 32.699361], [35.281101, 32.698788], [35.28165, 32.696816], [35.282063, 32.695763], [35.282334, 32.695507], [35.282197, 32.695285], [35.281972, 32.695435], [35.281614, 32.695368], [35.281055, 32.695675], [35.278922, 32.696188], [35.27788, 32.696611], [35.277482, 32.696554], [35.27597, 32.696924], [35.273586, 32.697669], [35.272968, 32.696765], [35.273325, 32.696399], [35.272929, 32.696112], [35.271285, 32.696039], [35.270241, 32.696238], [35.268783, 32.696941], [35.26878, 32.697158], [35.269108, 32.697674], [35.269034, 32.697991], [35.268703, 32.698173], [35.268497, 32.698545], [35.267961, 32.698932], [35.266997, 32.698036], [35.266414, 32.697699], [35.267819, 32.699651], [35.268858, 32.700844], [35.270001, 32.700589], [35.270059, 32.700758], [35.269878, 32.700886], [35.269306, 32.700807], [35.269034, 32.700981], [35.269316, 32.701598], [35.269925, 32.701882], [35.269825, 32.702101], [35.26904, 32.701753], [35.269117, 32.701948], [35.2698, 32.702527], [35.269746, 32.702684], [35.269385, 32.70287], [35.268927, 32.702905], [35.268846, 32.703195], [35.268716, 32.703179], [35.268861, 32.704011], [35.267647, 32.70399], [35.267502, 32.704141], [35.265931, 32.703564], [35.26456, 32.703474], [35.264194, 32.703541], [35.262092, 32.704851], [35.26079, 32.705108], [35.259668, 32.704959], [35.259206, 32.704809], [35.258998, 32.704511], [35.25815, 32.704391], [35.257175, 32.704051], [35.256456, 32.703316], [35.256093, 32.70376], [35.253488, 32.703603], [35.250438, 32.704242], [35.250493, 32.703944], [35.251619, 32.703595], [35.253473, 32.70312], [35.254582, 32.702994], [35.254576, 32.702304], [35.254224, 32.701562], [35.255633, 32.701636], [35.25586, 32.700847], [35.256389, 32.700356], [35.257584, 32.699578], [35.257953, 32.699624], [35.258212, 32.699982], [35.258438, 32.700019], [35.258622, 32.700245], [35.259091, 32.700125], [35.260336, 32.700796], [35.26063, 32.700997], [35.260442, 32.701451], [35.260544, 32.701574], [35.261144, 32.70169], [35.261496, 32.701923], [35.26191, 32.702323], [35.261989, 32.702746], [35.262895, 32.702922], [35.262869, 32.703036], [35.264104, 32.703145], [35.264767, 32.702216], [35.265005, 32.702005], [35.265337, 32.702036], [35.265542, 32.701543], [35.267784, 32.702185], [35.267707, 32.70245], [35.268536, 32.702635], [35.269416, 32.702617], [35.268972, 32.70215], [35.269217, 32.702111], [35.2689, 32.701775], [35.268962, 32.701528], [35.268129, 32.701081], [35.26745, 32.700455], [35.267365, 32.700494], [35.266373, 32.699311], [35.26464, 32.698299], [35.264263, 32.698742], [35.262763, 32.698143], [35.263025, 32.697578], [35.262304, 32.697201], [35.260406, 32.696581], [35.259306, 32.698489], [35.260869, 32.697623], [35.262334, 32.697493], [35.262492, 32.697636], [35.262205, 32.697929], [35.261579, 32.698259], [35.260789, 32.698553], [35.260661, 32.698438], [35.260471, 32.698537], [35.260474, 32.699111], [35.25902, 32.699007], [35.258463, 32.69881], [35.25775, 32.69835], [35.259112, 32.698499], [35.259648, 32.696888], [35.259636, 32.696119], [35.257489, 32.694522], [35.257264, 32.694929], [35.257562, 32.697868], [35.257424, 32.698253], [35.25597, 32.697793], [35.25611, 32.696487], [35.255437, 32.696026], [35.255089, 32.695356], [35.25464, 32.69517], [35.25438, 32.69484], [35.254935, 32.694195], [35.255432, 32.694365], [35.255388, 32.694448], [35.255973, 32.695013], [35.255684, 32.695455], [35.25607, 32.695847], [35.256656, 32.694689], [35.256805, 32.694117], [35.255818, 32.693359], [35.254947, 32.692877], [35.254563, 32.692815], [35.254548, 32.693417], [35.25398, 32.693983], [35.253768, 32.694439], [35.25392, 32.69502], [35.254301, 32.695408], [35.254827, 32.696346], [35.253577, 32.696341], [35.252905, 32.697358], [35.252481, 32.697416], [35.250833, 32.696374], [35.248867, 32.695723], [35.248414, 32.694803], [35.248091, 32.694629], [35.24805, 32.694464], [35.248548, 32.694427], [35.248394, 32.693378], [35.242594, 32.693557], [35.238987, 32.694467], [35.23905, 32.695038], [35.237622, 32.69517], [35.236975, 32.696484], [35.237527, 32.696823], [35.237343, 32.697194], [35.238778, 32.697639], [35.240899, 32.698608], [35.241689, 32.698782], [35.24351, 32.698142], [35.243125, 32.69684], [35.242791, 32.696587], [35.243085, 32.695591], [35.243855, 32.695164], [35.244377, 32.694715], [35.245875, 32.694778], [35.245989, 32.695103], [35.245734, 32.695373], [35.245713, 32.695593], [35.246208, 32.695975], [35.2464, 32.69727], [35.247186, 32.698519], [35.247712, 32.699953], [35.247662, 32.701376], [35.247214, 32.702985], [35.246102, 32.703108], [35.242317, 32.701929], [35.242218, 32.702065], [35.242334, 32.702286], [35.243019, 32.702984], [35.242414, 32.703294], [35.242852, 32.703642], [35.242841, 32.703987], [35.242533, 32.704057], [35.242085, 32.704052], [35.241994, 32.703691], [35.241327, 32.7036], [35.240785, 32.703764], [35.240476, 32.704058], [35.24012, 32.703744], [35.239702, 32.703677], [35.238734, 32.702959], [35.236849, 32.702417], [35.23524, 32.701234], [35.235284, 32.702393], [35.237681, 32.70354], [35.238258, 32.704206], [35.238882, 32.703969], [35.243155, 32.706711], [35.244, 32.707577], [35.244448, 32.707554], [35.245507, 32.708104], [35.246117, 32.708224], [35.247145, 32.708145], [35.247643, 32.707733], [35.248351, 32.707998], [35.24836, 32.708116], [35.247817, 32.708064], [35.247912, 32.708357], [35.248095, 32.708466], [35.247668, 32.708474], [35.246667, 32.708741], [35.244321, 32.709815], [35.245526, 32.710463], [35.244289, 32.710785], [35.244018, 32.710729], [35.243733, 32.710938], [35.243303, 32.710836], [35.242978, 32.710957], [35.242593, 32.710811], [35.241416, 32.711585], [35.241516, 32.711954], [35.240512, 32.712108], [35.240217, 32.712113], [35.240158, 32.712008], [35.239454, 32.712317], [35.239374, 32.712921], [35.240212, 32.714345], [35.240515, 32.714646], [35.243747, 32.712251], [35.245187, 32.711569], [35.245795, 32.711159], [35.245734, 32.710592], [35.247703, 32.708899], [35.248748, 32.70869], [35.249207, 32.708477], [35.250085, 32.70872], [35.250268, 32.708873], [35.249199, 32.710811], [35.250695, 32.710332], [35.250709, 32.710443], [35.250684, 32.71059], [35.249053, 32.711394], [35.249261, 32.711686], [35.249798, 32.711604], [35.250639, 32.711261], [35.251908, 32.710584], [35.251743, 32.710456], [35.25243, 32.709681], [35.253192, 32.70983], [35.252171, 32.71065], [35.25138, 32.711079], [35.252695, 32.711754], [35.253311, 32.711416], [35.25401, 32.709864], [35.254447, 32.709718], [35.254528, 32.709751], [35.253689, 32.711523], [35.255328, 32.711271], [35.255539, 32.711645], [35.25597, 32.711441], [35.257622, 32.711047], [35.257068, 32.710905], [35.257165, 32.710487], [35.256873, 32.7102], [35.25565, 32.710086], [35.255678, 32.709932], [35.257657, 32.710123], [35.258729, 32.709992], [35.258954, 32.710203], [35.259251, 32.710141], [35.259865, 32.710259], [35.262172, 32.71123], [35.263371, 32.711405], [35.265976, 32.711331], [35.26575, 32.711714], [35.265405, 32.71181], [35.265503, 32.712287], [35.26465, 32.712558], [35.265206, 32.714223], [35.265147, 32.714565], [35.265296, 32.714909], [35.265762, 32.714886], [35.267776, 32.7141], [35.268702, 32.713474], [35.269452, 32.713132], [35.269302, 32.713027], [35.269422, 32.712387], [35.271028, 32.710789], [35.270994, 32.710567], [35.27144, 32.710536], [35.271723, 32.710633], [35.271815, 32.710826], [35.271597, 32.711172], [35.271625, 32.711399], [35.270523, 32.712994], [35.270629, 32.713395], [35.270376, 32.713665], [35.269054, 32.713844], [35.268122, 32.714604], [35.268275, 32.715125], [35.268903, 32.71572], [35.269115, 32.716217], [35.270708, 32.716366], [35.270737, 32.716952], [35.271149, 32.716966], [35.271458, 32.717424], [35.270964, 32.718128], [35.270243, 32.718429], [35.27012, 32.718984], [35.269372, 32.719318], [35.268366, 32.719986], [35.26788, 32.719392], [35.267691, 32.719635], [35.267513, 32.720273], [35.268731, 32.720893], [35.269641, 32.720438]]]}}, {"type": "Feature", "properties": {"kind": "forest", "kindKo": "숲(조림지)", "areaHa": 265.8, "osmId": "relation/1637749", "name": "יער בלפור", "nameEn": "Balfour Forest"}, "geometry": {"type": "Polygon", "coordinates": [[[35.288173, 32.676737], [35.288099, 32.676412], [35.287453, 32.67562], [35.286982, 32.67455], [35.286741, 32.674391], [35.286281, 32.674328], [35.286248, 32.67414], [35.286584, 32.673962], [35.288101, 32.673901], [35.289245, 32.67606], [35.289531, 32.675963], [35.289629, 32.675645], [35.289943, 32.675346], [35.290122, 32.674315], [35.290447, 32.673772], [35.29039, 32.673291], [35.290131, 32.673174], [35.289755, 32.673266], [35.289802, 32.673012], [35.289326, 32.67313], [35.288877, 32.672885], [35.288797, 32.672971], [35.287485, 32.672527], [35.285852, 32.672736], [35.285024, 32.673185], [35.283559, 32.672302], [35.281284, 32.671323], [35.279473, 32.670913], [35.276476, 32.670499], [35.276419, 32.670987], [35.276011, 32.671273], [35.275455, 32.672052], [35.275009, 32.670718], [35.275423, 32.670902], [35.27549, 32.671576], [35.275738, 32.67136], [35.276215, 32.670342], [35.275744, 32.66972], [35.275247, 32.669501], [35.275198, 32.669683], [35.275096, 32.669647], [35.274845, 32.669342], [35.274669, 32.669331], [35.274449, 32.668868], [35.273325, 32.668316], [35.273502, 32.667784], [35.272533, 32.66764], [35.27179, 32.667791], [35.270758, 32.667569], [35.269593, 32.667514], [35.269165, 32.667615], [35.266537, 32.667296], [35.264416, 32.667384], [35.263806, 32.667305], [35.261774, 32.667774], [35.261248, 32.667786], [35.260879, 32.667667], [35.261009, 32.667043], [35.261253, 32.666751], [35.261927, 32.666391], [35.261893, 32.666244], [35.262615, 32.666069], [35.263202, 32.665692], [35.263263, 32.665034], [35.262673, 32.664982], [35.262643, 32.665182], [35.261542, 32.665052], [35.261464, 32.665246], [35.26086, 32.66527], [35.261026, 32.66611], [35.260603, 32.666418], [35.260694, 32.666498], [35.260354, 32.667087], [35.259872, 32.666502], [35.259435, 32.666425], [35.258343, 32.66699], [35.257971, 32.667583], [35.257387, 32.667858], [35.257443, 32.66563], [35.257091, 32.66673], [35.255859, 32.665674], [35.255567, 32.665842], [35.255512, 32.666168], [35.255248, 32.666474], [35.255485, 32.66671], [35.25538, 32.666841], [35.255472, 32.666975], [35.255919, 32.667344], [35.255921, 32.66808], [35.255518, 32.668399], [35.25472, 32.668387], [35.254418, 32.668631], [35.25451, 32.669435], [35.255065, 32.669483], [35.255176, 32.669277], [35.255648, 32.669279], [35.255332, 32.670455], [35.254806, 32.670353], [35.254766, 32.670563], [35.254475, 32.670418], [35.253507, 32.670291], [35.253116, 32.670058], [35.253246, 32.669573], [35.252839, 32.666678], [35.253425, 32.666368], [35.254495, 32.66625], [35.254581, 32.665879], [35.254782, 32.665699], [35.25535, 32.665574], [35.254257, 32.665169], [35.253782, 32.665162], [35.253641, 32.66481], [35.25303, 32.664661], [35.251978, 32.665029], [35.251504, 32.665047], [35.250972, 32.664845], [35.250546, 32.664835], [35.250713, 32.66544], [35.250325, 32.66583], [35.249442, 32.665531], [35.24944, 32.665079], [35.249859, 32.664835], [35.249815, 32.664736], [35.248706, 32.664738], [35.247743, 32.66455], [35.246707, 32.663489], [35.245818, 32.663108], [35.244526, 32.662709], [35.242086, 32.662512], [35.241969, 32.662587], [35.241831, 32.663081], [35.242376, 32.663138], [35.242491, 32.664116], [35.244717, 32.66403], [35.245029, 32.664238], [35.245367, 32.664895], [35.245111, 32.666514], [35.244025, 32.668201], [35.242129, 32.668851], [35.241911, 32.669116], [35.240671, 32.669582], [35.24035, 32.669356], [35.240252, 32.669423], [35.239971, 32.67019], [35.239803, 32.671985], [35.242056, 32.669535], [35.242232, 32.669689], [35.242075, 32.669936], [35.242278, 32.670114], [35.242215, 32.670452], [35.242534, 32.670295], [35.242897, 32.669682], [35.243613, 32.66959], [35.243972, 32.669708], [35.244795, 32.670492], [35.245863, 32.671985], [35.245393, 32.672276], [35.246418, 32.672438], [35.247211, 32.672408], [35.248571, 32.672092], [35.25019, 32.672325], [35.250802, 32.672592], [35.251414, 32.672407], [35.251839, 32.672489], [35.251874, 32.672663], [35.252665, 32.672693], [35.253709, 32.672399], [35.254301, 32.672406], [35.258042, 32.672883], [35.26037, 32.673895], [35.262542, 32.675961], [35.263807, 32.676991], [35.263725, 32.67705], [35.264874, 32.677801], [35.265068, 32.676197], [35.265423, 32.675031], [35.265185, 32.674768], [35.265581, 32.674139], [35.265591, 32.673861], [35.265797, 32.673763], [35.266588, 32.66923], [35.267612, 32.66983], [35.268681, 32.671201], [35.270286, 32.671587], [35.270618, 32.671385], [35.271978, 32.671382], [35.272236, 32.671181], [35.272502, 32.671308], [35.273161, 32.671783], [35.273515, 32.672204], [35.273739, 32.67309], [35.273958, 32.673408], [35.274338, 32.673691], [35.274499, 32.673596], [35.274889, 32.673752], [35.274774, 32.673978], [35.275418, 32.674215], [35.275686, 32.674546], [35.275973, 32.674434], [35.279263, 32.674332], [35.28114, 32.676189], [35.28339, 32.677036], [35.283824, 32.677314], [35.285166, 32.677156], [35.285268, 32.676878], [35.285566, 32.676848], [35.285935, 32.676918], [35.287906, 32.677942], [35.288173, 32.676737]]]}}, {"type": "Feature", "properties": {"kind": "forest", "kindKo": "숲(조림지)", "areaHa": 1014.45, "osmId": "relation/1638107", "name": "יער מורדות נצרת", "nameEn": "Mordot Nazareth Forest"}, "geometry": {"type": "Polygon", "coordinates": [[[35.387534, 32.705033], [35.386443, 32.705142], [35.385429, 32.705488], [35.385202, 32.705392], [35.384854, 32.705601], [35.384287, 32.70565], [35.383921, 32.705931], [35.382242, 32.705845], [35.380648, 32.706257], [35.38053, 32.706027], [35.380785, 32.705723], [35.380512, 32.705458], [35.381307, 32.704506], [35.380612, 32.70413], [35.38054, 32.704285], [35.380127, 32.704373], [35.377425, 32.704136], [35.376088, 32.703861], [35.375409, 32.703266], [35.373577, 32.703767], [35.371946, 32.701641], [35.37126, 32.701168], [35.371108, 32.701224], [35.370588, 32.700959], [35.370315, 32.700703], [35.36958, 32.70082], [35.369341, 32.700588], [35.368569, 32.700446], [35.368572, 32.699923], [35.368271, 32.70005], [35.368001, 32.699401], [35.367512, 32.698868], [35.366435, 32.699075], [35.365902, 32.69905], [35.365557, 32.698703], [35.365011, 32.698764], [35.364444, 32.698462], [35.364232, 32.698139], [35.364319, 32.696665], [35.364171, 32.696076], [35.363729, 32.695508], [35.363151, 32.69518], [35.362322, 32.695016], [35.359683, 32.694977], [35.358972, 32.694823], [35.358297, 32.694454], [35.356663, 32.693185], [35.356351, 32.69278], [35.353202, 32.692517], [35.352132, 32.692751], [35.351726, 32.693258], [35.351486, 32.693359], [35.351684, 32.693474], [35.351695, 32.693651], [35.351378, 32.693749], [35.351082, 32.69365], [35.350471, 32.693233], [35.350363, 32.693022], [35.350543, 32.69238], [35.350566, 32.691554], [35.350805, 32.691133], [35.350695, 32.690731], [35.350457, 32.690766], [35.349518, 32.690466], [35.34901, 32.690789], [35.346232, 32.691353], [35.345026, 32.691722], [35.344312, 32.692165], [35.343799, 32.692192], [35.342281, 32.693016], [35.341931, 32.692861], [35.341924, 32.692314], [35.34142, 32.691504], [35.339487, 32.689937], [35.338067, 32.689337], [35.335668, 32.688992], [35.334222, 32.688951], [35.331295, 32.689178], [35.330111, 32.689162], [35.329488, 32.689473], [35.327421, 32.689322], [35.327221, 32.689649], [35.3267, 32.68977], [35.326763, 32.689254], [35.326104, 32.688819], [35.325289, 32.688805], [35.323622, 32.687884], [35.322612, 32.687575], [35.321472, 32.687609], [35.320995, 32.687788], [35.320625, 32.68744], [35.319546, 32.686957], [35.319648, 32.686607], [35.318102, 32.686061], [35.318255, 32.685707], [35.318874, 32.68569], [35.318856, 32.685568], [35.318302, 32.685335], [35.318092, 32.685075], [35.317833, 32.685165], [35.317258, 32.684296], [35.31632, 32.683658], [35.316018, 32.683802], [35.315629, 32.683675], [35.315419, 32.683065], [35.315938, 32.682901], [35.316893, 32.683087], [35.316791, 32.68256], [35.316631, 32.682449], [35.316125, 32.682531], [35.314978, 32.682388], [35.315116, 32.681901], [35.314761, 32.681927], [35.314578, 32.682317], [35.31124, 32.680571], [35.31131, 32.680391], [35.311117, 32.680234], [35.310973, 32.679781], [35.309955, 32.679791], [35.309288, 32.680126], [35.309319, 32.680345], [35.30871, 32.680713], [35.308414, 32.681202], [35.307965, 32.68107], [35.308138, 32.680826], [35.307532, 32.680481], [35.306665, 32.680956], [35.30548, 32.68119], [35.304787, 32.680702], [35.304139, 32.680629], [35.303191, 32.68029], [35.302446, 32.679334], [35.302612, 32.678377], [35.303034, 32.677725], [35.303027, 32.677251], [35.302821, 32.676865], [35.303666, 32.676667], [35.306276, 32.677397], [35.306842, 32.677658], [35.30699, 32.677488], [35.30798, 32.677827], [35.308159, 32.675255], [35.306908, 32.675354], [35.304114, 32.675336], [35.303551, 32.675079], [35.302981, 32.675047], [35.302376, 32.675217], [35.299743, 32.675282], [35.298961, 32.675649], [35.295793, 32.676583], [35.295721, 32.676913], [35.297073, 32.676967], [35.297997, 32.677358], [35.298877, 32.677573], [35.298784, 32.677662], [35.298844, 32.678002], [35.298521, 32.678288], [35.297638, 32.678662], [35.297651, 32.678582], [35.296562, 32.67926], [35.296684, 32.679608], [35.29861, 32.680873], [35.298476, 32.681174], [35.298258, 32.681321], [35.298002, 32.681251], [35.297461, 32.681505], [35.295371, 32.680769], [35.294934, 32.681577], [35.294957, 32.681966], [35.295301, 32.682594], [35.295096, 32.682932], [35.295325, 32.683757], [35.295971, 32.684859], [35.296527, 32.685213], [35.296526, 32.684945], [35.296688, 32.684991], [35.29667, 32.684848], [35.297374, 32.68466], [35.298084, 32.684762], [35.298301, 32.684414], [35.298639, 32.684404], [35.298943, 32.684143], [35.298951, 32.683999], [35.2997, 32.683721], [35.299841, 32.683324], [35.300402, 32.682965], [35.30092, 32.682087], [35.302609, 32.683143], [35.3039, 32.684251], [35.305477, 32.685015], [35.305514, 32.685335], [35.306112, 32.685343], [35.30648, 32.685477], [35.306389, 32.685977], [35.309255, 32.686517], [35.310284, 32.686453], [35.313444, 32.687199], [35.313671, 32.687322], [35.313792, 32.687743], [35.314159, 32.687962], [35.314372, 32.687752], [35.317094, 32.688679], [35.317564, 32.689365], [35.317689, 32.690201], [35.318373, 32.690721], [35.318448, 32.690979], [35.319777, 32.691308], [35.319946, 32.691102], [35.320889, 32.691109], [35.321416, 32.690999], [35.322466, 32.691292], [35.322498, 32.693437], [35.322167, 32.693793], [35.322226, 32.693987], [35.321298, 32.694149], [35.321877, 32.694369], [35.322221, 32.69428], [35.322226, 32.694584], [35.322519, 32.695097], [35.322471, 32.695401], [35.322804, 32.695655], [35.323973, 32.695939], [35.324563, 32.695932], [35.32494, 32.696261], [35.325757, 32.695971], [35.327855, 32.697486], [35.328605, 32.697695], [35.329266, 32.69765], [35.330058, 32.698214], [35.32998, 32.698732], [35.329478, 32.699312], [35.330597, 32.700522], [35.331848, 32.700216], [35.332947, 32.700279], [35.333792, 32.700099], [35.33407, 32.699836], [35.334106, 32.698882], [35.334381, 32.698895], [35.334949, 32.698495], [35.337196, 32.698519], [35.337854, 32.698687], [35.338305, 32.699282], [35.338411, 32.700584], [35.338947, 32.701194], [35.33955, 32.701503], [35.340084, 32.702181], [35.340124, 32.70253], [35.33971, 32.702479], [35.33942, 32.702905], [35.339502, 32.703217], [35.339005, 32.703974], [35.338087, 32.703742], [35.336921, 32.703076], [35.336348, 32.70312], [35.335058, 32.702935], [35.334998, 32.703969], [35.334347, 32.703887], [35.334141, 32.703734], [35.333865, 32.703809], [35.33346, 32.703121], [35.333027, 32.702924], [35.332493, 32.702889], [35.332497, 32.702612], [35.331584, 32.702187], [35.331222, 32.701855], [35.331006, 32.700688], [35.330541, 32.700858], [35.330727, 32.701303], [35.330576, 32.70164], [35.330172, 32.701869], [35.329582, 32.701997], [35.329398, 32.702217], [35.330282, 32.702147], [35.330598, 32.702316], [35.330739, 32.702879], [35.331176, 32.702765], [35.331617, 32.702843], [35.332091, 32.70399], [35.332723, 32.703756], [35.333137, 32.703929], [35.333253, 32.704279], [35.332949, 32.704689], [35.33328, 32.705312], [35.334549, 32.704829], [35.335182, 32.704825], [35.335411, 32.704951], [35.335632, 32.705393], [35.335581, 32.705691], [35.335382, 32.705935], [35.335024, 32.706077], [35.335375, 32.707318], [35.335567, 32.707321], [35.335669, 32.707714], [35.335565, 32.707733], [35.335586, 32.707874], [35.335291, 32.707996], [35.335149, 32.707366], [35.334995, 32.707757], [35.335277, 32.70861], [35.335793, 32.708385], [35.336602, 32.709004], [35.337274, 32.70915], [35.337698, 32.709016], [35.337731, 32.708289], [35.336743, 32.708303], [35.338947, 32.706974], [35.338869, 32.706265], [35.339198, 32.705936], [35.33932, 32.706465], [35.339685, 32.706213], [35.339588, 32.705801], [35.339095, 32.705499], [35.339517, 32.704947], [35.339678, 32.705238], [35.340268, 32.705618], [35.34092, 32.705856], [35.341634, 32.7054], [35.341562, 32.705327], [35.343181, 32.704734], [35.344226, 32.704603], [35.345091, 32.705167], [35.346334, 32.706509], [35.346554, 32.706536], [35.346716, 32.706416], [35.347272, 32.706826], [35.349411, 32.707662], [35.35321, 32.708369], [35.354166, 32.708248], [35.355286, 32.707879], [35.356401, 32.707021], [35.358074, 32.705114], [35.358898, 32.705507], [35.35915, 32.705445], [35.359536, 32.706555], [35.358722, 32.708784], [35.359025, 32.708998], [35.358322, 32.710654], [35.359572, 32.711174], [35.359841, 32.710929], [35.35992, 32.711002], [35.359816, 32.71106], [35.359567, 32.712326], [35.359645, 32.71255], [35.359514, 32.712789], [35.35988, 32.714985], [35.361148, 32.716609], [35.361549, 32.716389], [35.361995, 32.715637], [35.362261, 32.715703], [35.362152, 32.716531], [35.362564, 32.716751], [35.362853, 32.717161], [35.363833, 32.717509], [35.363499, 32.717805], [35.363299, 32.718466], [35.363473, 32.718905], [35.363902, 32.719184], [35.363939, 32.719341], [35.364601, 32.719538], [35.366771, 32.719317], [35.368148, 32.719654], [35.368535, 32.719048], [35.387534, 32.705033]]]}}, {"type": "Feature", "properties": {"kind": "forest", "kindKo": "숲(조림지)", "areaHa": 23.81, "osmId": "relation/1638107", "name": "יער מורדות נצרת", "nameEn": "Mordot Nazareth Forest"}, "geometry": {"type": "Polygon", "coordinates": [[[35.368633, 32.719006], [35.368997, 32.718165], [35.369333, 32.717834], [35.369096, 32.717678], [35.367849, 32.716037], [35.370062, 32.715629], [35.370263, 32.715358], [35.37055, 32.715272], [35.370887, 32.714973], [35.371408, 32.714135], [35.372371, 32.713605], [35.372623, 32.713392], [35.37265, 32.713087], [35.373482, 32.712649], [35.374061, 32.712428], [35.374867, 32.712314], [35.375655, 32.712568], [35.376445, 32.712415], [35.376806, 32.712066], [35.376864, 32.71143], [35.378365, 32.711147], [35.37862, 32.711009], [35.379047, 32.710482], [35.380149, 32.710082], [35.38228, 32.70839], [35.383699, 32.707813], [35.386036, 32.70631], [35.38622, 32.705928], [35.387534, 32.705033], [35.368633, 32.719006]]]}}, {"type": "Feature", "properties": {"kind": "forest", "kindKo": "숲(조림지)", "areaHa": 14.32, "osmId": "relation/1638107", "name": "יער מורדות נצרת", "nameEn": "Mordot Nazareth Forest"}, "geometry": {"type": "Polygon", "coordinates": [[[35.336486, 32.732478], [35.337966, 32.731855], [35.338712, 32.732099], [35.339508, 32.731721], [35.339628, 32.73131], [35.339967, 32.731223], [35.340477, 32.731343], [35.340763, 32.731571], [35.343788, 32.73076], [35.344348, 32.730521], [35.344851, 32.729637], [35.344866, 32.729394], [35.344779, 32.729258], [35.344579, 32.729285], [35.343866, 32.729551], [35.343074, 32.729638], [35.342647, 32.729292], [35.342112, 32.72918], [35.341332, 32.729613], [35.340435, 32.72949], [35.339234, 32.730128], [35.339099, 32.729732], [35.338898, 32.729672], [35.338206, 32.730207], [35.337725, 32.730832], [35.336457, 32.731673], [35.335371, 32.731818], [35.334538, 32.732268], [35.334789, 32.732457], [35.335952, 32.732238], [35.336075, 32.73242], [35.336486, 32.732478]]]}}, {"type": "Feature", "properties": {"kind": "forest", "kindKo": "숲(조림지)", "areaHa": 24.73, "osmId": "relation/1638107", "name": "יער מורדות נצרת", "nameEn": "Mordot Nazareth Forest"}, "geometry": {"type": "Polygon", "coordinates": [[[35.339688, 32.728122], [35.340663, 32.728068], [35.342575, 32.727463], [35.342483, 32.727251], [35.343339, 32.726851], [35.3436, 32.72635], [35.343017, 32.724664], [35.342483, 32.724353], [35.34022, 32.723993], [35.340311, 32.723628], [35.339715, 32.723552], [35.339886, 32.722913], [35.339471, 32.722756], [35.33877, 32.722067], [35.338054, 32.722114], [35.337928, 32.72266], [35.337462, 32.72281], [35.33652, 32.722658], [35.336169, 32.722135], [35.335804, 32.721965], [35.335485, 32.721944], [35.334684, 32.722226], [35.334529, 32.722539], [35.334766, 32.722825], [35.336143, 32.723017], [35.336547, 32.72357], [35.337364, 32.723907], [35.337903, 32.724359], [35.338155, 32.724832], [35.337792, 32.725205], [35.338246, 32.725986], [35.338983, 32.726444], [35.338948, 32.726766], [35.339688, 32.728122]]]}}, {"type": "Feature", "properties": {"kind": "forest", "kindKo": "숲(조림지)", "areaHa": 10.12, "osmId": "relation/1638107", "name": "יער מורדות נצרת", "nameEn": "Mordot Nazareth Forest"}, "geometry": {"type": "Polygon", "coordinates": [[[35.342776, 32.67796], [35.342669, 32.677447], [35.342997, 32.67734], [35.343074, 32.675826], [35.342713, 32.674945], [35.340026, 32.675809], [35.339517, 32.676027], [35.339149, 32.676361], [35.339139, 32.676747], [35.339414, 32.677051], [35.338958, 32.677427], [35.338962, 32.677794], [35.339078, 32.6782], [35.339397, 32.67849], [35.339672, 32.678558], [35.339768, 32.678474], [35.339898, 32.677723], [35.341319, 32.677699], [35.34158, 32.677866], [35.341513, 32.678337], [35.341678, 32.678669], [35.342776, 32.67796]]]}}, {"type": "Feature", "properties": {"kind": "forest", "kindKo": "숲(조림지)", "areaHa": 14.64, "osmId": "relation/1638107", "name": "יער מורדות נצרת", "nameEn": "Mordot Nazareth Forest"}, "geometry": {"type": "Polygon", "coordinates": [[[35.341649, 32.70975], [35.33835, 32.711186], [35.338633, 32.711328], [35.33908, 32.71356], [35.338886, 32.713705], [35.338887, 32.71412], [35.338247, 32.715271], [35.33845, 32.715683], [35.338236, 32.715741], [35.33865, 32.716753], [35.340795, 32.716417], [35.341113, 32.716118], [35.340732, 32.715604], [35.340325, 32.715444], [35.340343, 32.714711], [35.340584, 32.714292], [35.340569, 32.713815], [35.340698, 32.713688], [35.341345, 32.713676], [35.341403, 32.713263], [35.341105, 32.712897], [35.340868, 32.712113], [35.341134, 32.711024], [35.341979, 32.710236], [35.34194, 32.709983], [35.341649, 32.70975]]]}}, {"type": "Feature", "properties": {"kind": "forest", "kindKo": "숲(조림지)", "areaHa": 1.43, "osmId": "relation/1638107", "name": "יער מורדות נצרת", "nameEn": "Mordot Nazareth Forest"}, "geometry": {"type": "Polygon", "coordinates": [[[35.339436, 32.71701], [35.33941, 32.71682], [35.339038, 32.716785], [35.338292, 32.71713], [35.338158, 32.717321], [35.338134, 32.717995], [35.338419, 32.718016], [35.338754, 32.717823], [35.339567, 32.717676], [35.340046, 32.71727], [35.339474, 32.717232], [35.339436, 32.71701]]]}}, {"type": "Feature", "properties": {"kind": "forest", "kindKo": "숲(조림지)", "areaHa": 1.15, "osmId": "relation/1638107", "name": "יער מורדות נצרת", "nameEn": "Mordot Nazareth Forest"}, "geometry": {"type": "Polygon", "coordinates": [[[35.337561, 32.730117], [35.337043, 32.729744], [35.337217, 32.72953], [35.336671, 32.729709], [35.336771, 32.730294], [35.33596, 32.730674], [35.335894, 32.730795], [35.336092, 32.731107], [35.335785, 32.731305], [35.336804, 32.730843], [35.337561, 32.730117]]]}}, {"type": "Feature", "properties": {"kind": "forest", "kindKo": "숲(조림지)", "areaHa": 8.79, "osmId": "relation/1638107", "name": "יער מורדות נצרת", "nameEn": "Mordot Nazareth Forest"}, "geometry": {"type": "Polygon", "coordinates": [[[35.335856, 32.67254], [35.336973, 32.67262], [35.337493, 32.672431], [35.337995, 32.672085], [35.338056, 32.671345], [35.335442, 32.671156], [35.333727, 32.670701], [35.332164, 32.670542], [35.332697, 32.671689], [35.33345, 32.671701], [35.333476, 32.671993], [35.333928, 32.67208], [35.334182, 32.672303], [35.33341, 32.673374], [35.334402, 32.673396], [35.335856, 32.67254]]]}}, {"type": "Feature", "properties": {"kind": "forest", "kindKo": "숲(조림지)", "areaHa": 0.33, "osmId": "relation/1638107", "name": "יער מורדות נצרת", "nameEn": "Mordot Nazareth Forest"}, "geometry": {"type": "Polygon", "coordinates": [[[35.337756, 32.728268], [35.336876, 32.728141], [35.336839, 32.728501], [35.337521, 32.728581], [35.337756, 32.728268]]]}}, {"type": "Feature", "properties": {"kind": "forest", "kindKo": "숲(조림지)", "areaHa": 10.75, "osmId": "relation/1638107", "name": "יער מורדות נצרת", "nameEn": "Mordot Nazareth Forest"}, "geometry": {"type": "Polygon", "coordinates": [[[35.331286, 32.716287], [35.33134, 32.716107], [35.332312, 32.715916], [35.332045, 32.715754], [35.331805, 32.714547], [35.331344, 32.714633], [35.331119, 32.714475], [35.331513, 32.713826], [35.331894, 32.713789], [35.332889, 32.712345], [35.334263, 32.711702], [35.336365, 32.71169], [35.335817, 32.710565], [35.333017, 32.710964], [35.332003, 32.71139], [35.331227, 32.712107], [35.330894, 32.712653], [35.330687, 32.713339], [35.33044, 32.715187], [35.330899, 32.716048], [35.330378, 32.716403], [35.330874, 32.716608], [35.331286, 32.716287]]]}}, {"type": "Feature", "properties": {"kind": "forest", "kindKo": "숲(조림지)", "areaHa": 1.08, "osmId": "relation/1638107", "name": "יער מורדות נצרת", "nameEn": "Mordot Nazareth Forest"}, "geometry": {"type": "Polygon", "coordinates": [[[35.33571, 32.730512], [35.336348, 32.730148], [35.336099, 32.730047], [35.336159, 32.72987], [35.335901, 32.729452], [35.334977, 32.729909], [35.334847, 32.730242], [35.335083, 32.730564], [35.33571, 32.730512]]]}}, {"type": "Feature", "properties": {"kind": "forest", "kindKo": "숲(조림지)", "areaHa": 59.5, "osmId": "relation/1638107", "name": "יער מורדות נצרת", "nameEn": "Mordot Nazareth Forest"}, "geometry": {"type": "Polygon", "coordinates": [[[35.328961, 32.716508], [35.329479, 32.715049], [35.329992, 32.714947], [35.330191, 32.713141], [35.330513, 32.712234], [35.331234, 32.711392], [35.331899, 32.710986], [35.332875, 32.710626], [35.335279, 32.710288], [35.335464, 32.709993], [35.335396, 32.709863], [35.335037, 32.709979], [35.333098, 32.709915], [35.333023, 32.709715], [35.332604, 32.709683], [35.332335, 32.709522], [35.332342, 32.709141], [35.332153, 32.709191], [35.332023, 32.709019], [35.33132, 32.709249], [35.329829, 32.709418], [35.3298, 32.709186], [35.327586, 32.709265], [35.326886, 32.709617], [35.326614, 32.710296], [35.326747, 32.712309], [35.326092, 32.712359], [35.326312, 32.712836], [35.324548, 32.713225], [35.324242, 32.713001], [35.323434, 32.711709], [35.322527, 32.710812], [35.322235, 32.708877], [35.321952, 32.708728], [35.321332, 32.708716], [35.320456, 32.709268], [35.320123, 32.709267], [35.319395, 32.708996], [35.318645, 32.708431], [35.318399, 32.708377], [35.31821, 32.709086], [35.317871, 32.709381], [35.318044, 32.709997], [35.317842, 32.710609], [35.316969, 32.712035], [35.317399, 32.712258], [35.32, 32.712055], [35.320072, 32.711916], [35.320553, 32.711839], [35.320709, 32.712367], [35.323145, 32.71269], [35.322967, 32.713876], [35.323122, 32.714287], [35.323456, 32.71456], [35.323281, 32.715084], [35.323089, 32.715228], [35.323244, 32.715657], [35.324291, 32.715436], [35.325033, 32.715148], [35.325418, 32.714857], [35.325736, 32.714906], [35.326418, 32.715483], [35.327006, 32.715233], [35.326546, 32.715807], [35.326664, 32.716008], [35.327228, 32.715734], [35.327743, 32.715652], [35.32793, 32.715628], [35.328088, 32.715782], [35.327688, 32.716184], [35.327002, 32.716578], [35.327561, 32.717323], [35.328084, 32.717627], [35.328961, 32.716508]]]}}, {"type": "Feature", "properties": {"kind": "forest", "kindKo": "숲(조림지)", "areaHa": 1.8, "osmId": "relation/1638107", "name": "יער מורדות נצרת", "nameEn": "Mordot Nazareth Forest"}, "geometry": {"type": "Polygon", "coordinates": [[[35.330744, 32.673966], [35.330941, 32.674472], [35.331435, 32.674206], [35.332306, 32.67427], [35.33277, 32.673868], [35.331956, 32.673596], [35.331838, 32.673099], [35.330767, 32.673028], [35.330744, 32.673966]]]}}, {"type": "Feature", "properties": {"kind": "forest", "kindKo": "숲(조림지)", "areaHa": 2.27, "osmId": "relation/1638107", "name": "יער מורדות נצרת", "nameEn": "Mordot Nazareth Forest"}, "geometry": {"type": "Polygon", "coordinates": [[[35.327311, 32.699411], [35.327909, 32.699396], [35.327246, 32.698334], [35.326279, 32.698888], [35.325835, 32.699331], [35.324681, 32.699402], [35.32421, 32.700157], [35.32453, 32.700214], [35.324575, 32.700018], [35.324808, 32.699909], [35.327311, 32.699411]]]}}, {"type": "Feature", "properties": {"kind": "forest", "kindKo": "숲(조림지)", "areaHa": 1.96, "osmId": "relation/1638107", "name": "יער מורדות נצרת", "nameEn": "Mordot Nazareth Forest"}, "geometry": {"type": "Polygon", "coordinates": [[[35.32536, 32.701876], [35.325203, 32.701445], [35.324087, 32.70171], [35.323362, 32.701706], [35.322398, 32.701526], [35.322021, 32.701656], [35.322333, 32.701887], [35.323509, 32.702104], [35.324732, 32.702829], [35.324975, 32.702761], [35.324871, 32.702525], [35.32494, 32.702054], [35.32536, 32.701876]]]}}, {"type": "Feature", "properties": {"kind": "forest", "kindKo": "숲(조림지)", "areaHa": 3.92, "osmId": "relation/1638107", "name": "יער מורדות נצרת", "nameEn": "Mordot Nazareth Forest"}, "geometry": {"type": "Polygon", "coordinates": [[[35.31968, 32.704285], [35.320397, 32.704156], [35.321794, 32.704138], [35.321148, 32.703954], [35.320553, 32.703965], [35.32009, 32.703768], [35.320186, 32.70323], [35.32048, 32.702993], [35.320397, 32.702654], [35.320684, 32.70217], [35.320104, 32.701751], [35.317744, 32.701305], [35.31736, 32.701373], [35.317197, 32.70125], [35.316942, 32.701424], [35.316947, 32.700696], [35.316643, 32.700631], [35.31649, 32.701102], [35.317156, 32.701811], [35.3178, 32.701923], [35.318911, 32.701811], [35.319747, 32.702145], [35.319615, 32.703023], [35.319385, 32.703338], [35.319201, 32.703295], [35.319168, 32.703406], [35.319606, 32.704327], [35.31968, 32.704285]]]}}, {"type": "Feature", "properties": {"kind": "forest", "kindKo": "숲(조림지)", "areaHa": 35.46, "osmId": "relation/1638107", "name": "יער מורדות נצרת", "nameEn": "Mordot Nazareth Forest"}, "geometry": {"type": "Polygon", "coordinates": [[[35.294491, 32.682686], [35.295048, 32.682651], [35.294761, 32.681631], [35.294989, 32.680686], [35.295548, 32.679677], [35.295053, 32.679157], [35.295294, 32.679116], [35.295333, 32.678618], [35.294436, 32.677297], [35.293569, 32.677052], [35.291978, 32.67631], [35.289494, 32.676217], [35.289535, 32.676136], [35.289245, 32.67606], [35.289121, 32.675891], [35.288101, 32.673901], [35.286584, 32.673962], [35.286317, 32.674075], [35.286228, 32.674291], [35.286982, 32.67455], [35.287453, 32.67562], [35.288162, 32.676587], [35.287652, 32.678675], [35.287885, 32.678809], [35.28778, 32.679005], [35.289368, 32.680435], [35.289756, 32.681346], [35.290392, 32.681109], [35.290461, 32.680849], [35.29077, 32.681054], [35.291453, 32.680972], [35.291589, 32.680894], [35.291498, 32.680435], [35.291654, 32.680106], [35.291872, 32.679934], [35.292456, 32.679888], [35.292877, 32.680092], [35.29307, 32.680441], [35.293034, 32.680973], [35.292777, 32.681454], [35.293045, 32.681563], [35.29307, 32.682318], [35.293336, 32.682398], [35.293796, 32.681765], [35.294062, 32.681086], [35.294303, 32.681067], [35.294491, 32.682686]]]}}, {"type": "Feature", "properties": {"kind": "forest", "kindKo": "숲(조림지)", "areaHa": 0.19, "osmId": "relation/1638107", "name": "יער מורדות נצרת", "nameEn": "Mordot Nazareth Forest"}, "geometry": {"type": "Polygon", "coordinates": [[[35.295317, 32.635075], [35.295414, 32.634871], [35.294988, 32.634672], [35.294345, 32.634708], [35.29434, 32.63484], [35.29474, 32.634833], [35.295317, 32.635075]]]}}, {"type": "Feature", "properties": {"kind": "forest", "kindKo": "숲(조림지)", "areaHa": 2.22, "osmId": "relation/1638107", "name": "יער מורדות נצרת", "nameEn": "Mordot Nazareth Forest"}, "geometry": {"type": "Polygon", "coordinates": [[[35.293475, 32.634906], [35.293919, 32.634897], [35.294051, 32.634189], [35.29307, 32.634145], [35.292252, 32.633956], [35.2916, 32.633654], [35.291743, 32.633379], [35.2912, 32.633114], [35.290991, 32.633294], [35.290811, 32.63324], [35.290845, 32.633744], [35.2911, 32.633764], [35.291722, 32.634132], [35.292263, 32.634677], [35.293475, 32.634906]]]}}, {"type": "Feature", "properties": {"kind": "forest", "kindKo": "숲(조림지)", "areaHa": 32.37, "osmId": "relation/12486799", "name": null, "nameEn": null}, "geometry": {"type": "Polygon", "coordinates": [[[35.254611, 32.702902], [35.255963, 32.70301], [35.257551, 32.704139], [35.259043, 32.704491], [35.2593, 32.704716], [35.260663, 32.704942], [35.261987, 32.704802], [35.262363, 32.704666], [35.264153, 32.703532], [35.264665, 32.703443], [35.265941, 32.703462], [35.267465, 32.704075], [35.267615, 32.703913], [35.268752, 32.703949], [35.268628, 32.703114], [35.268849, 32.7031], [35.268854, 32.702906], [35.268259, 32.702893], [35.267733, 32.702685], [35.267577, 32.702996], [35.265195, 32.702346], [35.265249, 32.70212], [35.264847, 32.702225], [35.264289, 32.703164], [35.263457, 32.703222], [35.262776, 32.703064], [35.262787, 32.702956], [35.261886, 32.702793], [35.261886, 32.702405], [35.261343, 32.701868], [35.260469, 32.701611], [35.260384, 32.701457], [35.260545, 32.700997], [35.259101, 32.700197], [35.258592, 32.700365], [35.257916, 32.69967], [35.257072, 32.699904], [35.256929, 32.700148], [35.255985, 32.700834], [35.255749, 32.70125], [35.255695, 32.701683], [35.254359, 32.701615], [35.254687, 32.702243], [35.254611, 32.702902]]]}}, {"type": "Feature", "properties": {"kind": "forest", "kindKo": "숲(조림지)", "areaHa": 89.11, "osmId": "relation/12486800", "name": null, "nameEn": null}, "geometry": {"type": "Polygon", "coordinates": [[[35.256004, 32.684175], [35.256497, 32.682967], [35.257063, 32.682683], [35.257286, 32.68078], [35.256835, 32.680464], [35.257551, 32.678808], [35.257492, 32.678492], [35.256847, 32.677383], [35.256793, 32.676941], [35.256906, 32.676811], [35.257383, 32.677155], [35.258818, 32.677688], [35.259756, 32.676486], [35.259858, 32.676518], [35.260051, 32.67829], [35.258943, 32.678471], [35.258877, 32.678551], [35.259251, 32.679173], [35.259962, 32.678874], [35.261005, 32.678656], [35.262632, 32.678703], [35.262753, 32.678286], [35.262643, 32.678141], [35.262693, 32.676967], [35.263675, 32.677772], [35.264353, 32.678049], [35.264347, 32.6778], [35.261696, 32.675582], [35.260835, 32.675789], [35.26066, 32.676052], [35.260066, 32.676361], [35.259446, 32.675866], [35.259163, 32.675464], [35.260911, 32.674821], [35.259952, 32.673918], [35.257781, 32.673045], [35.256378, 32.672868], [35.256598, 32.673194], [35.256065, 32.673442], [35.258749, 32.673625], [35.259115, 32.673792], [35.25902, 32.674812], [35.260263, 32.674394], [35.260517, 32.674572], [35.25926, 32.675015], [35.259122, 32.675179], [35.256502, 32.675028], [35.25601, 32.675229], [35.255659, 32.67644], [35.255854, 32.676681], [35.255871, 32.677038], [35.255645, 32.677519], [35.255975, 32.678183], [35.256089, 32.67904], [35.255783, 32.679876], [35.255497, 32.68022], [35.255104, 32.680502], [35.254192, 32.68076], [35.253431, 32.68077], [35.252857, 32.68061], [35.252118, 32.680165], [35.251551, 32.680506], [35.250631, 32.679065], [35.250329, 32.678995], [35.250127, 32.678242], [35.250129, 32.677174], [35.249991, 32.676708], [35.249768, 32.676824], [35.249561, 32.67728], [35.249568, 32.677847], [35.249032, 32.679944], [35.249196, 32.680376], [35.248751, 32.681273], [35.250233, 32.68191], [35.250558, 32.68221], [35.25072, 32.682759], [35.25052, 32.68336], [35.248387, 32.684381], [35.248263, 32.684221], [35.248868, 32.683693], [35.246214, 32.683833], [35.245805, 32.683715], [35.243927, 32.683847], [35.240888, 32.684304], [35.239469, 32.684807], [35.23808, 32.68563], [35.23785, 32.686202], [35.237888, 32.686414], [35.239668, 32.686483], [35.240716, 32.686652], [35.240906, 32.687005], [35.24122, 32.687169], [35.241799, 32.687036], [35.242356, 32.68718], [35.243505, 32.687144], [35.243502, 32.687696], [35.243763, 32.688098], [35.243588, 32.688481], [35.242895, 32.688483], [35.242586, 32.687781], [35.24228, 32.687587], [35.241784, 32.68757], [35.241101, 32.687686], [35.241107, 32.688536], [35.241431, 32.688533], [35.242114, 32.68879], [35.24239, 32.689035], [35.242832, 32.689136], [35.243023, 32.688938], [35.243375, 32.689303], [35.243934, 32.689264], [35.244079, 32.689417], [35.244864, 32.689604], [35.245201, 32.689566], [35.244584, 32.688961], [35.245637, 32.68781], [35.245269, 32.686242], [35.243197, 32.686069], [35.243224, 32.684647], [35.245068, 32.684401], [35.245444, 32.684463], [35.245716, 32.684639], [35.246235, 32.684667], [35.24632, 32.685275], [35.246518, 32.685252], [35.247079, 32.684511], [35.247624, 32.684246], [35.248358, 32.684685], [35.24795, 32.684992], [35.247825, 32.68532], [35.248565, 32.685534], [35.249569, 32.685008], [35.249311, 32.68474], [35.249417, 32.684574], [35.249941, 32.68435], [35.250137, 32.684461], [35.251552, 32.684437], [35.251632, 32.68492], [35.25245, 32.684876], [35.253899, 32.685028], [35.254453, 32.685819], [35.255211, 32.685579], [35.25617, 32.68672], [35.256338, 32.687503], [35.256753, 32.687479], [35.256886, 32.686597], [35.256223, 32.685462], [35.25557, 32.684707], [35.255795, 32.684277], [35.256004, 32.684175]]]}}]}