{"type": "FeatureCollection", "name": "roads-c30", "note": "서기 30년경 주요 육상 교통로 · 문헌·고고학·지형에 근거한 교육용 재구성이다. “서기 30년의 정확한 도로망”이 아니다.", "attribution": "Roads: Itiner-e — Brughmans, T., de Soto, P., Pažout, A., Bjerregaard Vahlstrup, P. (2024), CC BY 4.0. 좌표계를 EPSG:3395 에서 WGS84 로 바꾸고, 서기 30년 기준으로 노선을 골라 속성을 새로 붙였다.", "features": [{"type": "Feature", "properties": {"roadId": "coastal-trunk", "nameKo": "지중해 연안 간선로", "nameEn": "Mediterranean coastal trunk road", "routeType": "trunk", "activeC30": true, "region": "Coast", "periodStart": null, "periodEnd": null, "via": ["가사", "아스글론", "아소도", "얌니아", "욥바", "가이사랴", "돌레마이", "두로"], "relatedPlaces": ["가사", "아스글론", "아소도", "얌니아", "욥바", "가이사랴", "돌레마이", "두로"], "relatedVerses": ["행 8:26", "행 9:32-43", "행 21:7-8"], "sourceIds": ["itinere-2024", "pleiades", "josephus"], "noteKo": "이집트에서 가사·욥바·가이사랴를 지나 두로로 이어지는 해안길이다. 전통적으로 ‘해변길(Via Maris)’이라 불리지만 그것은 후대의 별칭이며 1세기 공식 도로명이 아니다.", "c30Basis": "이집트–레반트를 잇는 해안 통로는 청동기 이래 쓰였고, 잇는 도시가 모두 서기 30년에 존재한다. Itiner-e 는 이 구간에 연대를 지정하지 않았다.", "license": "Itiner-e (Brughmans, de Soto, Pažout, Bjerregaard Vahlstrup 2024) CC BY 4.0", "id": "coastal-trunk#0", "certainty": "probable", "segmentName": "Gaza-Raphia", "segmentSource": "TIR Iudaea-Palaestina, CIIP III", "lengthKm": 255, "certaintyMix": {"confirmed": 5, "probable": 13}, "walkDays": [7, 10]}, "geometry": {"type": "MultiLineString", "coordinates": [[[34.46713, 31.50265], [34.42599, 31.46506], [34.40914, 31.45188], [34.39253, 31.43985], [34.37339, 31.42392], [34.36915, 31.41819], [34.35494, 31.40558]]]}}, {"type": "Feature", "properties": {"roadId": "coastal-trunk", "nameKo": "지중해 연안 간선로", "nameEn": "Mediterranean coastal trunk road", "routeType": "trunk", "activeC30": true, "region": "Coast", "periodStart": null, "periodEnd": null, "via": ["가사", "아스글론", "아소도", "얌니아", "욥바", "가이사랴", "돌레마이", "두로"], "relatedPlaces": ["가사", "아스글론", "아소도", "얌니아", "욥바", "가이사랴", "돌레마이", "두로"], "relatedVerses": ["행 8:26", "행 9:32-43", "행 21:7-8"], "sourceIds": ["itinere-2024", "pleiades", "josephus"], "noteKo": "이집트에서 가사·욥바·가이사랴를 지나 두로로 이어지는 해안길이다. 전통적으로 ‘해변길(Via Maris)’이라 불리지만 그것은 후대의 별칭이며 1세기 공식 도로명이 아니다.", "c30Basis": "이집트–레반트를 잇는 해안 통로는 청동기 이래 쓰였고, 잇는 도시가 모두 서기 30년에 존재한다. Itiner-e 는 이 구간에 연대를 지정하지 않았다.", "license": "Itiner-e (Brughmans, de Soto, Pažout, Bjerregaard Vahlstrup 2024) CC BY 4.0", "id": "coastal-trunk#1", "certainty": "probable", "segmentName": "Gaza-Raphia", "segmentSource": "TIR Iudaea-Palaestina, CIIP III", "lengthKm": 255, "certaintyMix": {"confirmed": 5, "probable": 13}, "walkDays": [7, 10]}, "geometry": {"type": "MultiLineString", "coordinates": [[[34.35494, 31.40558], [34.34, 31.38395], [34.33244, 31.37527], [34.31139, 31.35459], [34.30423, 31.34886], [34.2951, 31.33471], [34.28149, 31.31896], [34.27092, 31.31233], [34.26394, 31.30678], [34.2542, 31.30389], [34.24272, 31.29691]]]}}, {"type": "Feature", "properties": {"roadId": "coastal-trunk", "nameKo": "지중해 연안 간선로", "nameEn": "Mediterranean coastal trunk road", "routeType": "trunk", "activeC30": true, "region": "Coast", "periodStart": null, "periodEnd": null, "via": ["가사", "아스글론", "아소도", "얌니아", "욥바", "가이사랴", "돌레마이", "두로"], "relatedPlaces": ["가사", "아스글론", "아소도", "얌니아", "욥바", "가이사랴", "돌레마이", "두로"], "relatedVerses": ["행 8:26", "행 9:32-43", "행 21:7-8"], "sourceIds": ["itinere-2024", "pleiades", "josephus"], "noteKo": "이집트에서 가사·욥바·가이사랴를 지나 두로로 이어지는 해안길이다. 전통적으로 ‘해변길(Via Maris)’이라 불리지만 그것은 후대의 별칭이며 1세기 공식 도로명이 아니다.", "c30Basis": "이집트–레반트를 잇는 해안 통로는 청동기 이래 쓰였고, 잇는 도시가 모두 서기 30년에 존재한다. Itiner-e 는 이 구간에 연대를 지정하지 않았다.", "license": "Itiner-e (Brughmans, de Soto, Pažout, Bjerregaard Vahlstrup 2024) CC BY 4.0", "id": "coastal-trunk#2", "certainty": "probable", "segmentName": "Ascalon-Gaza", "segmentSource": "TIR Iudaea-Palaestina, CIIP III", "lengthKm": 255, "certaintyMix": {"confirmed": 5, "probable": 13}, "walkDays": [7, 10]}, "geometry": {"type": "MultiLineString", "coordinates": [[[34.55275, 31.66449], [34.55869, 31.66026], [34.56299, 31.65507], [34.56639, 31.65006], [34.57176, 31.64397], [34.57946, 31.64057], [34.5791, 31.61854], [34.57498, 31.60815], [34.5646, 31.58989], [34.55457, 31.57879], [34.54597, 31.55945], [34.53935, 31.55049], [34.52359, 31.53903]]]}}, {"type": "Feature", "properties": {"roadId": "coastal-trunk", "nameKo": "지중해 연안 간선로", "nameEn": "Mediterranean coastal trunk road", "routeType": "trunk", "activeC30": true, "region": "Coast", "periodStart": null, "periodEnd": null, "via": ["가사", "아스글론", "아소도", "얌니아", "욥바", "가이사랴", "돌레마이", "두로"], "relatedPlaces": ["가사", "아스글론", "아소도", "얌니아", "욥바", "가이사랴", "돌레마이", "두로"], "relatedVerses": ["행 8:26", "행 9:32-43", "행 21:7-8"], "sourceIds": ["itinere-2024", "pleiades", "josephus"], "noteKo": "이집트에서 가사·욥바·가이사랴를 지나 두로로 이어지는 해안길이다. 전통적으로 ‘해변길(Via Maris)’이라 불리지만 그것은 후대의 별칭이며 1세기 공식 도로명이 아니다.", "c30Basis": "이집트–레반트를 잇는 해안 통로는 청동기 이래 쓰였고, 잇는 도시가 모두 서기 30년에 존재한다. Itiner-e 는 이 구간에 연대를 지정하지 않았다.", "license": "Itiner-e (Brughmans, de Soto, Pažout, Bjerregaard Vahlstrup 2024) CC BY 4.0", "id": "coastal-trunk#3", "certainty": "probable", "segmentName": "Ascalon-Gaza", "segmentSource": "TIR Iudaea-Palaestina, CIIP III", "lengthKm": 255, "certaintyMix": {"confirmed": 5, "probable": 13}, "walkDays": [7, 10]}, "geometry": {"type": "MultiLineString", "coordinates": [[[34.52359, 31.53903], [34.50819, 31.52614], [34.50192, 31.52489], [34.4953, 31.5222], [34.47112, 31.5077], [34.46713, 31.50265]]]}}, {"type": "Feature", "properties": {"roadId": "coastal-trunk", "nameKo": "지중해 연안 간선로", "nameEn": "Mediterranean coastal trunk road", "routeType": "trunk", "activeC30": true, "region": "Coast", "periodStart": null, "periodEnd": null, "via": ["가사", "아스글론", "아소도", "얌니아", "욥바", "가이사랴", "돌레마이", "두로"], "relatedPlaces": ["가사", "아스글론", "아소도", "얌니아", "욥바", "가이사랴", "돌레마이", "두로"], "relatedVerses": ["행 8:26", "행 9:32-43", "행 21:7-8"], "sourceIds": ["itinere-2024", "pleiades", "josephus"], "noteKo": "이집트에서 가사·욥바·가이사랴를 지나 두로로 이어지는 해안길이다. 전통적으로 ‘해변길(Via Maris)’이라 불리지만 그것은 후대의 별칭이며 1세기 공식 도로명이 아니다.", "c30Basis": "이집트–레반트를 잇는 해안 통로는 청동기 이래 쓰였고, 잇는 도시가 모두 서기 30년에 존재한다. Itiner-e 는 이 구간에 연대를 지정하지 않았다.", "license": "Itiner-e (Brughmans, de Soto, Pažout, Bjerregaard Vahlstrup 2024) CC BY 4.0", "id": "coastal-trunk#4", "certainty": "probable", "segmentName": "Azotos-Ascalon", "segmentSource": "Roll 2013", "lengthKm": 255, "certaintyMix": {"confirmed": 5, "probable": 13}, "walkDays": [7, 10]}, "geometry": {"type": "MultiLineString", "coordinates": [[[34.65916, 31.75636], [34.64967, 31.75037], [34.63408, 31.72634], [34.62745, 31.7181], [34.62315, 31.7156], [34.61706, 31.71309], [34.60507, 31.70664], [34.59361, 31.69464], [34.5893, 31.69164], [34.58586, 31.68442], [34.58151, 31.68258], [34.57486, 31.6772], [34.56721, 31.67412], [34.55632, 31.66816], [34.55458, 31.66596], [34.55275, 31.66449]]]}}, {"type": "Feature", "properties": {"roadId": "coastal-trunk", "nameKo": "지중해 연안 간선로", "nameEn": "Mediterranean coastal trunk road", "routeType": "trunk", "activeC30": true, "region": "Coast", "periodStart": null, "periodEnd": null, "via": ["가사", "아스글론", "아소도", "얌니아", "욥바", "가이사랴", "돌레마이", "두로"], "relatedPlaces": ["가사", "아스글론", "아소도", "얌니아", "욥바", "가이사랴", "돌레마이", "두로"], "relatedVerses": ["행 8:26", "행 9:32-43", "행 21:7-8"], "sourceIds": ["itinere-2024", "pleiades", "josephus"], "noteKo": "이집트에서 가사·욥바·가이사랴를 지나 두로로 이어지는 해안길이다. 전통적으로 ‘해변길(Via Maris)’이라 불리지만 그것은 후대의 별칭이며 1세기 공식 도로명이 아니다.", "c30Basis": "이집트–레반트를 잇는 해안 통로는 청동기 이래 쓰였고, 잇는 도시가 모두 서기 30년에 존재한다. Itiner-e 는 이 구간에 연대를 지정하지 않았다.", "license": "Itiner-e (Brughmans, de Soto, Pažout, Bjerregaard Vahlstrup 2024) CC BY 4.0", "id": "coastal-trunk#5", "certainty": "probable", "segmentName": "Azotos-Ascalon", "segmentSource": "Roll 2013", "lengthKm": 255, "certaintyMix": {"confirmed": 5, "probable": 13}, "walkDays": [7, 10]}, "geometry": {"type": "MultiLineString", "coordinates": [[[34.55275, 31.66449], [34.54595, 31.66598]]]}}, {"type": "Feature", "properties": {"roadId": "coastal-trunk", "nameKo": "지중해 연안 간선로", "nameEn": "Mediterranean coastal trunk road", "routeType": "trunk", "activeC30": true, "region": "Coast", "periodStart": null, "periodEnd": null, "via": ["가사", "아스글론", "아소도", "얌니아", "욥바", "가이사랴", "돌레마이", "두로"], "relatedPlaces": ["가사", "아스글론", "아소도", "얌니아", "욥바", "가이사랴", "돌레마이", "두로"], "relatedVerses": ["행 8:26", "행 9:32-43", "행 21:7-8"], "sourceIds": ["itinere-2024", "pleiades", "josephus"], "noteKo": "이집트에서 가사·욥바·가이사랴를 지나 두로로 이어지는 해안길이다. 전통적으로 ‘해변길(Via Maris)’이라 불리지만 그것은 후대의 별칭이며 1세기 공식 도로명이 아니다.", "c30Basis": "이집트–레반트를 잇는 해안 통로는 청동기 이래 쓰였고, 잇는 도시가 모두 서기 30년에 존재한다. Itiner-e 는 이 구간에 연대를 지정하지 않았다.", "license": "Itiner-e (Brughmans, de Soto, Pažout, Bjerregaard Vahlstrup 2024) CC BY 4.0", "id": "coastal-trunk#6", "certainty": "probable", "segmentName": "Iamnia-Azotus", "segmentSource": "Roll 2013, TIR Iudaea-Palaestina, SWP", "lengthKm": 255, "certaintyMix": {"confirmed": 5, "probable": 13}, "walkDays": [7, 10]}, "geometry": {"type": "MultiLineString", "coordinates": [[[34.74734, 31.8648], [34.72304, 31.84393], [34.69618, 31.8112], [34.67687, 31.78881], [34.67079, 31.78286], [34.66826, 31.78217], [34.66609, 31.78068], [34.66471, 31.77048], [34.66306, 31.76303], [34.65916, 31.75636]]]}}, {"type": "Feature", "properties": {"roadId": "coastal-trunk", "nameKo": "지중해 연안 간선로", "nameEn": "Mediterranean coastal trunk road", "routeType": "trunk", "activeC30": true, "region": "Coast", "periodStart": null, "periodEnd": null, "via": ["가사", "아스글론", "아소도", "얌니아", "욥바", "가이사랴", "돌레마이", "두로"], "relatedPlaces": ["가사", "아스글론", "아소도", "얌니아", "욥바", "가이사랴", "돌레마이", "두로"], "relatedVerses": ["행 8:26", "행 9:32-43", "행 21:7-8"], "sourceIds": ["itinere-2024", "pleiades", "josephus"], "noteKo": "이집트에서 가사·욥바·가이사랴를 지나 두로로 이어지는 해안길이다. 전통적으로 ‘해변길(Via Maris)’이라 불리지만 그것은 후대의 별칭이며 1세기 공식 도로명이 아니다.", "c30Basis": "이집트–레반트를 잇는 해안 통로는 청동기 이래 쓰였고, 잇는 도시가 모두 서기 30년에 존재한다. Itiner-e 는 이 구간에 연대를 지정하지 않았다.", "license": "Itiner-e (Brughmans, de Soto, Pažout, Bjerregaard Vahlstrup 2024) CC BY 4.0", "id": "coastal-trunk#7", "certainty": "probable", "segmentName": "Ioppe-Iamnia", "segmentSource": "TIR Iudaea-Palaestina", "lengthKm": 255, "certaintyMix": {"confirmed": 5, "probable": 13}, "walkDays": [7, 10]}, "geometry": {"type": "MultiLineString", "coordinates": [[[34.74734, 31.8648], [34.75119, 31.88141], [34.75584, 31.88965], [34.7639, 31.90165], [34.76498, 31.90577], [34.77089, 31.91436], [34.77089, 31.92385], [34.77769, 31.9337], [34.78056, 31.94355], [34.78503, 31.95394], [34.78539, 31.95841], [34.78969, 31.96379], [34.79596, 31.97614], [34.799, 31.99172], [34.80383, 32.00121], [34.80258, 32.00569], [34.79578, 32.00999], [34.78593, 32.02163], [34.778, 32.03762]]]}}, {"type": "Feature", "properties": {"roadId": "coastal-trunk", "nameKo": "지중해 연안 간선로", "nameEn": "Mediterranean coastal trunk road", "routeType": "trunk", "activeC30": true, "region": "Coast", "periodStart": null, "periodEnd": null, "via": ["가사", "아스글론", "아소도", "얌니아", "욥바", "가이사랴", "돌레마이", "두로"], "relatedPlaces": ["가사", "아스글론", "아소도", "얌니아", "욥바", "가이사랴", "돌레마이", "두로"], "relatedVerses": ["행 8:26", "행 9:32-43", "행 21:7-8"], "sourceIds": ["itinere-2024", "pleiades", "josephus"], "noteKo": "이집트에서 가사·욥바·가이사랴를 지나 두로로 이어지는 해안길이다. 전통적으로 ‘해변길(Via Maris)’이라 불리지만 그것은 후대의 별칭이며 1세기 공식 도로명이 아니다.", "c30Basis": "이집트–레반트를 잇는 해안 통로는 청동기 이래 쓰였고, 잇는 도시가 모두 서기 30년에 존재한다. Itiner-e 는 이 구간에 연대를 지정하지 않았다.", "license": "Itiner-e (Brughmans, de Soto, Pažout, Bjerregaard Vahlstrup 2024) CC BY 4.0", "id": "coastal-trunk#8", "certainty": "probable", "segmentName": "Ioppe-Iamnia", "segmentSource": "TIR Iudaea-Palaestina", "lengthKm": 255, "certaintyMix": {"confirmed": 5, "probable": 13}, "walkDays": [7, 10]}, "geometry": {"type": "MultiLineString", "coordinates": [[[34.778, 32.03762], [34.76651, 32.04609], [34.76427, 32.04888], [34.74993, 32.05308]]]}}, {"type": "Feature", "properties": {"roadId": "coastal-trunk", "nameKo": "지중해 연안 간선로", "nameEn": "Mediterranean coastal trunk road", "routeType": "trunk", "activeC30": true, "region": "Coast", "periodStart": null, "periodEnd": null, "via": ["가사", "아스글론", "아소도", "얌니아", "욥바", "가이사랴", "돌레마이", "두로"], "relatedPlaces": ["가사", "아스글론", "아소도", "얌니아", "욥바", "가이사랴", "돌레마이", "두로"], "relatedVerses": ["행 8:26", "행 9:32-43", "행 21:7-8"], "sourceIds": ["itinere-2024", "pleiades", "josephus"], "noteKo": "이집트에서 가사·욥바·가이사랴를 지나 두로로 이어지는 해안길이다. 전통적으로 ‘해변길(Via Maris)’이라 불리지만 그것은 후대의 별칭이며 1세기 공식 도로명이 아니다.", "c30Basis": "이집트–레반트를 잇는 해안 통로는 청동기 이래 쓰였고, 잇는 도시가 모두 서기 30년에 존재한다. Itiner-e 는 이 구간에 연대를 지정하지 않았다.", "license": "Itiner-e (Brughmans, de Soto, Pažout, Bjerregaard Vahlstrup 2024) CC BY 4.0", "id": "coastal-trunk#9", "certainty": "probable", "segmentName": "Caesarea Maritima-Ioppe", "segmentSource": "TIR Iudaea-Palaestina, Heřmánková Kaše and Sobotková 2021", "lengthKm": 255, "certaintyMix": {"confirmed": 5, "probable": 13}, "walkDays": [7, 10]}, "geometry": {"type": "MultiLineString", "coordinates": [[[34.89559, 32.46619], [34.88023, 32.41808], [34.86933, 32.40859], [34.86327, 32.38499], [34.85244, 32.33845], [34.84587, 32.31627], [34.83712, 32.27424], [34.8341, 32.26659], [34.83289, 32.25772], [34.82421, 32.23869], [34.81466, 32.20593], [34.81076, 32.1964]]]}}, {"type": "Feature", "properties": {"roadId": "coastal-trunk", "nameKo": "지중해 연안 간선로", "nameEn": "Mediterranean coastal trunk road", "routeType": "trunk", "activeC30": true, "region": "Coast", "periodStart": null, "periodEnd": null, "via": ["가사", "아스글론", "아소도", "얌니아", "욥바", "가이사랴", "돌레마이", "두로"], "relatedPlaces": ["가사", "아스글론", "아소도", "얌니아", "욥바", "가이사랴", "돌레마이", "두로"], "relatedVerses": ["행 8:26", "행 9:32-43", "행 21:7-8"], "sourceIds": ["itinere-2024", "pleiades", "josephus"], "noteKo": "이집트에서 가사·욥바·가이사랴를 지나 두로로 이어지는 해안길이다. 전통적으로 ‘해변길(Via Maris)’이라 불리지만 그것은 후대의 별칭이며 1세기 공식 도로명이 아니다.", "c30Basis": "이집트–레반트를 잇는 해안 통로는 청동기 이래 쓰였고, 잇는 도시가 모두 서기 30년에 존재한다. Itiner-e 는 이 구간에 연대를 지정하지 않았다.", "license": "Itiner-e (Brughmans, de Soto, Pažout, Bjerregaard Vahlstrup 2024) CC BY 4.0", "id": "coastal-trunk#10", "certainty": "probable", "segmentName": "Caesarea Maritima-Ioppe", "segmentSource": "TIR Iudaea-Palaestina, Heřmánková Kaše and Sobotková 2021", "lengthKm": 255, "certaintyMix": {"confirmed": 5, "probable": 13}, "walkDays": [7, 10]}, "geometry": {"type": "MultiLineString", "coordinates": [[[34.7591, 32.05597], [34.74993, 32.05308]]]}}, {"type": "Feature", "properties": {"roadId": "coastal-trunk", "nameKo": "지중해 연안 간선로", "nameEn": "Mediterranean coastal trunk road", "routeType": "trunk", "activeC30": true, "region": "Coast", "periodStart": null, "periodEnd": null, "via": ["가사", "아스글론", "아소도", "얌니아", "욥바", "가이사랴", "돌레마이", "두로"], "relatedPlaces": ["가사", "아스글론", "아소도", "얌니아", "욥바", "가이사랴", "돌레마이", "두로"], "relatedVerses": ["행 8:26", "행 9:32-43", "행 21:7-8"], "sourceIds": ["itinere-2024", "pleiades", "josephus"], "noteKo": "이집트에서 가사·욥바·가이사랴를 지나 두로로 이어지는 해안길이다. 전통적으로 ‘해변길(Via Maris)’이라 불리지만 그것은 후대의 별칭이며 1세기 공식 도로명이 아니다.", "c30Basis": "이집트–레반트를 잇는 해안 통로는 청동기 이래 쓰였고, 잇는 도시가 모두 서기 30년에 존재한다. Itiner-e 는 이 구간에 연대를 지정하지 않았다.", "license": "Itiner-e (Brughmans, de Soto, Pažout, Bjerregaard Vahlstrup 2024) CC BY 4.0", "id": "coastal-trunk#11", "certainty": "probable", "segmentName": "Caesarea Maritima-Ioppe", "segmentSource": "TIR Iudaea-Palaestina, Heřmánková Kaše and Sobotková 2021", "lengthKm": 255, "certaintyMix": {"confirmed": 5, "probable": 13}, "walkDays": [7, 10]}, "geometry": {"type": "MultiLineString", "coordinates": [[[34.81076, 32.1964], [34.80664, 32.18745], [34.8054, 32.17895], [34.79946, 32.15544], [34.79004, 32.13229], [34.78476, 32.11553], [34.77685, 32.10189], [34.77109, 32.0833], [34.76516, 32.0668], [34.7591, 32.05597]]]}}, {"type": "Feature", "properties": {"roadId": "coastal-trunk", "nameKo": "지중해 연안 간선로", "nameEn": "Mediterranean coastal trunk road", "routeType": "trunk", "activeC30": true, "region": "Coast", "periodStart": null, "periodEnd": null, "via": ["가사", "아스글론", "아소도", "얌니아", "욥바", "가이사랴", "돌레마이", "두로"], "relatedPlaces": ["가사", "아스글론", "아소도", "얌니아", "욥바", "가이사랴", "돌레마이", "두로"], "relatedVerses": ["행 8:26", "행 9:32-43", "행 21:7-8"], "sourceIds": ["itinere-2024", "pleiades", "josephus"], "noteKo": "이집트에서 가사·욥바·가이사랴를 지나 두로로 이어지는 해안길이다. 전통적으로 ‘해변길(Via Maris)’이라 불리지만 그것은 후대의 별칭이며 1세기 공식 도로명이 아니다.", "c30Basis": "이집트–레반트를 잇는 해안 통로는 청동기 이래 쓰였고, 잇는 도시가 모두 서기 30년에 존재한다. Itiner-e 는 이 구간에 연대를 지정하지 않았다.", "license": "Itiner-e (Brughmans, de Soto, Pažout, Bjerregaard Vahlstrup 2024) CC BY 4.0", "id": "coastal-trunk#12", "certainty": "probable", "segmentName": "Caesarea Maritima-Ptolemais", "segmentSource": "Roll 1996, Lehmann and Holum 2000", "lengthKm": 255, "certaintyMix": {"confirmed": 5, "probable": 13}, "walkDays": [7, 10]}, "geometry": {"type": "MultiLineString", "coordinates": [[[34.94684, 32.71393], [34.9517, 32.73335], [34.95332, 32.75327], [34.95767, 32.79099], [34.9582, 32.80663], [34.9562, 32.81635], [34.95764, 32.82432], [34.9629, 32.82894], [34.96562, 32.83031], [34.97086, 32.83084], [34.97875, 32.83013], [34.98616, 32.82766], [34.9994, 32.81745], [35.00839, 32.80908], [35.01941, 32.80113], [35.03581, 32.79784], [35.04448, 32.79923], [35.06125, 32.8053], [35.08628, 32.81651]]]}}, {"type": "Feature", "properties": {"roadId": "coastal-trunk", "nameKo": "지중해 연안 간선로", "nameEn": "Mediterranean coastal trunk road", "routeType": "trunk", "activeC30": true, "region": "Coast", "periodStart": null, "periodEnd": null, "via": ["가사", "아스글론", "아소도", "얌니아", "욥바", "가이사랴", "돌레마이", "두로"], "relatedPlaces": ["가사", "아스글론", "아소도", "얌니아", "욥바", "가이사랴", "돌레마이", "두로"], "relatedVerses": ["행 8:26", "행 9:32-43", "행 21:7-8"], "sourceIds": ["itinere-2024", "pleiades", "josephus"], "noteKo": "이집트에서 가사·욥바·가이사랴를 지나 두로로 이어지는 해안길이다. 전통적으로 ‘해변길(Via Maris)’이라 불리지만 그것은 후대의 별칭이며 1세기 공식 도로명이 아니다.", "c30Basis": "이집트–레반트를 잇는 해안 통로는 청동기 이래 쓰였고, 잇는 도시가 모두 서기 30년에 존재한다. Itiner-e 는 이 구간에 연대를 지정하지 않았다.", "license": "Itiner-e (Brughmans, de Soto, Pažout, Bjerregaard Vahlstrup 2024) CC BY 4.0", "id": "coastal-trunk#13", "certainty": "confirmed", "segmentName": "Caesarea Maritima-Ptolemais", "segmentSource": "Roll 1996, Lehmann and Holum 2000", "lengthKm": 255, "certaintyMix": {"confirmed": 5, "probable": 13}, "walkDays": [7, 10]}, "geometry": {"type": "MultiLineString", "coordinates": [[[34.90042, 32.50183], [34.8986, 32.50936], [34.90505, 32.52792], [34.91318, 32.53254], [34.91501, 32.54864], [34.91436, 32.55055], [34.91618, 32.55916], [34.92206, 32.57971], [34.92402, 32.59071], [34.92677, 32.61397], [34.93484, 32.65583], [34.93679, 32.67373], [34.9406, 32.69521], [34.94684, 32.71393]]]}}, {"type": "Feature", "properties": {"roadId": "coastal-trunk", "nameKo": "지중해 연안 간선로", "nameEn": "Mediterranean coastal trunk road", "routeType": "trunk", "activeC30": true, "region": "Coast", "periodStart": null, "periodEnd": null, "via": ["가사", "아스글론", "아소도", "얌니아", "욥바", "가이사랴", "돌레마이", "두로"], "relatedPlaces": ["가사", "아스글론", "아소도", "얌니아", "욥바", "가이사랴", "돌레마이", "두로"], "relatedVerses": ["행 8:26", "행 9:32-43", "행 21:7-8"], "sourceIds": ["itinere-2024", "pleiades", "josephus"], "noteKo": "이집트에서 가사·욥바·가이사랴를 지나 두로로 이어지는 해안길이다. 전통적으로 ‘해변길(Via Maris)’이라 불리지만 그것은 후대의 별칭이며 1세기 공식 도로명이 아니다.", "c30Basis": "이집트–레반트를 잇는 해안 통로는 청동기 이래 쓰였고, 잇는 도시가 모두 서기 30년에 존재한다. Itiner-e 는 이 구간에 연대를 지정하지 않았다.", "license": "Itiner-e (Brughmans, de Soto, Pažout, Bjerregaard Vahlstrup 2024) CC BY 4.0", "id": "coastal-trunk#14", "certainty": "confirmed", "segmentName": "Ptolemais-Tyre", "segmentSource": "Goodchild 1948", "lengthKm": 255, "certaintyMix": {"confirmed": 5, "probable": 13}, "walkDays": [7, 10]}, "geometry": {"type": "MultiLineString", "coordinates": [[[35.07984, 32.92129], [35.08349, 32.93783], [35.09122, 32.95615], [35.09148, 32.97381], [35.09805, 33.00888], [35.10321, 33.03286], [35.10536, 33.04642], [35.10467, 33.05218]]]}}, {"type": "Feature", "properties": {"roadId": "coastal-trunk", "nameKo": "지중해 연안 간선로", "nameEn": "Mediterranean coastal trunk road", "routeType": "trunk", "activeC30": true, "region": "Coast", "periodStart": null, "periodEnd": null, "via": ["가사", "아스글론", "아소도", "얌니아", "욥바", "가이사랴", "돌레마이", "두로"], "relatedPlaces": ["가사", "아스글론", "아소도", "얌니아", "욥바", "가이사랴", "돌레마이", "두로"], "relatedVerses": ["행 8:26", "행 9:32-43", "행 21:7-8"], "sourceIds": ["itinere-2024", "pleiades", "josephus"], "noteKo": "이집트에서 가사·욥바·가이사랴를 지나 두로로 이어지는 해안길이다. 전통적으로 ‘해변길(Via Maris)’이라 불리지만 그것은 후대의 별칭이며 1세기 공식 도로명이 아니다.", "c30Basis": "이집트–레반트를 잇는 해안 통로는 청동기 이래 쓰였고, 잇는 도시가 모두 서기 30년에 존재한다. Itiner-e 는 이 구간에 연대를 지정하지 않았다.", "license": "Itiner-e (Brughmans, de Soto, Pažout, Bjerregaard Vahlstrup 2024) CC BY 4.0", "id": "coastal-trunk#15", "certainty": "confirmed", "segmentName": "Ptolemais-Tyre", "segmentSource": "Goodchild 1948", "lengthKm": 255, "certaintyMix": {"confirmed": 5, "probable": 13}, "walkDays": [7, 10]}, "geometry": {"type": "MultiLineString", "coordinates": [[[35.10467, 33.05218], [35.10767, 33.07199], [35.10747, 33.08368], [35.10922, 33.0907], [35.10824, 33.09205], [35.10687, 33.0928], [35.10496, 33.09318], [35.10477, 33.09429], [35.10557, 33.09642], [35.10781, 33.10002], [35.10921, 33.10487], [35.11525, 33.11254], [35.11795, 33.11436], [35.13077, 33.11942], [35.13867, 33.12466], [35.14444, 33.1255], [35.14808, 33.12853], [35.15208, 33.13369], [35.15434, 33.13765], [35.15512, 33.14095], [35.15646, 33.144], [35.15873, 33.14463], [35.16033, 33.15045], [35.16368, 33.15522], [35.16703, 33.15896], [35.16805, 33.16185], [35.16938, 33.16374], [35.17143, 33.16402], [35.17278, 33.16371], [35.1768, 33.16373], [35.17879, 33.16457], [35.18419, 33.16568], [35.18619, 33.16651], [35.19372, 33.17933], [35.20015, 33.19265], [35.20667, 33.19917], [35.21565, 33.22248], [35.21999, 33.23657], [35.22286, 33.25608]]]}}, {"type": "Feature", "properties": {"roadId": "coastal-trunk", "nameKo": "지중해 연안 간선로", "nameEn": "Mediterranean coastal trunk road", "routeType": "trunk", "activeC30": true, "region": "Coast", "periodStart": null, "periodEnd": null, "via": ["가사", "아스글론", "아소도", "얌니아", "욥바", "가이사랴", "돌레마이", "두로"], "relatedPlaces": ["가사", "아스글론", "아소도", "얌니아", "욥바", "가이사랴", "돌레마이", "두로"], "relatedVerses": ["행 8:26", "행 9:32-43", "행 21:7-8"], "sourceIds": ["itinere-2024", "pleiades", "josephus"], "noteKo": "이집트에서 가사·욥바·가이사랴를 지나 두로로 이어지는 해안길이다. 전통적으로 ‘해변길(Via Maris)’이라 불리지만 그것은 후대의 별칭이며 1세기 공식 도로명이 아니다.", "c30Basis": "이집트–레반트를 잇는 해안 통로는 청동기 이래 쓰였고, 잇는 도시가 모두 서기 30년에 존재한다. Itiner-e 는 이 구간에 연대를 지정하지 않았다.", "license": "Itiner-e (Brughmans, de Soto, Pažout, Bjerregaard Vahlstrup 2024) CC BY 4.0", "id": "coastal-trunk#16", "certainty": "confirmed", "segmentName": "Ptolemais-Tyre", "segmentSource": "Goodchild 1948", "lengthKm": 255, "certaintyMix": {"confirmed": 5, "probable": 13}, "walkDays": [7, 10]}, "geometry": {"type": "MultiLineString", "coordinates": [[[35.22286, 33.25608], [35.22441, 33.27138]]]}}, {"type": "Feature", "properties": {"roadId": "coastal-trunk", "nameKo": "지중해 연안 간선로", "nameEn": "Mediterranean coastal trunk road", "routeType": "trunk", "activeC30": true, "region": "Coast", "periodStart": null, "periodEnd": null, "via": ["가사", "아스글론", "아소도", "얌니아", "욥바", "가이사랴", "돌레마이", "두로"], "relatedPlaces": ["가사", "아스글론", "아소도", "얌니아", "욥바", "가이사랴", "돌레마이", "두로"], "relatedVerses": ["행 8:26", "행 9:32-43", "행 21:7-8"], "sourceIds": ["itinere-2024", "pleiades", "josephus"], "noteKo": "이집트에서 가사·욥바·가이사랴를 지나 두로로 이어지는 해안길이다. 전통적으로 ‘해변길(Via Maris)’이라 불리지만 그것은 후대의 별칭이며 1세기 공식 도로명이 아니다.", "c30Basis": "이집트–레반트를 잇는 해안 통로는 청동기 이래 쓰였고, 잇는 도시가 모두 서기 30년에 존재한다. Itiner-e 는 이 구간에 연대를 지정하지 않았다.", "license": "Itiner-e (Brughmans, de Soto, Pažout, Bjerregaard Vahlstrup 2024) CC BY 4.0", "id": "coastal-trunk#17", "certainty": "confirmed", "segmentName": "Ptolemais-Tyre", "segmentSource": "Goodchild 1948", "lengthKm": 255, "certaintyMix": {"confirmed": 5, "probable": 13}, "walkDays": [7, 10]}, "geometry": {"type": "MultiLineString", "coordinates": [[[35.22441, 33.27138], [35.20384, 33.26985]]]}}, {"type": "Feature", "properties": {"roadId": "ridge-route", "nameKo": "중앙 산지 능선로", "nameEn": "Central hill-country ridge route", "routeType": "pilgrimage", "activeC30": true, "region": "Judaea/Samaria", "periodStart": null, "periodEnd": null, "via": ["헤브론", "베들레헴", "예루살렘", "벧엘", "실로", "세겜", "사마리아"], "relatedPlaces": ["헤브론", "베들레헴", "예루살렘", "벧엘", "실로", "세겜", "사마리아"], "relatedVerses": ["요 4:3-6", "눅 2:4", "삿 21:19"], "sourceIds": ["itinere-2024", "pleiades", "josephus"], "noteKo": "산지 분수령을 따라 남북으로 잇는 길이다. Itiner-e 의 구간명은 후대 지명(네아폴리스·세바스테)을 쓰지만 길 자체는 세겜·사마리아를 지나던 그 노선이다.", "c30Basis": "유대 산지의 분수령을 따르는 길로 철기시대부터 이어졌다. 갈릴리 사람들이 절기에 사마리아를 지나 예루살렘으로 올라갔다는 기록(요세푸스 유대고대사 20.118; 요 4:3-6)이 1세기 통행을 뒷받침한다.", "license": "Itiner-e (Brughmans, de Soto, Pažout, Bjerregaard Vahlstrup 2024) CC BY 4.0", "id": "ridge-route#0", "certainty": "confirmed", "segmentName": "Jerusalem-Hebron", "segmentSource": "Ben David 2013, Isaac 1998", "lengthKm": 186, "certaintyMix": {"confirmed": 16, "probable": 4}, "walkDays": [5, 7]}, "geometry": {"type": "MultiLineString", "coordinates": [[[35.16187, 31.70229], [35.16288, 31.69905], [35.16304, 31.69608], [35.16101, 31.69398], [35.1582, 31.69395], [35.15664, 31.69246], [35.15464, 31.69215], [35.15145, 31.69229], [35.14879, 31.69289], [35.14672, 31.69255], [35.14613, 31.69138], [35.14707, 31.68831], [35.14601, 31.68739], [35.14651, 31.68567], [35.14614, 31.68408], [35.14526, 31.68327], [35.14532, 31.68212], [35.14433, 31.67967], [35.14264, 31.67848], [35.14306, 31.67776], [35.1407, 31.67612], [35.13942, 31.67387], [35.13714, 31.67219], [35.13582, 31.66766], [35.13487, 31.66665], [35.13408, 31.66661], [35.13129, 31.66351], [35.13029, 31.66218], [35.13034, 31.6609], [35.129, 31.66008], [35.12756, 31.66007], [35.12534, 31.65914], [35.12274, 31.65925], [35.12139, 31.65766], [35.1196, 31.65721], [35.11897, 31.65623], [35.11891, 31.6519], [35.11948, 31.64789], [35.11758, 31.63693], [35.11644, 31.63285], [35.11629, 31.62963], [35.11583, 31.62896], [35.11592, 31.62811], [35.11511, 31.62767], [35.11471, 31.62605], [35.11373, 31.62489], [35.11323, 31.6222], [35.11013, 31.62076], [35.10733, 31.62085], [35.10509, 31.61981], [35.10349, 31.62021], [35.10154, 31.6192], [35.10082, 31.61776], [35.10119, 31.61674], [35.10381, 31.61558], [35.10687, 31.6116], [35.10445, 31.60764], [35.10409, 31.60639], [35.10481, 31.60161], [35.10646, 31.59747], [35.10473, 31.59471], [35.10587, 31.59234], [35.10474, 31.58949], [35.0989, 31.58031], [35.09799, 31.57597], [35.10067, 31.56267], [35.10024, 31.55978], [35.10053, 31.55559], [35.09856, 31.55329], [35.09744, 31.54871], [35.09929, 31.54162], [35.09849, 31.53474], [35.09766, 31.53125], [35.09814, 31.52914], [35.09995, 31.52802], [35.10415, 31.52704]]]}}, {"type": "Feature", "properties": {"roadId": "ridge-route", "nameKo": "중앙 산지 능선로", "nameEn": "Central hill-country ridge route", "routeType": "pilgrimage", "activeC30": true, "region": "Judaea/Samaria", "periodStart": null, "periodEnd": null, "via": ["헤브론", "베들레헴", "예루살렘", "벧엘", "실로", "세겜", "사마리아"], "relatedPlaces": ["헤브론", "베들레헴", "예루살렘", "벧엘", "실로", "세겜", "사마리아"], "relatedVerses": ["요 4:3-6", "눅 2:4", "삿 21:19"], "sourceIds": ["itinere-2024", "pleiades", "josephus"], "noteKo": "산지 분수령을 따라 남북으로 잇는 길이다. Itiner-e 의 구간명은 후대 지명(네아폴리스·세바스테)을 쓰지만 길 자체는 세겜·사마리아를 지나던 그 노선이다.", "c30Basis": "유대 산지의 분수령을 따르는 길로 철기시대부터 이어졌다. 갈릴리 사람들이 절기에 사마리아를 지나 예루살렘으로 올라갔다는 기록(요세푸스 유대고대사 20.118; 요 4:3-6)이 1세기 통행을 뒷받침한다.", "license": "Itiner-e (Brughmans, de Soto, Pažout, Bjerregaard Vahlstrup 2024) CC BY 4.0", "id": "ridge-route#1", "certainty": "confirmed", "segmentName": "Jerusalem-Hebron", "segmentSource": "Ben David 2013, Isaac 1998", "lengthKm": 186, "certaintyMix": {"confirmed": 16, "probable": 4}, "walkDays": [5, 7]}, "geometry": {"type": "MultiLineString", "coordinates": [[[35.10415, 31.52704], [35.10687, 31.52606]]]}}, {"type": "Feature", "properties": {"roadId": "ridge-route", "nameKo": "중앙 산지 능선로", "nameEn": "Central hill-country ridge route", "routeType": "pilgrimage", "activeC30": true, "region": "Judaea/Samaria", "periodStart": null, "periodEnd": null, "via": ["헤브론", "베들레헴", "예루살렘", "벧엘", "실로", "세겜", "사마리아"], "relatedPlaces": ["헤브론", "베들레헴", "예루살렘", "벧엘", "실로", "세겜", "사마리아"], "relatedVerses": ["요 4:3-6", "눅 2:4", "삿 21:19"], "sourceIds": ["itinere-2024", "pleiades", "josephus"], "noteKo": "산지 분수령을 따라 남북으로 잇는 길이다. Itiner-e 의 구간명은 후대 지명(네아폴리스·세바스테)을 쓰지만 길 자체는 세겜·사마리아를 지나던 그 노선이다.", "c30Basis": "유대 산지의 분수령을 따르는 길로 철기시대부터 이어졌다. 갈릴리 사람들이 절기에 사마리아를 지나 예루살렘으로 올라갔다는 기록(요세푸스 유대고대사 20.118; 요 4:3-6)이 1세기 통행을 뒷받침한다.", "license": "Itiner-e (Brughmans, de Soto, Pažout, Bjerregaard Vahlstrup 2024) CC BY 4.0", "id": "ridge-route#2", "certainty": "confirmed", "segmentName": "Jerusalem-Hebron", "segmentSource": "Ben David 2013, Isaac 1998", "lengthKm": 186, "certaintyMix": {"confirmed": 16, "probable": 4}, "walkDays": [5, 7]}, "geometry": {"type": "MultiLineString", "coordinates": [[[35.22766, 31.77645], [35.22678, 31.77369], [35.2268, 31.77142], [35.22581, 31.7712], [35.22547, 31.77062], [35.22652, 31.76813], [35.22546, 31.76596], [35.22527, 31.76234], [35.22167, 31.75581], [35.21706, 31.7461], [35.21319, 31.74056], [35.20823, 31.73225], [35.20602, 31.73161], [35.20543, 31.73069], [35.20533, 31.72861], [35.202, 31.71896]]]}}, {"type": "Feature", "properties": {"roadId": "ridge-route", "nameKo": "중앙 산지 능선로", "nameEn": "Central hill-country ridge route", "routeType": "pilgrimage", "activeC30": true, "region": "Judaea/Samaria", "periodStart": null, "periodEnd": null, "via": ["헤브론", "베들레헴", "예루살렘", "벧엘", "실로", "세겜", "사마리아"], "relatedPlaces": ["헤브론", "베들레헴", "예루살렘", "벧엘", "실로", "세겜", "사마리아"], "relatedVerses": ["요 4:3-6", "눅 2:4", "삿 21:19"], "sourceIds": ["itinere-2024", "pleiades", "josephus"], "noteKo": "산지 분수령을 따라 남북으로 잇는 길이다. Itiner-e 의 구간명은 후대 지명(네아폴리스·세바스테)을 쓰지만 길 자체는 세겜·사마리아를 지나던 그 노선이다.", "c30Basis": "유대 산지의 분수령을 따르는 길로 철기시대부터 이어졌다. 갈릴리 사람들이 절기에 사마리아를 지나 예루살렘으로 올라갔다는 기록(요세푸스 유대고대사 20.118; 요 4:3-6)이 1세기 통행을 뒷받침한다.", "license": "Itiner-e (Brughmans, de Soto, Pažout, Bjerregaard Vahlstrup 2024) CC BY 4.0", "id": "ridge-route#3", "certainty": "confirmed", "segmentName": "Jerusalem-Hebron", "segmentSource": "Ben David 2013, Isaac 1998", "lengthKm": 186, "certaintyMix": {"confirmed": 16, "probable": 4}, "walkDays": [5, 7]}, "geometry": {"type": "MultiLineString", "coordinates": [[[35.202, 31.71896], [35.19803, 31.71561], [35.19216, 31.71442], [35.19004, 31.71525], [35.18625, 31.71567], [35.18439, 31.71712], [35.18174, 31.71684], [35.17847, 31.71586], [35.17755, 31.71479], [35.17587, 31.71446], [35.17022, 31.70444], [35.16187, 31.70229]]]}}, {"type": "Feature", "properties": {"roadId": "ridge-route", "nameKo": "중앙 산지 능선로", "nameEn": "Central hill-country ridge route", "routeType": "pilgrimage", "activeC30": true, "region": "Judaea/Samaria", "periodStart": null, "periodEnd": null, "via": ["헤브론", "베들레헴", "예루살렘", "벧엘", "실로", "세겜", "사마리아"], "relatedPlaces": ["헤브론", "베들레헴", "예루살렘", "벧엘", "실로", "세겜", "사마리아"], "relatedVerses": ["요 4:3-6", "눅 2:4", "삿 21:19"], "sourceIds": ["itinere-2024", "pleiades", "josephus"], "noteKo": "산지 분수령을 따라 남북으로 잇는 길이다. Itiner-e 의 구간명은 후대 지명(네아폴리스·세바스테)을 쓰지만 길 자체는 세겜·사마리아를 지나던 그 노선이다.", "c30Basis": "유대 산지의 분수령을 따르는 길로 철기시대부터 이어졌다. 갈릴리 사람들이 절기에 사마리아를 지나 예루살렘으로 올라갔다는 기록(요세푸스 유대고대사 20.118; 요 4:3-6)이 1세기 통행을 뒷받침한다.", "license": "Itiner-e (Brughmans, de Soto, Pažout, Bjerregaard Vahlstrup 2024) CC BY 4.0", "id": "ridge-route#4", "certainty": "probable", "segmentName": "Ziph-Bethlehem", "segmentSource": "TIR Iudaea-Palaestina, Hirschfeld 1979", "lengthKm": 186, "certaintyMix": {"confirmed": 16, "probable": 4}, "walkDays": [5, 7]}, "geometry": {"type": "MultiLineString", "coordinates": [[[35.13696, 31.48077], [35.13875, 31.48339], [35.13845, 31.48488], [35.13886, 31.4856], [35.14001, 31.48594], [35.1412, 31.48692], [35.14773, 31.49565], [35.14957, 31.49606], [35.15276, 31.49864], [35.15574, 31.49948], [35.15617, 31.50044], [35.15604, 31.50133], [35.15649, 31.50172], [35.15608, 31.50266], [35.15713, 31.50755], [35.15966, 31.50952], [35.16344, 31.51541], [35.16384, 31.51673], [35.16369, 31.51737], [35.16273, 31.51741], [35.16155, 31.52143], [35.16055, 31.5234], [35.16137, 31.52519], [35.16094, 31.52657], [35.16099, 31.52907], [35.16041, 31.53106], [35.15785, 31.53567], [35.15594, 31.53781], [35.15199, 31.53921], [35.14787, 31.54245], [35.14197, 31.54383], [35.13896, 31.54713], [35.13905, 31.5482], [35.13777, 31.55023], [35.13815, 31.55143], [35.13743, 31.5546], [35.13742, 31.55694], [35.13643, 31.55928], [35.13447, 31.56097], [35.13395, 31.56272], [35.13438, 31.56659], [35.13476, 31.56721], [35.13447, 31.56901], [35.13503, 31.5709], [35.13668, 31.5733], [35.14052, 31.57526], [35.14093, 31.57668], [35.14165, 31.57732], [35.14366, 31.57801], [35.14901, 31.57704], [35.15058, 31.57797], [35.15135, 31.57738], [35.15236, 31.57462], [35.15367, 31.5738], [35.15422, 31.57359], [35.15546, 31.57424], [35.15685, 31.57356], [35.15837, 31.57338], [35.16013, 31.57375], [35.16526, 31.57177], [35.17288, 31.57633], [35.17388, 31.57885], [35.17663, 31.58198], [35.17747, 31.58374], [35.17955, 31.58538], [35.18165, 31.58533], [35.18377, 31.58574], [35.18547, 31.58666], [35.18828, 31.58745], [35.19059, 31.59261], [35.19081, 31.59439], [35.19318, 31.59658], [35.19522, 31.60009], [35.19656, 31.60098], [35.19736, 31.60328], [35.1983, 31.60353], [35.19837, 31.60428], [35.20154, 31.60715], [35.20135, 31.6088], [35.20014, 31.61036], [35.19983, 31.61213], [35.19896, 31.61217], [35.1996, 31.61274], [35.20271, 31.61263], [35.20233, 31.61362], [35.20405, 31.61502], [35.20389, 31.61709], [35.20481, 31.61841], [35.20308, 31.61987], [35.2047, 31.62235], [35.20474, 31.62352], [35.2077, 31.62463], [35.20914, 31.62582], [35.20908, 31.62643], [35.20987, 31.62641], [35.21361, 31.62955], [35.21517, 31.6318], [35.21526, 31.63372], [35.21606, 31.63615], [35.21726, 31.63675], [35.21842, 31.63869], [35.22009, 31.64427], [35.21999, 31.64512], [35.21772, 31.64798], [35.21841, 31.64858], [35.2191, 31.65203], [35.21992, 31.65388], [35.22014, 31.65605], [35.22063, 31.65683], [35.22233, 31.65741], [35.22275, 31.65829], [35.22655, 31.66209], [35.2273, 31.66423], [35.23018, 31.66741], [35.23004, 31.66907], [35.23047, 31.67017]]]}}, {"type": "Feature", "properties": {"roadId": "ridge-route", "nameKo": "중앙 산지 능선로", "nameEn": "Central hill-country ridge route", "routeType": "pilgrimage", "activeC30": true, "region": "Judaea/Samaria", "periodStart": null, "periodEnd": null, "via": ["헤브론", "베들레헴", "예루살렘", "벧엘", "실로", "세겜", "사마리아"], "relatedPlaces": ["헤브론", "베들레헴", "예루살렘", "벧엘", "실로", "세겜", "사마리아"], "relatedVerses": ["요 4:3-6", "눅 2:4", "삿 21:19"], "sourceIds": ["itinere-2024", "pleiades", "josephus"], "noteKo": "산지 분수령을 따라 남북으로 잇는 길이다. Itiner-e 의 구간명은 후대 지명(네아폴리스·세바스테)을 쓰지만 길 자체는 세겜·사마리아를 지나던 그 노선이다.", "c30Basis": "유대 산지의 분수령을 따르는 길로 철기시대부터 이어졌다. 갈릴리 사람들이 절기에 사마리아를 지나 예루살렘으로 올라갔다는 기록(요세푸스 유대고대사 20.118; 요 4:3-6)이 1세기 통행을 뒷받침한다.", "license": "Itiner-e (Brughmans, de Soto, Pažout, Bjerregaard Vahlstrup 2024) CC BY 4.0", "id": "ridge-route#5", "certainty": "probable", "segmentName": "Ziph-Bethlehem", "segmentSource": "TIR Iudaea-Palaestina, Hirschfeld 1979", "lengthKm": 186, "certaintyMix": {"confirmed": 16, "probable": 4}, "walkDays": [5, 7]}, "geometry": {"type": "MultiLineString", "coordinates": [[[35.23047, 31.67017], [35.22785, 31.671], [35.22496, 31.67255], [35.22233, 31.67619], [35.21827, 31.6787], [35.21766, 31.68275], [35.21334, 31.68925], [35.21179, 31.69053], [35.21108, 31.69669], [35.20894, 31.69859], [35.2098, 31.70018], [35.20891, 31.70125], [35.20757, 31.70157], [35.20502, 31.70317], [35.20343, 31.70319], [35.20117, 31.70513], [35.20014, 31.71341], [35.202, 31.71896]]]}}, {"type": "Feature", "properties": {"roadId": "ridge-route", "nameKo": "중앙 산지 능선로", "nameEn": "Central hill-country ridge route", "routeType": "pilgrimage", "activeC30": true, "region": "Judaea/Samaria", "periodStart": null, "periodEnd": null, "via": ["헤브론", "베들레헴", "예루살렘", "벧엘", "실로", "세겜", "사마리아"], "relatedPlaces": ["헤브론", "베들레헴", "예루살렘", "벧엘", "실로", "세겜", "사마리아"], "relatedVerses": ["요 4:3-6", "눅 2:4", "삿 21:19"], "sourceIds": ["itinere-2024", "pleiades", "josephus"], "noteKo": "산지 분수령을 따라 남북으로 잇는 길이다. Itiner-e 의 구간명은 후대 지명(네아폴리스·세바스테)을 쓰지만 길 자체는 세겜·사마리아를 지나던 그 노선이다.", "c30Basis": "유대 산지의 분수령을 따르는 길로 철기시대부터 이어졌다. 갈릴리 사람들이 절기에 사마리아를 지나 예루살렘으로 올라갔다는 기록(요세푸스 유대고대사 20.118; 요 4:3-6)이 1세기 통행을 뒷받침한다.", "license": "Itiner-e (Brughmans, de Soto, Pažout, Bjerregaard Vahlstrup 2024) CC BY 4.0", "id": "ridge-route#6", "certainty": "confirmed", "segmentName": "Gophna-Jerusalem", "segmentSource": "Thomsen 1917, Ben David 2013, TIR Iudaea-Palaestina", "lengthKm": 186, "certaintyMix": {"confirmed": 16, "probable": 4}, "walkDays": [5, 7]}, "geometry": {"type": "MultiLineString", "coordinates": [[[35.21592, 31.91106], [35.21192, 31.9056], [35.21017, 31.89855], [35.21251, 31.8959], [35.21418, 31.89221], [35.21725, 31.88812], [35.21961, 31.886], [35.22003, 31.88468], [35.22023, 31.88152], [35.21741, 31.87506], [35.22003, 31.86666], [35.22075, 31.86096], [35.22602, 31.85077], [35.22833, 31.84785], [35.22895, 31.84538], [35.22854, 31.84112], [35.22705, 31.83799], [35.22673, 31.83083]]]}}, {"type": "Feature", "properties": {"roadId": "ridge-route", "nameKo": "중앙 산지 능선로", "nameEn": "Central hill-country ridge route", "routeType": "pilgrimage", "activeC30": true, "region": "Judaea/Samaria", "periodStart": null, "periodEnd": null, "via": ["헤브론", "베들레헴", "예루살렘", "벧엘", "실로", "세겜", "사마리아"], "relatedPlaces": ["헤브론", "베들레헴", "예루살렘", "벧엘", "실로", "세겜", "사마리아"], "relatedVerses": ["요 4:3-6", "눅 2:4", "삿 21:19"], "sourceIds": ["itinere-2024", "pleiades", "josephus"], "noteKo": "산지 분수령을 따라 남북으로 잇는 길이다. Itiner-e 의 구간명은 후대 지명(네아폴리스·세바스테)을 쓰지만 길 자체는 세겜·사마리아를 지나던 그 노선이다.", "c30Basis": "유대 산지의 분수령을 따르는 길로 철기시대부터 이어졌다. 갈릴리 사람들이 절기에 사마리아를 지나 예루살렘으로 올라갔다는 기록(요세푸스 유대고대사 20.118; 요 4:3-6)이 1세기 통행을 뒷받침한다.", "license": "Itiner-e (Brughmans, de Soto, Pažout, Bjerregaard Vahlstrup 2024) CC BY 4.0", "id": "ridge-route#7", "certainty": "confirmed", "segmentName": "Gophna-Jerusalem", "segmentSource": "Thomsen 1917, Ben David 2013, TIR Iudaea-Palaestina", "lengthKm": 186, "certaintyMix": {"confirmed": 16, "probable": 4}, "walkDays": [5, 7]}, "geometry": {"type": "MultiLineString", "coordinates": [[[35.23315, 31.78289], [35.23416, 31.77668]]]}}, {"type": "Feature", "properties": {"roadId": "ridge-route", "nameKo": "중앙 산지 능선로", "nameEn": "Central hill-country ridge route", "routeType": "pilgrimage", "activeC30": true, "region": "Judaea/Samaria", "periodStart": null, "periodEnd": null, "via": ["헤브론", "베들레헴", "예루살렘", "벧엘", "실로", "세겜", "사마리아"], "relatedPlaces": ["헤브론", "베들레헴", "예루살렘", "벧엘", "실로", "세겜", "사마리아"], "relatedVerses": ["요 4:3-6", "눅 2:4", "삿 21:19"], "sourceIds": ["itinere-2024", "pleiades", "josephus"], "noteKo": "산지 분수령을 따라 남북으로 잇는 길이다. Itiner-e 의 구간명은 후대 지명(네아폴리스·세바스테)을 쓰지만 길 자체는 세겜·사마리아를 지나던 그 노선이다.", "c30Basis": "유대 산지의 분수령을 따르는 길로 철기시대부터 이어졌다. 갈릴리 사람들이 절기에 사마리아를 지나 예루살렘으로 올라갔다는 기록(요세푸스 유대고대사 20.118; 요 4:3-6)이 1세기 통행을 뒷받침한다.", "license": "Itiner-e (Brughmans, de Soto, Pažout, Bjerregaard Vahlstrup 2024) CC BY 4.0", "id": "ridge-route#8", "certainty": "confirmed", "segmentName": "Gophna-Jerusalem", "segmentSource": "Thomsen 1917, Ben David 2013, TIR Iudaea-Palaestina", "lengthKm": 186, "certaintyMix": {"confirmed": 16, "probable": 4}, "walkDays": [5, 7]}, "geometry": {"type": "MultiLineString", "coordinates": [[[35.22673, 31.83083], [35.22694, 31.82553], [35.22823, 31.82138], [35.22844, 31.81547], [35.23341, 31.81063], [35.23455, 31.80484], [35.23463, 31.80282], [35.22939, 31.79399], [35.22889, 31.79149], [35.22923, 31.78856], [35.23274, 31.78411], [35.23315, 31.78289]]]}}, {"type": "Feature", "properties": {"roadId": "ridge-route", "nameKo": "중앙 산지 능선로", "nameEn": "Central hill-country ridge route", "routeType": "pilgrimage", "activeC30": true, "region": "Judaea/Samaria", "periodStart": null, "periodEnd": null, "via": ["헤브론", "베들레헴", "예루살렘", "벧엘", "실로", "세겜", "사마리아"], "relatedPlaces": ["헤브론", "베들레헴", "예루살렘", "벧엘", "실로", "세겜", "사마리아"], "relatedVerses": ["요 4:3-6", "눅 2:4", "삿 21:19"], "sourceIds": ["itinere-2024", "pleiades", "josephus"], "noteKo": "산지 분수령을 따라 남북으로 잇는 길이다. Itiner-e 의 구간명은 후대 지명(네아폴리스·세바스테)을 쓰지만 길 자체는 세겜·사마리아를 지나던 그 노선이다.", "c30Basis": "유대 산지의 분수령을 따르는 길로 철기시대부터 이어졌다. 갈릴리 사람들이 절기에 사마리아를 지나 예루살렘으로 올라갔다는 기록(요세푸스 유대고대사 20.118; 요 4:3-6)이 1세기 통행을 뒷받침한다.", "license": "Itiner-e (Brughmans, de Soto, Pažout, Bjerregaard Vahlstrup 2024) CC BY 4.0", "id": "ridge-route#9", "certainty": "confirmed", "segmentName": "Gophna-Jerusalem", "segmentSource": "Thomsen 1917, Ben David 2013, TIR Iudaea-Palaestina", "lengthKm": 186, "certaintyMix": {"confirmed": 16, "probable": 4}, "walkDays": [5, 7]}, "geometry": {"type": "MultiLineString", "coordinates": [[[35.21442, 31.96159], [35.21364, 31.95864], [35.21462, 31.95586], [35.21373, 31.95222], [35.21543, 31.9451], [35.21494, 31.94355], [35.21768, 31.939], [35.2199, 31.93725], [35.22076, 31.93586], [35.22015, 31.93159], [35.22162, 31.92685], [35.22011, 31.92354], [35.21586, 31.91817], [35.21592, 31.91106]]]}}, {"type": "Feature", "properties": {"roadId": "ridge-route", "nameKo": "중앙 산지 능선로", "nameEn": "Central hill-country ridge route", "routeType": "pilgrimage", "activeC30": true, "region": "Judaea/Samaria", "periodStart": null, "periodEnd": null, "via": ["헤브론", "베들레헴", "예루살렘", "벧엘", "실로", "세겜", "사마리아"], "relatedPlaces": ["헤브론", "베들레헴", "예루살렘", "벧엘", "실로", "세겜", "사마리아"], "relatedVerses": ["요 4:3-6", "눅 2:4", "삿 21:19"], "sourceIds": ["itinere-2024", "pleiades", "josephus"], "noteKo": "산지 분수령을 따라 남북으로 잇는 길이다. Itiner-e 의 구간명은 후대 지명(네아폴리스·세바스테)을 쓰지만 길 자체는 세겜·사마리아를 지나던 그 노선이다.", "c30Basis": "유대 산지의 분수령을 따르는 길로 철기시대부터 이어졌다. 갈릴리 사람들이 절기에 사마리아를 지나 예루살렘으로 올라갔다는 기록(요세푸스 유대고대사 20.118; 요 4:3-6)이 1세기 통행을 뒷받침한다.", "license": "Itiner-e (Brughmans, de Soto, Pažout, Bjerregaard Vahlstrup 2024) CC BY 4.0", "id": "ridge-route#10", "certainty": "confirmed", "segmentName": "Neapolis-Jerusalem", "segmentSource": "Thomsen 1917, Ben David 2013, TIR Iudaea-Palaestina", "lengthKm": 186, "certaintyMix": {"confirmed": 16, "probable": 4}, "walkDays": [5, 7]}, "geometry": {"type": "MultiLineString", "coordinates": [[[35.25437, 32.05762], [35.25358, 32.05737], [35.25263, 32.05765], [35.24884, 32.05949], [35.24702, 32.06248], [35.24663, 32.06706], [35.24827, 32.07342], [35.24956, 32.07443], [35.25773, 32.07717], [35.26294, 32.08196], [35.26486, 32.08563], [35.26492, 32.08841], [35.26422, 32.09071], [35.26127, 32.09363], [35.26093, 32.09508], [35.25999, 32.09628], [35.26163, 32.10322], [35.25787, 32.10817], [35.25832, 32.11179], [35.25801, 32.11267], [35.25644, 32.11428], [35.25756, 32.118], [35.25709, 32.12117], [35.25592, 32.12214], [35.25555, 32.12446], [35.25679, 32.12569], [35.25694, 32.12852], [35.25779, 32.13094], [35.25816, 32.13785], [35.25775, 32.1485]]]}}, {"type": "Feature", "properties": {"roadId": "ridge-route", "nameKo": "중앙 산지 능선로", "nameEn": "Central hill-country ridge route", "routeType": "pilgrimage", "activeC30": true, "region": "Judaea/Samaria", "periodStart": null, "periodEnd": null, "via": ["헤브론", "베들레헴", "예루살렘", "벧엘", "실로", "세겜", "사마리아"], "relatedPlaces": ["헤브론", "베들레헴", "예루살렘", "벧엘", "실로", "세겜", "사마리아"], "relatedVerses": ["요 4:3-6", "눅 2:4", "삿 21:19"], "sourceIds": ["itinere-2024", "pleiades", "josephus"], "noteKo": "산지 분수령을 따라 남북으로 잇는 길이다. Itiner-e 의 구간명은 후대 지명(네아폴리스·세바스테)을 쓰지만 길 자체는 세겜·사마리아를 지나던 그 노선이다.", "c30Basis": "유대 산지의 분수령을 따르는 길로 철기시대부터 이어졌다. 갈릴리 사람들이 절기에 사마리아를 지나 예루살렘으로 올라갔다는 기록(요세푸스 유대고대사 20.118; 요 4:3-6)이 1세기 통행을 뒷받침한다.", "license": "Itiner-e (Brughmans, de Soto, Pažout, Bjerregaard Vahlstrup 2024) CC BY 4.0", "id": "ridge-route#11", "certainty": "confirmed", "segmentName": "Neapolis-Jerusalem", "segmentSource": "Thomsen 1917, Ben David 2013, TIR Iudaea-Palaestina", "lengthKm": 186, "certaintyMix": {"confirmed": 16, "probable": 4}, "walkDays": [5, 7]}, "geometry": {"type": "MultiLineString", "coordinates": [[[35.25775, 32.1485], [35.25925, 32.15493], [35.26249, 32.16431], [35.2753, 32.17968], [35.28341, 32.19121], [35.28597, 32.19975], [35.28748, 32.21014]]]}}, {"type": "Feature", "properties": {"roadId": "ridge-route", "nameKo": "중앙 산지 능선로", "nameEn": "Central hill-country ridge route", "routeType": "pilgrimage", "activeC30": true, "region": "Judaea/Samaria", "periodStart": null, "periodEnd": null, "via": ["헤브론", "베들레헴", "예루살렘", "벧엘", "실로", "세겜", "사마리아"], "relatedPlaces": ["헤브론", "베들레헴", "예루살렘", "벧엘", "실로", "세겜", "사마리아"], "relatedVerses": ["요 4:3-6", "눅 2:4", "삿 21:19"], "sourceIds": ["itinere-2024", "pleiades", "josephus"], "noteKo": "산지 분수령을 따라 남북으로 잇는 길이다. Itiner-e 의 구간명은 후대 지명(네아폴리스·세바스테)을 쓰지만 길 자체는 세겜·사마리아를 지나던 그 노선이다.", "c30Basis": "유대 산지의 분수령을 따르는 길로 철기시대부터 이어졌다. 갈릴리 사람들이 절기에 사마리아를 지나 예루살렘으로 올라갔다는 기록(요세푸스 유대고대사 20.118; 요 4:3-6)이 1세기 통행을 뒷받침한다.", "license": "Itiner-e (Brughmans, de Soto, Pažout, Bjerregaard Vahlstrup 2024) CC BY 4.0", "id": "ridge-route#12", "certainty": "confirmed", "segmentName": "Neapolis-Jerusalem", "segmentSource": "Thomsen 1917, Ben David 2013, TIR Iudaea-Palaestina", "lengthKm": 186, "certaintyMix": {"confirmed": 16, "probable": 4}, "walkDays": [5, 7]}, "geometry": {"type": "MultiLineString", "coordinates": [[[35.28748, 32.21014], [35.26291, 32.21869]]]}}, {"type": "Feature", "properties": {"roadId": "ridge-route", "nameKo": "중앙 산지 능선로", "nameEn": "Central hill-country ridge route", "routeType": "pilgrimage", "activeC30": true, "region": "Judaea/Samaria", "periodStart": null, "periodEnd": null, "via": ["헤브론", "베들레헴", "예루살렘", "벧엘", "실로", "세겜", "사마리아"], "relatedPlaces": ["헤브론", "베들레헴", "예루살렘", "벧엘", "실로", "세겜", "사마리아"], "relatedVerses": ["요 4:3-6", "눅 2:4", "삿 21:19"], "sourceIds": ["itinere-2024", "pleiades", "josephus"], "noteKo": "산지 분수령을 따라 남북으로 잇는 길이다. Itiner-e 의 구간명은 후대 지명(네아폴리스·세바스테)을 쓰지만 길 자체는 세겜·사마리아를 지나던 그 노선이다.", "c30Basis": "유대 산지의 분수령을 따르는 길로 철기시대부터 이어졌다. 갈릴리 사람들이 절기에 사마리아를 지나 예루살렘으로 올라갔다는 기록(요세푸스 유대고대사 20.118; 요 4:3-6)이 1세기 통행을 뒷받침한다.", "license": "Itiner-e (Brughmans, de Soto, Pažout, Bjerregaard Vahlstrup 2024) CC BY 4.0", "id": "ridge-route#13", "certainty": "confirmed", "segmentName": "Neapolis-Jerusalem", "segmentSource": "Thomsen 1917, Ben David 2013, TIR Iudaea-Palaestina", "lengthKm": 186, "certaintyMix": {"confirmed": 16, "probable": 4}, "walkDays": [5, 7]}, "geometry": {"type": "MultiLineString", "coordinates": [[[35.25353, 31.97066], [35.25323, 31.97163], [35.25382, 31.97316], [35.25308, 31.97509], [35.25166, 31.9765], [35.25125, 31.97892], [35.24888, 31.98292], [35.24915, 31.98619], [35.25035, 31.98944], [35.24901, 31.99359], [35.24917, 31.99444], [35.2516, 31.99807], [35.25308, 32.00315], [35.25559, 32.00671], [35.25807, 32.00788], [35.26011, 32.00954], [35.26267, 32.01064], [35.26369, 32.01229], [35.26401, 32.01541], [35.26689, 32.01981], [35.26809, 32.02098], [35.27261, 32.02341], [35.27387, 32.02553], [35.27366, 32.02743], [35.27158, 32.03065], [35.27149, 32.03489], [35.27075, 32.03666], [35.26238, 32.04481], [35.26163, 32.04723], [35.26313, 32.0485], [35.26274, 32.04902], [35.26123, 32.0492], [35.25624, 32.05485]]]}}, {"type": "Feature", "properties": {"roadId": "ridge-route", "nameKo": "중앙 산지 능선로", "nameEn": "Central hill-country ridge route", "routeType": "pilgrimage", "activeC30": true, "region": "Judaea/Samaria", "periodStart": null, "periodEnd": null, "via": ["헤브론", "베들레헴", "예루살렘", "벧엘", "실로", "세겜", "사마리아"], "relatedPlaces": ["헤브론", "베들레헴", "예루살렘", "벧엘", "실로", "세겜", "사마리아"], "relatedVerses": ["요 4:3-6", "눅 2:4", "삿 21:19"], "sourceIds": ["itinere-2024", "pleiades", "josephus"], "noteKo": "산지 분수령을 따라 남북으로 잇는 길이다. Itiner-e 의 구간명은 후대 지명(네아폴리스·세바스테)을 쓰지만 길 자체는 세겜·사마리아를 지나던 그 노선이다.", "c30Basis": "유대 산지의 분수령을 따르는 길로 철기시대부터 이어졌다. 갈릴리 사람들이 절기에 사마리아를 지나 예루살렘으로 올라갔다는 기록(요세푸스 유대고대사 20.118; 요 4:3-6)이 1세기 통행을 뒷받침한다.", "license": "Itiner-e (Brughmans, de Soto, Pažout, Bjerregaard Vahlstrup 2024) CC BY 4.0", "id": "ridge-route#14", "certainty": "probable", "segmentName": "Neapolis-Jerusalem", "segmentSource": "Thomsen 1917, Ben David 2013, TIR Iudaea-Palaestina", "lengthKm": 186, "certaintyMix": {"confirmed": 16, "probable": 4}, "walkDays": [5, 7]}, "geometry": {"type": "MultiLineString", "coordinates": [[[35.25624, 32.05485], [35.25551, 32.05738], [35.25619, 32.05839], [35.25557, 32.05867], [35.25496, 32.05768], [35.25437, 32.05762]]]}}, {"type": "Feature", "properties": {"roadId": "ridge-route", "nameKo": "중앙 산지 능선로", "nameEn": "Central hill-country ridge route", "routeType": "pilgrimage", "activeC30": true, "region": "Judaea/Samaria", "periodStart": null, "periodEnd": null, "via": ["헤브론", "베들레헴", "예루살렘", "벧엘", "실로", "세겜", "사마리아"], "relatedPlaces": ["헤브론", "베들레헴", "예루살렘", "벧엘", "실로", "세겜", "사마리아"], "relatedVerses": ["요 4:3-6", "눅 2:4", "삿 21:19"], "sourceIds": ["itinere-2024", "pleiades", "josephus"], "noteKo": "산지 분수령을 따라 남북으로 잇는 길이다. Itiner-e 의 구간명은 후대 지명(네아폴리스·세바스테)을 쓰지만 길 자체는 세겜·사마리아를 지나던 그 노선이다.", "c30Basis": "유대 산지의 분수령을 따르는 길로 철기시대부터 이어졌다. 갈릴리 사람들이 절기에 사마리아를 지나 예루살렘으로 올라갔다는 기록(요세푸스 유대고대사 20.118; 요 4:3-6)이 1세기 통행을 뒷받침한다.", "license": "Itiner-e (Brughmans, de Soto, Pažout, Bjerregaard Vahlstrup 2024) CC BY 4.0", "id": "ridge-route#15", "certainty": "confirmed", "segmentName": "Neapolis-Jerusalem", "segmentSource": "TIR Iudaea-Palaestina, Roll 1996, SWP", "lengthKm": 186, "certaintyMix": {"confirmed": 16, "probable": 4}, "walkDays": [5, 7]}, "geometry": {"type": "MultiLineString", "coordinates": [[[35.21592, 31.91106], [35.21951, 31.91429], [35.22388, 31.91581], [35.22872, 31.91849], [35.23012, 31.91851], [35.2313, 31.91924], [35.23213, 31.92008], [35.23235, 31.92114], [35.23384, 31.92323], [35.23435, 31.92472], [35.23587, 31.92545], [35.23692, 31.92787], [35.23891, 31.92895], [35.24077, 31.93132], [35.24109, 31.93304], [35.24454, 31.93808], [35.24759, 31.93919], [35.25071, 31.94279], [35.25181, 31.9517], [35.25342, 31.95797], [35.25632, 31.95955], [35.25623, 31.96048], [35.25503, 31.96212], [35.25518, 31.96339], [35.25452, 31.96467], [35.25435, 31.96694], [35.25243, 31.97029], [35.25353, 31.97066]]]}}, {"type": "Feature", "properties": {"roadId": "ridge-route", "nameKo": "중앙 산지 능선로", "nameEn": "Central hill-country ridge route", "routeType": "pilgrimage", "activeC30": true, "region": "Judaea/Samaria", "periodStart": null, "periodEnd": null, "via": ["헤브론", "베들레헴", "예루살렘", "벧엘", "실로", "세겜", "사마리아"], "relatedPlaces": ["헤브론", "베들레헴", "예루살렘", "벧엘", "실로", "세겜", "사마리아"], "relatedVerses": ["요 4:3-6", "눅 2:4", "삿 21:19"], "sourceIds": ["itinere-2024", "pleiades", "josephus"], "noteKo": "산지 분수령을 따라 남북으로 잇는 길이다. Itiner-e 의 구간명은 후대 지명(네아폴리스·세바스테)을 쓰지만 길 자체는 세겜·사마리아를 지나던 그 노선이다.", "c30Basis": "유대 산지의 분수령을 따르는 길로 철기시대부터 이어졌다. 갈릴리 사람들이 절기에 사마리아를 지나 예루살렘으로 올라갔다는 기록(요세푸스 유대고대사 20.118; 요 4:3-6)이 1세기 통행을 뒷받침한다.", "license": "Itiner-e (Brughmans, de Soto, Pažout, Bjerregaard Vahlstrup 2024) CC BY 4.0", "id": "ridge-route#16", "certainty": "confirmed", "segmentName": "Neapolis-Jerusalem", "segmentSource": "Thomsen 1917, Ben David 2013, TIR Iudaea-Palaestina", "lengthKm": 186, "certaintyMix": {"confirmed": 16, "probable": 4}, "walkDays": [5, 7]}, "geometry": {"type": "MultiLineString", "coordinates": [[[35.21442, 31.96159], [35.21671, 31.96181], [35.2222, 31.96405], [35.22451, 31.96445], [35.22628, 31.96557], [35.2272, 31.9691], [35.229, 31.97125], [35.234, 31.97124], [35.23446, 31.97177], [35.23409, 31.97441], [35.23428, 31.97647], [35.23526, 31.97954], [35.23498, 31.98128], [35.23777, 31.98225], [35.24071, 31.98188], [35.24367, 31.98089], [35.24542, 31.97958], [35.24606, 31.9734], [35.2501, 31.97136], [35.25353, 31.97066]]]}}, {"type": "Feature", "properties": {"roadId": "ridge-route", "nameKo": "중앙 산지 능선로", "nameEn": "Central hill-country ridge route", "routeType": "pilgrimage", "activeC30": true, "region": "Judaea/Samaria", "periodStart": null, "periodEnd": null, "via": ["헤브론", "베들레헴", "예루살렘", "벧엘", "실로", "세겜", "사마리아"], "relatedPlaces": ["헤브론", "베들레헴", "예루살렘", "벧엘", "실로", "세겜", "사마리아"], "relatedVerses": ["요 4:3-6", "눅 2:4", "삿 21:19"], "sourceIds": ["itinere-2024", "pleiades", "josephus"], "noteKo": "산지 분수령을 따라 남북으로 잇는 길이다. Itiner-e 의 구간명은 후대 지명(네아폴리스·세바스테)을 쓰지만 길 자체는 세겜·사마리아를 지나던 그 노선이다.", "c30Basis": "유대 산지의 분수령을 따르는 길로 철기시대부터 이어졌다. 갈릴리 사람들이 절기에 사마리아를 지나 예루살렘으로 올라갔다는 기록(요세푸스 유대고대사 20.118; 요 4:3-6)이 1세기 통행을 뒷받침한다.", "license": "Itiner-e (Brughmans, de Soto, Pažout, Bjerregaard Vahlstrup 2024) CC BY 4.0", "id": "ridge-route#17", "certainty": "confirmed", "segmentName": "Neapolis-Sebaste", "segmentSource": "Thomsen 1917", "lengthKm": 186, "certaintyMix": {"confirmed": 16, "probable": 4}, "walkDays": [5, 7]}, "geometry": {"type": "MultiLineString", "coordinates": [[[35.26291, 32.21869], [35.24916, 32.22705], [35.24636, 32.22816], [35.24497, 32.2299], [35.24174, 32.22984], [35.23947, 32.23042], [35.23672, 32.23353], [35.23399, 32.23564], [35.23203, 32.23879], [35.22991, 32.24047], [35.22804, 32.24062], [35.22642, 32.24144], [35.21795, 32.24191], [35.21366, 32.24111], [35.20784, 32.24114], [35.2057, 32.24192], [35.20264, 32.24205], [35.19852, 32.24308], [35.19552, 32.24432], [35.18879, 32.25074], [35.18627, 32.25225], [35.18612, 32.25411], [35.18539, 32.25526], [35.18761, 32.25943], [35.18778, 32.26338], [35.18836, 32.26514], [35.18958, 32.2663], [35.19018, 32.26836], [35.19308, 32.26999], [35.19352, 32.27104], [35.19492, 32.27203], [35.1949, 32.27297], [35.19784, 32.27599], [35.19771, 32.27655]]]}}, {"type": "Feature", "properties": {"roadId": "ridge-route", "nameKo": "중앙 산지 능선로", "nameEn": "Central hill-country ridge route", "routeType": "pilgrimage", "activeC30": true, "region": "Judaea/Samaria", "periodStart": null, "periodEnd": null, "via": ["헤브론", "베들레헴", "예루살렘", "벧엘", "실로", "세겜", "사마리아"], "relatedPlaces": ["헤브론", "베들레헴", "예루살렘", "벧엘", "실로", "세겜", "사마리아"], "relatedVerses": ["요 4:3-6", "눅 2:4", "삿 21:19"], "sourceIds": ["itinere-2024", "pleiades", "josephus"], "noteKo": "산지 분수령을 따라 남북으로 잇는 길이다. Itiner-e 의 구간명은 후대 지명(네아폴리스·세바스테)을 쓰지만 길 자체는 세겜·사마리아를 지나던 그 노선이다.", "c30Basis": "유대 산지의 분수령을 따르는 길로 철기시대부터 이어졌다. 갈릴리 사람들이 절기에 사마리아를 지나 예루살렘으로 올라갔다는 기록(요세푸스 유대고대사 20.118; 요 4:3-6)이 1세기 통행을 뒷받침한다.", "license": "Itiner-e (Brughmans, de Soto, Pažout, Bjerregaard Vahlstrup 2024) CC BY 4.0", "id": "ridge-route#18", "certainty": "confirmed", "segmentName": "Neapolis-Sebaste", "segmentSource": "Thomsen 1917", "lengthKm": 186, "certaintyMix": {"confirmed": 16, "probable": 4}, "walkDays": [5, 7]}, "geometry": {"type": "MultiLineString", "coordinates": [[[35.19771, 32.27655], [35.19687, 32.277], [35.19231, 32.2767], [35.19243, 32.2759]]]}}, {"type": "Feature", "properties": {"roadId": "ridge-route", "nameKo": "중앙 산지 능선로", "nameEn": "Central hill-country ridge route", "routeType": "pilgrimage", "activeC30": true, "region": "Judaea/Samaria", "periodStart": null, "periodEnd": null, "via": ["헤브론", "베들레헴", "예루살렘", "벧엘", "실로", "세겜", "사마리아"], "relatedPlaces": ["헤브론", "베들레헴", "예루살렘", "벧엘", "실로", "세겜", "사마리아"], "relatedVerses": ["요 4:3-6", "눅 2:4", "삿 21:19"], "sourceIds": ["itinere-2024", "pleiades", "josephus"], "noteKo": "산지 분수령을 따라 남북으로 잇는 길이다. Itiner-e 의 구간명은 후대 지명(네아폴리스·세바스테)을 쓰지만 길 자체는 세겜·사마리아를 지나던 그 노선이다.", "c30Basis": "유대 산지의 분수령을 따르는 길로 철기시대부터 이어졌다. 갈릴리 사람들이 절기에 사마리아를 지나 예루살렘으로 올라갔다는 기록(요세푸스 유대고대사 20.118; 요 4:3-6)이 1세기 통행을 뒷받침한다.", "license": "Itiner-e (Brughmans, de Soto, Pažout, Bjerregaard Vahlstrup 2024) CC BY 4.0", "id": "ridge-route#19", "certainty": "probable", "segmentName": "Sebaste-Ginae", "segmentSource": "Thomsen 1917", "lengthKm": 186, "certaintyMix": {"confirmed": 16, "probable": 4}, "walkDays": [5, 7]}, "geometry": {"type": "MultiLineString", "coordinates": [[[35.19771, 32.27655], [35.1982, 32.27747], [35.19787, 32.27927], [35.19461, 32.28333], [35.19096, 32.28513], [35.18956, 32.28513], [35.18732, 32.28601], [35.18502, 32.28888], [35.18541, 32.29142], [35.18487, 32.29278], [35.18485, 32.29441], [35.18634, 32.29578], [35.1862, 32.29615], [35.18504, 32.29593], [35.18302, 32.29639], [35.18288, 32.29672], [35.18378, 32.29735], [35.18506, 32.29721], [35.18363, 32.29869], [35.18418, 32.30063], [35.18326, 32.30244], [35.18345, 32.30353], [35.18312, 32.30424], [35.18117, 32.30438], [35.1799, 32.30326], [35.17771, 32.30258], [35.17735, 32.30298], [35.17749, 32.30438], [35.17628, 32.30538], [35.17656, 32.30562], [35.17753, 32.30516], [35.1784, 32.30528], [35.17944, 32.3059], [35.1798, 32.3089], [35.18203, 32.3099], [35.18357, 32.31013], [35.18629, 32.31184], [35.18741, 32.31286], [35.1877, 32.31574], [35.191, 32.31615], [35.19104, 32.31766], [35.19219, 32.31911], [35.19137, 32.32175], [35.19207, 32.32305], [35.1929, 32.32284], [35.19356, 32.32196], [35.1971, 32.32227], [35.19906, 32.32403], [35.19998, 32.32645], [35.20105, 32.327], [35.2031, 32.32719], [35.20334, 32.32894], [35.20472, 32.32919], [35.20491, 32.32996], [35.20397, 32.33027], [35.20442, 32.33072], [35.20472, 32.33247], [35.21256, 32.33381], [35.22592, 32.33515], [35.23127, 32.33678], [35.23399, 32.338], [35.23588, 32.34048], [35.2442, 32.34888], [35.24585, 32.35], [35.25086, 32.35609], [35.25342, 32.36471], [35.25772, 32.37506], [35.26294, 32.38157], [35.26383, 32.38551], [35.26978, 32.39204], [35.27239, 32.39603], [35.27347, 32.40181], [35.27612, 32.40554], [35.27835, 32.40759], [35.27954, 32.41009], [35.2805, 32.40968], [35.288, 32.41585], [35.29044, 32.42225], [35.29257, 32.42621], [35.29208, 32.42819], [35.29232, 32.43013], [35.29189, 32.43112], [35.29197, 32.43244], [35.29365, 32.4353], [35.29306, 32.43649], [35.29307, 32.43769], [35.29399, 32.44178], [35.29384, 32.44371], [35.29749, 32.44896], [35.29834, 32.45241], [35.29937, 32.4532], [35.30008, 32.45519], [35.29993, 32.45889], [35.30072, 32.46157]]]}}, {"type": "Feature", "properties": {"roadId": "jerusalem-jericho", "nameKo": "예루살렘–여리고 길", "nameEn": "Jerusalem–Jericho road", "routeType": "trunk", "activeC30": true, "region": "Judaea", "periodStart": null, "periodEnd": null, "via": ["예루살렘", "여리고"], "relatedPlaces": ["예루살렘", "여리고"], "relatedVerses": ["눅 10:30-35", "눅 19:1", "막 10:46"], "sourceIds": ["itinere-2024", "pleiades", "josephus"], "noteKo": "예루살렘(약 750 m)에서 여리고(약 -260 m)까지 27 km 남짓에 1,000 m 넘게 내려간다. ‘예루살렘에서 여리고로 내려가다’(눅 10:30)라는 표현이 그대로 지형이다.", "c30Basis": "유대 광야를 가로질러 예루살렘과 여리고를 잇는 길. 헤롯의 여리고 궁과 예루살렘을 오가는 주요 통로였고, 복음서가 이 길의 내리막과 위험을 그대로 전한다.", "license": "Itiner-e (Brughmans, de Soto, Pažout, Bjerregaard Vahlstrup 2024) CC BY 4.0", "id": "jerusalem-jericho#0", "certainty": "confirmed", "segmentName": "Jerusalem-Jericho", "segmentSource": "Wilkinson 1975, Ben David 2013, SWP", "lengthKm": 26, "certaintyMix": {"confirmed": 2}, "walkDays": [1, 1]}, "geometry": {"type": "MultiLineString", "coordinates": [[[35.23315, 31.78289], [35.2341, 31.78344], [35.23684, 31.78392], [35.23717, 31.78486], [35.23901, 31.78626], [35.24406, 31.78565], [35.24775, 31.78473], [35.25253, 31.78472], [35.2552, 31.78612], [35.25637, 31.78736], [35.25924, 31.78743], [35.26091, 31.79051], [35.2659, 31.79282], [35.26947, 31.79346], [35.27303, 31.79525], [35.27441, 31.79675], [35.27678, 31.79826], [35.27752, 31.79934], [35.28109, 31.80081], [35.28213, 31.80298], [35.29015, 31.80638], [35.29163, 31.80754], [35.29533, 31.80699], [35.29959, 31.80697], [35.30077, 31.80749], [35.30194, 31.80752], [35.30287, 31.80725], [35.30375, 31.80587], [35.30435, 31.80567], [35.30752, 31.80619], [35.30909, 31.8057], [35.31923, 31.80908], [35.32159, 31.80912], [35.32356, 31.80869], [35.32895, 31.80922], [35.33268, 31.80842], [35.33547, 31.80859], [35.33793, 31.80932], [35.34104, 31.81162], [35.34277, 31.8116], [35.34326, 31.81382], [35.3448, 31.81522], [35.34666, 31.81486], [35.35008, 31.81619], [35.35351, 31.81643], [35.35486, 31.81566], [35.36042, 31.81833], [35.36161, 31.81821], [35.36262, 31.8176], [35.36353, 31.81812], [35.36473, 31.81809], [35.36604, 31.81862], [35.36752, 31.81991], [35.37053, 31.82087], [35.37154, 31.82075], [35.37261, 31.81999], [35.3738, 31.82006], [35.37564, 31.8197], [35.37651, 31.81916], [35.37768, 31.81918], [35.37939, 31.8208], [35.38113, 31.82067], [35.38166, 31.82101], [35.38243, 31.8222], [35.38337, 31.82245], [35.38517, 31.82529], [35.3869, 31.82552], [35.38736, 31.82614], [35.38915, 31.82649], [35.38986, 31.82708], [35.39381, 31.82714], [35.39672, 31.82896], [35.39921, 31.8297], [35.39928, 31.83044], [35.39975, 31.83079], [35.40064, 31.8308], [35.40198, 31.83224], [35.40449, 31.83335], [35.40546, 31.83437], [35.40712, 31.83529], [35.40899, 31.83698], [35.4096, 31.83806], [35.41218, 31.83903], [35.4127, 31.84018], [35.41491, 31.8412], [35.41491, 31.84312], [35.41657, 31.84493], [35.41971, 31.84561], [35.4206, 31.8462], [35.42179, 31.84567], [35.42219, 31.84585], [35.42266, 31.84642], [35.42432, 31.84709], [35.42543, 31.8487], [35.42619, 31.84854], [35.427, 31.84975], [35.42785, 31.84919], [35.42957, 31.84986], [35.43102, 31.84907], [35.44201, 31.85073], [35.44734, 31.85117]]]}}, {"type": "Feature", "properties": {"roadId": "jerusalem-jericho", "nameKo": "예루살렘–여리고 길", "nameEn": "Jerusalem–Jericho road", "routeType": "trunk", "activeC30": true, "region": "Judaea", "periodStart": null, "periodEnd": null, "via": ["예루살렘", "여리고"], "relatedPlaces": ["예루살렘", "여리고"], "relatedVerses": ["눅 10:30-35", "눅 19:1", "막 10:46"], "sourceIds": ["itinere-2024", "pleiades", "josephus"], "noteKo": "예루살렘(약 750 m)에서 여리고(약 -260 m)까지 27 km 남짓에 1,000 m 넘게 내려간다. ‘예루살렘에서 여리고로 내려가다’(눅 10:30)라는 표현이 그대로 지형이다.", "c30Basis": "유대 광야를 가로질러 예루살렘과 여리고를 잇는 길. 헤롯의 여리고 궁과 예루살렘을 오가는 주요 통로였고, 복음서가 이 길의 내리막과 위험을 그대로 전한다.", "license": "Itiner-e (Brughmans, de Soto, Pažout, Bjerregaard Vahlstrup 2024) CC BY 4.0", "id": "jerusalem-jericho#1", "certainty": "confirmed", "segmentName": "Jerusalem-Jericho", "segmentSource": "Wilkinson 1975, Ben David 2013, SWP", "lengthKm": 26, "certaintyMix": {"confirmed": 2}, "walkDays": [1, 1]}, "geometry": {"type": "MultiLineString", "coordinates": [[[35.44734, 31.85117], [35.44705, 31.85794], [35.44388, 31.87005]]]}}, {"type": "Feature", "properties": {"roadId": "joppa-jerusalem", "nameKo": "욥바·룻다–예루살렘 연결로", "nameEn": "Joppa/Lydda–Jerusalem road", "routeType": "trunk", "activeC30": true, "region": "Judaea", "periodStart": null, "periodEnd": null, "via": ["욥바", "룻다", "엠마오", "기브온", "벧호론", "예루살렘"], "relatedPlaces": ["욥바", "룻다", "엠마오", "기브온", "벧호론", "예루살렘"], "relatedVerses": ["눅 24:13-33", "행 9:32-38", "행 23:31-33"], "sourceIds": ["itinere-2024", "pleiades", "josephus"], "noteKo": "해안에서 유대 산지로 올라가는 여러 갈래가 있다. 엠마오 길(눅 24:13)과 벧호론 오르막이 대표적이다.", "c30Basis": "항구 욥바와 예루살렘을 잇는 길목이다. 룻다(디오스폴리스는 서기 199년의 개칭)·엠마오·벧호론은 모두 서기 30년에 있던 곳이며, 벧호론 오르막은 마카베오 시대부터 알려진 통로다.", "license": "Itiner-e (Brughmans, de Soto, Pažout, Bjerregaard Vahlstrup 2024) CC BY 4.0", "id": "joppa-jerusalem#0", "certainty": "hypothetical", "segmentName": "Diospolis-Ioppe", "segmentSource": "TIR Iudaea-Palaestina", "lengthKm": 200, "certaintyMix": {"confirmed": 25, "probable": 3, "hypothetical": 1}, "walkDays": [6, 8]}, "geometry": {"type": "MultiLineString", "coordinates": [[[34.89238, 31.95825], [34.87308, 31.97238], [34.83897, 31.9993], [34.81629, 32.01474], [34.7988, 32.02553], [34.7905, 32.03272], [34.778, 32.03762]]]}}, {"type": "Feature", "properties": {"roadId": "joppa-jerusalem", "nameKo": "욥바·룻다–예루살렘 연결로", "nameEn": "Joppa/Lydda–Jerusalem road", "routeType": "trunk", "activeC30": true, "region": "Judaea", "periodStart": null, "periodEnd": null, "via": ["욥바", "룻다", "엠마오", "기브온", "벧호론", "예루살렘"], "relatedPlaces": ["욥바", "룻다", "엠마오", "기브온", "벧호론", "예루살렘"], "relatedVerses": ["눅 24:13-33", "행 9:32-38", "행 23:31-33"], "sourceIds": ["itinere-2024", "pleiades", "josephus"], "noteKo": "해안에서 유대 산지로 올라가는 여러 갈래가 있다. 엠마오 길(눅 24:13)과 벧호론 오르막이 대표적이다.", "c30Basis": "항구 욥바와 예루살렘을 잇는 길목이다. 룻다(디오스폴리스는 서기 199년의 개칭)·엠마오·벧호론은 모두 서기 30년에 있던 곳이며, 벧호론 오르막은 마카베오 시대부터 알려진 통로다.", "license": "Itiner-e (Brughmans, de Soto, Pažout, Bjerregaard Vahlstrup 2024) CC BY 4.0", "id": "joppa-jerusalem#1", "certainty": "confirmed", "segmentName": "Diospolis-Jerusalem", "segmentSource": "Fischer Isaac and Roll 1996", "lengthKm": 200, "certaintyMix": {"confirmed": 25, "probable": 3, "hypothetical": 1}, "walkDays": [6, 8]}, "geometry": {"type": "MultiLineString", "coordinates": [[[34.89238, 31.95825], [34.90222, 31.95316], [34.91472, 31.95161]]]}}, {"type": "Feature", "properties": {"roadId": "joppa-jerusalem", "nameKo": "욥바·룻다–예루살렘 연결로", "nameEn": "Joppa/Lydda–Jerusalem road", "routeType": "trunk", "activeC30": true, "region": "Judaea", "periodStart": null, "periodEnd": null, "via": ["욥바", "룻다", "엠마오", "기브온", "벧호론", "예루살렘"], "relatedPlaces": ["욥바", "룻다", "엠마오", "기브온", "벧호론", "예루살렘"], "relatedVerses": ["눅 24:13-33", "행 9:32-38", "행 23:31-33"], "sourceIds": ["itinere-2024", "pleiades", "josephus"], "noteKo": "해안에서 유대 산지로 올라가는 여러 갈래가 있다. 엠마오 길(눅 24:13)과 벧호론 오르막이 대표적이다.", "c30Basis": "항구 욥바와 예루살렘을 잇는 길목이다. 룻다(디오스폴리스는 서기 199년의 개칭)·엠마오·벧호론은 모두 서기 30년에 있던 곳이며, 벧호론 오르막은 마카베오 시대부터 알려진 통로다.", "license": "Itiner-e (Brughmans, de Soto, Pažout, Bjerregaard Vahlstrup 2024) CC BY 4.0", "id": "joppa-jerusalem#2", "certainty": "confirmed", "segmentName": "Diospolis-Jerusalem", "segmentSource": "Fischer Isaac and Roll 1996", "lengthKm": 200, "certaintyMix": {"confirmed": 25, "probable": 3, "hypothetical": 1}, "walkDays": [6, 8]}, "geometry": {"type": "MultiLineString", "coordinates": [[[35.19027, 31.85407], [35.19221, 31.85284], [35.19594, 31.85286], [35.20422, 31.85089], [35.20832, 31.84818], [35.21164, 31.84315], [35.21922, 31.8387], [35.22542, 31.83355], [35.22673, 31.83083]]]}}, {"type": "Feature", "properties": {"roadId": "joppa-jerusalem", "nameKo": "욥바·룻다–예루살렘 연결로", "nameEn": "Joppa/Lydda–Jerusalem road", "routeType": "trunk", "activeC30": true, "region": "Judaea", "periodStart": null, "periodEnd": null, "via": ["욥바", "룻다", "엠마오", "기브온", "벧호론", "예루살렘"], "relatedPlaces": ["욥바", "룻다", "엠마오", "기브온", "벧호론", "예루살렘"], "relatedVerses": ["눅 24:13-33", "행 9:32-38", "행 23:31-33"], "sourceIds": ["itinere-2024", "pleiades", "josephus"], "noteKo": "해안에서 유대 산지로 올라가는 여러 갈래가 있다. 엠마오 길(눅 24:13)과 벧호론 오르막이 대표적이다.", "c30Basis": "항구 욥바와 예루살렘을 잇는 길목이다. 룻다(디오스폴리스는 서기 199년의 개칭)·엠마오·벧호론은 모두 서기 30년에 있던 곳이며, 벧호론 오르막은 마카베오 시대부터 알려진 통로다.", "license": "Itiner-e (Brughmans, de Soto, Pažout, Bjerregaard Vahlstrup 2024) CC BY 4.0", "id": "joppa-jerusalem#3", "certainty": "confirmed", "segmentName": "Diospolis-Jerusalem", "segmentSource": "Fischer Isaac and Roll 1996", "lengthKm": 200, "certaintyMix": {"confirmed": 25, "probable": 3, "hypothetical": 1}, "walkDays": [6, 8]}, "geometry": {"type": "MultiLineString", "coordinates": [[[34.91472, 31.95161], [34.93304, 31.94982], [34.93916, 31.94842], [34.94607, 31.94877], [34.95604, 31.95026], [34.95997, 31.94956], [34.96647, 31.9464], [34.97057, 31.94612], [34.9778, 31.94401], [34.98201, 31.93933], [34.98778, 31.93548], [34.99517, 31.92949], [34.99685, 31.92735], [35.00533, 31.9227], [35.01468, 31.91934], [35.0173, 31.91647], [35.02042, 31.91426], [35.02443, 31.91328], [35.03394, 31.9086], [35.04042, 31.90606], [35.04419, 31.9059], [35.04845, 31.90452], [35.04883, 31.90412], [35.0487, 31.90233], [35.0504, 31.89994], [35.05148, 31.89919], [35.05361, 31.89914], [35.06075, 31.89688]]]}}, {"type": "Feature", "properties": {"roadId": "joppa-jerusalem", "nameKo": "욥바·룻다–예루살렘 연결로", "nameEn": "Joppa/Lydda–Jerusalem road", "routeType": "trunk", "activeC30": true, "region": "Judaea", "periodStart": null, "periodEnd": null, "via": ["욥바", "룻다", "엠마오", "기브온", "벧호론", "예루살렘"], "relatedPlaces": ["욥바", "룻다", "엠마오", "기브온", "벧호론", "예루살렘"], "relatedVerses": ["눅 24:13-33", "행 9:32-38", "행 23:31-33"], "sourceIds": ["itinere-2024", "pleiades", "josephus"], "noteKo": "해안에서 유대 산지로 올라가는 여러 갈래가 있다. 엠마오 길(눅 24:13)과 벧호론 오르막이 대표적이다.", "c30Basis": "항구 욥바와 예루살렘을 잇는 길목이다. 룻다(디오스폴리스는 서기 199년의 개칭)·엠마오·벧호론은 모두 서기 30년에 있던 곳이며, 벧호론 오르막은 마카베오 시대부터 알려진 통로다.", "license": "Itiner-e (Brughmans, de Soto, Pažout, Bjerregaard Vahlstrup 2024) CC BY 4.0", "id": "joppa-jerusalem#4", "certainty": "confirmed", "segmentName": "Diospolis-Jerusalem", "segmentSource": "Fischer Isaac and Roll 1996", "lengthKm": 200, "certaintyMix": {"confirmed": 25, "probable": 3, "hypothetical": 1}, "walkDays": [6, 8]}, "geometry": {"type": "MultiLineString", "coordinates": [[[35.06075, 31.89688], [35.06854, 31.89524], [35.08328, 31.89445], [35.0883, 31.8945], [35.09024, 31.89411], [35.09183, 31.89252], [35.09473, 31.8883], [35.09648, 31.88827], [35.09883, 31.88715], [35.10491, 31.88635], [35.11266, 31.88659], [35.11404, 31.88616], [35.12279, 31.87905], [35.12563, 31.87813], [35.12863, 31.87655], [35.13265, 31.87368], [35.13444, 31.87155], [35.13789, 31.86986], [35.14513, 31.86997], [35.15198, 31.86959], [35.15397, 31.87007], [35.15684, 31.87208], [35.15928, 31.87257], [35.16142, 31.87223], [35.16348, 31.87038], [35.16627, 31.86932], [35.16867, 31.86759], [35.17066, 31.86732], [35.17516, 31.86558], [35.17768, 31.86509], [35.18486, 31.8598], [35.18572, 31.8581], [35.19027, 31.85407]]]}}, {"type": "Feature", "properties": {"roadId": "joppa-jerusalem", "nameKo": "욥바·룻다–예루살렘 연결로", "nameEn": "Joppa/Lydda–Jerusalem road", "routeType": "trunk", "activeC30": true, "region": "Judaea", "periodStart": null, "periodEnd": null, "via": ["욥바", "룻다", "엠마오", "기브온", "벧호론", "예루살렘"], "relatedPlaces": ["욥바", "룻다", "엠마오", "기브온", "벧호론", "예루살렘"], "relatedVerses": ["눅 24:13-33", "행 9:32-38", "행 23:31-33"], "sourceIds": ["itinere-2024", "pleiades", "josephus"], "noteKo": "해안에서 유대 산지로 올라가는 여러 갈래가 있다. 엠마오 길(눅 24:13)과 벧호론 오르막이 대표적이다.", "c30Basis": "항구 욥바와 예루살렘을 잇는 길목이다. 룻다(디오스폴리스는 서기 199년의 개칭)·엠마오·벧호론은 모두 서기 30년에 있던 곳이며, 벧호론 오르막은 마카베오 시대부터 알려진 통로다.", "license": "Itiner-e (Brughmans, de Soto, Pažout, Bjerregaard Vahlstrup 2024) CC BY 4.0", "id": "joppa-jerusalem#5", "certainty": "confirmed", "segmentName": "Diospolis-Jerusalem", "segmentSource": "Fischer Isaac and Roll 1996", "lengthKm": 200, "certaintyMix": {"confirmed": 25, "probable": 3, "hypothetical": 1}, "walkDays": [6, 8]}, "geometry": {"type": "MultiLineString", "coordinates": [[[34.91472, 31.95161], [34.92385, 31.94405], [34.93089, 31.94062], [34.93532, 31.93895], [34.93684, 31.93697], [34.94047, 31.93477], [34.9425, 31.93418], [34.94384, 31.93345], [34.94441, 31.93268], [34.94919, 31.93118], [34.95215, 31.93158], [34.95464, 31.92999], [34.95736, 31.92909], [34.96116, 31.92617], [34.96192, 31.9248], [34.96624, 31.92268], [34.96923, 31.92225], [34.97125, 31.92113], [34.97232, 31.91996], [34.97326, 31.91751], [34.97419, 31.91674], [34.97741, 31.91607], [34.97888, 31.91628], [34.98557, 31.91291], [34.98821, 31.91312], [34.98975, 31.9125], [34.99293, 31.90912], [34.99843, 31.90571], [35.00028, 31.90343], [35.00588, 31.90177], [35.01213, 31.89547], [35.01631, 31.89623], [35.02119, 31.89499], [35.02441, 31.89281], [35.02584, 31.89073], [35.03216, 31.8868], [35.03399, 31.88629], [35.03784, 31.88191]]]}}, {"type": "Feature", "properties": {"roadId": "joppa-jerusalem", "nameKo": "욥바·룻다–예루살렘 연결로", "nameEn": "Joppa/Lydda–Jerusalem road", "routeType": "trunk", "activeC30": true, "region": "Judaea", "periodStart": null, "periodEnd": null, "via": ["욥바", "룻다", "엠마오", "기브온", "벧호론", "예루살렘"], "relatedPlaces": ["욥바", "룻다", "엠마오", "기브온", "벧호론", "예루살렘"], "relatedVerses": ["눅 24:13-33", "행 9:32-38", "행 23:31-33"], "sourceIds": ["itinere-2024", "pleiades", "josephus"], "noteKo": "해안에서 유대 산지로 올라가는 여러 갈래가 있다. 엠마오 길(눅 24:13)과 벧호론 오르막이 대표적이다.", "c30Basis": "항구 욥바와 예루살렘을 잇는 길목이다. 룻다(디오스폴리스는 서기 199년의 개칭)·엠마오·벧호론은 모두 서기 30년에 있던 곳이며, 벧호론 오르막은 마카베오 시대부터 알려진 통로다.", "license": "Itiner-e (Brughmans, de Soto, Pažout, Bjerregaard Vahlstrup 2024) CC BY 4.0", "id": "joppa-jerusalem#6", "certainty": "confirmed", "segmentName": "Diospolis-Jerusalem", "segmentSource": "Fischer Isaac and Roll 1996", "lengthKm": 200, "certaintyMix": {"confirmed": 25, "probable": 3, "hypothetical": 1}, "walkDays": [6, 8]}, "geometry": {"type": "MultiLineString", "coordinates": [[[35.11115, 31.8523], [35.1123, 31.85187], [35.11335, 31.85067], [35.11581, 31.84929], [35.11614, 31.84828], [35.11874, 31.84595], [35.12255, 31.84387], [35.1254, 31.84333], [35.12828, 31.84125], [35.12962, 31.84071]]]}}, {"type": "Feature", "properties": {"roadId": "joppa-jerusalem", "nameKo": "욥바·룻다–예루살렘 연결로", "nameEn": "Joppa/Lydda–Jerusalem road", "routeType": "trunk", "activeC30": true, "region": "Judaea", "periodStart": null, "periodEnd": null, "via": ["욥바", "룻다", "엠마오", "기브온", "벧호론", "예루살렘"], "relatedPlaces": ["욥바", "룻다", "엠마오", "기브온", "벧호론", "예루살렘"], "relatedVerses": ["눅 24:13-33", "행 9:32-38", "행 23:31-33"], "sourceIds": ["itinere-2024", "pleiades", "josephus"], "noteKo": "해안에서 유대 산지로 올라가는 여러 갈래가 있다. 엠마오 길(눅 24:13)과 벧호론 오르막이 대표적이다.", "c30Basis": "항구 욥바와 예루살렘을 잇는 길목이다. 룻다(디오스폴리스는 서기 199년의 개칭)·엠마오·벧호론은 모두 서기 30년에 있던 곳이며, 벧호론 오르막은 마카베오 시대부터 알려진 통로다.", "license": "Itiner-e (Brughmans, de Soto, Pažout, Bjerregaard Vahlstrup 2024) CC BY 4.0", "id": "joppa-jerusalem#7", "certainty": "confirmed", "segmentName": "Diospolis-Jerusalem", "segmentSource": "Fischer Isaac and Roll 1996", "lengthKm": 200, "certaintyMix": {"confirmed": 25, "probable": 3, "hypothetical": 1}, "walkDays": [6, 8]}, "geometry": {"type": "MultiLineString", "coordinates": [[[35.12962, 31.84071], [35.13154, 31.84072], [35.14044, 31.83806], [35.14125, 31.83706], [35.1422, 31.8367], [35.14293, 31.8356], [35.14582, 31.83352]]]}}, {"type": "Feature", "properties": {"roadId": "joppa-jerusalem", "nameKo": "욥바·룻다–예루살렘 연결로", "nameEn": "Joppa/Lydda–Jerusalem road", "routeType": "trunk", "activeC30": true, "region": "Judaea", "periodStart": null, "periodEnd": null, "via": ["욥바", "룻다", "엠마오", "기브온", "벧호론", "예루살렘"], "relatedPlaces": ["욥바", "룻다", "엠마오", "기브온", "벧호론", "예루살렘"], "relatedVerses": ["눅 24:13-33", "행 9:32-38", "행 23:31-33"], "sourceIds": ["itinere-2024", "pleiades", "josephus"], "noteKo": "해안에서 유대 산지로 올라가는 여러 갈래가 있다. 엠마오 길(눅 24:13)과 벧호론 오르막이 대표적이다.", "c30Basis": "항구 욥바와 예루살렘을 잇는 길목이다. 룻다(디오스폴리스는 서기 199년의 개칭)·엠마오·벧호론은 모두 서기 30년에 있던 곳이며, 벧호론 오르막은 마카베오 시대부터 알려진 통로다.", "license": "Itiner-e (Brughmans, de Soto, Pažout, Bjerregaard Vahlstrup 2024) CC BY 4.0", "id": "joppa-jerusalem#8", "certainty": "confirmed", "segmentName": "Diospolis-Jerusalem", "segmentSource": "Fischer Isaac and Roll 1996", "lengthKm": 200, "certaintyMix": {"confirmed": 25, "probable": 3, "hypothetical": 1}, "walkDays": [6, 8]}, "geometry": {"type": "MultiLineString", "coordinates": [[[35.14582, 31.83352], [35.14746, 31.83232], [35.15036, 31.83177], [35.15238, 31.83251], [35.15622, 31.83287], [35.15929, 31.83137], [35.16111, 31.83176], [35.1652, 31.8311], [35.16664, 31.82826], [35.16873, 31.82643], [35.17162, 31.8254], [35.17284, 31.82547], [35.17598, 31.82405], [35.17677, 31.82255], [35.17933, 31.82003], [35.18011, 31.81868], [35.18044, 31.81782], [35.17993, 31.81535], [35.17947, 31.81497], [35.18, 31.81413], [35.18215, 31.81365], [35.18358, 31.81388], [35.18536, 31.81359], [35.19129, 31.80756], [35.19256, 31.80708], [35.19481, 31.80725], [35.19698, 31.8059], [35.19828, 31.80452], [35.19918, 31.80452], [35.20202, 31.80638], [35.2032, 31.80658], [35.20603, 31.80617], [35.20932, 31.80678], [35.2137, 31.80568], [35.21437, 31.80441], [35.21444, 31.80071], [35.21545, 31.80017], [35.22202, 31.79349], [35.22392, 31.79221], [35.22686, 31.78699], [35.22771, 31.78334], [35.22894, 31.7823], [35.23315, 31.78289]]]}}, {"type": "Feature", "properties": {"roadId": "joppa-jerusalem", "nameKo": "욥바·룻다–예루살렘 연결로", "nameEn": "Joppa/Lydda–Jerusalem road", "routeType": "trunk", "activeC30": true, "region": "Judaea", "periodStart": null, "periodEnd": null, "via": ["욥바", "룻다", "엠마오", "기브온", "벧호론", "예루살렘"], "relatedPlaces": ["욥바", "룻다", "엠마오", "기브온", "벧호론", "예루살렘"], "relatedVerses": ["눅 24:13-33", "행 9:32-38", "행 23:31-33"], "sourceIds": ["itinere-2024", "pleiades", "josephus"], "noteKo": "해안에서 유대 산지로 올라가는 여러 갈래가 있다. 엠마오 길(눅 24:13)과 벧호론 오르막이 대표적이다.", "c30Basis": "항구 욥바와 예루살렘을 잇는 길목이다. 룻다(디오스폴리스는 서기 199년의 개칭)·엠마오·벧호론은 모두 서기 30년에 있던 곳이며, 벧호론 오르막은 마카베오 시대부터 알려진 통로다.", "license": "Itiner-e (Brughmans, de Soto, Pažout, Bjerregaard Vahlstrup 2024) CC BY 4.0", "id": "joppa-jerusalem#9", "certainty": "confirmed", "segmentName": "Diospolis-Jerusalem", "segmentSource": "Fischer Isaac and Roll 1996", "lengthKm": 200, "certaintyMix": {"confirmed": 25, "probable": 3, "hypothetical": 1}, "walkDays": [6, 8]}, "geometry": {"type": "MultiLineString", "coordinates": [[[35.03784, 31.88191], [35.04052, 31.8796], [35.04191, 31.87924], [35.04495, 31.87607], [35.04772, 31.87504], [35.05011, 31.87302], [35.0503, 31.87217], [35.05114, 31.87138], [35.05281, 31.87166], [35.05696, 31.87059], [35.05821, 31.8688], [35.06637, 31.86773], [35.06837, 31.86788], [35.07583, 31.8718], [35.08162, 31.87275], [35.08524, 31.86968], [35.08706, 31.86977], [35.08796, 31.86937], [35.09107, 31.86737], [35.0956, 31.86554], [35.09789, 31.86304], [35.09954, 31.86286], [35.10105, 31.86102], [35.10126, 31.86018], [35.10657, 31.85472], [35.10971, 31.85387], [35.11026, 31.85288], [35.11115, 31.8523]]]}}, {"type": "Feature", "properties": {"roadId": "joppa-jerusalem", "nameKo": "욥바·룻다–예루살렘 연결로", "nameEn": "Joppa/Lydda–Jerusalem road", "routeType": "trunk", "activeC30": true, "region": "Judaea", "periodStart": null, "periodEnd": null, "via": ["욥바", "룻다", "엠마오", "기브온", "벧호론", "예루살렘"], "relatedPlaces": ["욥바", "룻다", "엠마오", "기브온", "벧호론", "예루살렘"], "relatedVerses": ["눅 24:13-33", "행 9:32-38", "행 23:31-33"], "sourceIds": ["itinere-2024", "pleiades", "josephus"], "noteKo": "해안에서 유대 산지로 올라가는 여러 갈래가 있다. 엠마오 길(눅 24:13)과 벧호론 오르막이 대표적이다.", "c30Basis": "항구 욥바와 예루살렘을 잇는 길목이다. 룻다(디오스폴리스는 서기 199년의 개칭)·엠마오·벧호론은 모두 서기 30년에 있던 곳이며, 벧호론 오르막은 마카베오 시대부터 알려진 통로다.", "license": "Itiner-e (Brughmans, de Soto, Pažout, Bjerregaard Vahlstrup 2024) CC BY 4.0", "id": "joppa-jerusalem#10", "certainty": "probable", "segmentName": "Diospolis-Jerusalem", "segmentSource": "Fischer Isaac and Roll 1996", "lengthKm": 200, "certaintyMix": {"confirmed": 25, "probable": 3, "hypothetical": 1}, "walkDays": [6, 8]}, "geometry": {"type": "MultiLineString", "coordinates": [[[34.94436, 31.93271], [34.94463, 31.93177], [34.94411, 31.92938], [34.94423, 31.9268], [34.94506, 31.92504], [34.94414, 31.92266], [34.94424, 31.92197], [34.94551, 31.92064], [34.94671, 31.91812], [34.94645, 31.91718], [34.94826, 31.91384], [34.94775, 31.91168], [34.94785, 31.90954], [34.94709, 31.90696], [34.94749, 31.90359], [34.94912, 31.90124], [34.95235, 31.90037], [34.95251, 31.89842], [34.9545, 31.89663], [34.95756, 31.89531], [34.96325, 31.89133], [34.96712, 31.88803], [34.96867, 31.88719], [34.96942, 31.88592], [34.97408, 31.88429], [34.97562, 31.88409], [34.97947, 31.88192], [34.98133, 31.88238], [34.98296, 31.88178], [34.9863, 31.87613], [34.98471, 31.87362], [34.98658, 31.87199], [34.99004, 31.87107], [34.99323, 31.86916], [34.99859, 31.86811], [35.00319, 31.86538], [35.00941, 31.86525], [35.012, 31.8633], [35.0175, 31.86144]]]}}, {"type": "Feature", "properties": {"roadId": "joppa-jerusalem", "nameKo": "욥바·룻다–예루살렘 연결로", "nameEn": "Joppa/Lydda–Jerusalem road", "routeType": "trunk", "activeC30": true, "region": "Judaea", "periodStart": null, "periodEnd": null, "via": ["욥바", "룻다", "엠마오", "기브온", "벧호론", "예루살렘"], "relatedPlaces": ["욥바", "룻다", "엠마오", "기브온", "벧호론", "예루살렘"], "relatedVerses": ["눅 24:13-33", "행 9:32-38", "행 23:31-33"], "sourceIds": ["itinere-2024", "pleiades", "josephus"], "noteKo": "해안에서 유대 산지로 올라가는 여러 갈래가 있다. 엠마오 길(눅 24:13)과 벧호론 오르막이 대표적이다.", "c30Basis": "항구 욥바와 예루살렘을 잇는 길목이다. 룻다(디오스폴리스는 서기 199년의 개칭)·엠마오·벧호론은 모두 서기 30년에 있던 곳이며, 벧호론 오르막은 마카베오 시대부터 알려진 통로다.", "license": "Itiner-e (Brughmans, de Soto, Pažout, Bjerregaard Vahlstrup 2024) CC BY 4.0", "id": "joppa-jerusalem#11", "certainty": "probable", "segmentName": "Diospolis-Jerusalem", "segmentSource": "Fischer Isaac and Roll 1996", "lengthKm": 200, "certaintyMix": {"confirmed": 25, "probable": 3, "hypothetical": 1}, "walkDays": [6, 8]}, "geometry": {"type": "MultiLineString", "coordinates": [[[35.0175, 31.86144], [35.01979, 31.86084], [35.02427, 31.85866], [35.03037, 31.85425]]]}}, {"type": "Feature", "properties": {"roadId": "joppa-jerusalem", "nameKo": "욥바·룻다–예루살렘 연결로", "nameEn": "Joppa/Lydda–Jerusalem road", "routeType": "trunk", "activeC30": true, "region": "Judaea", "periodStart": null, "periodEnd": null, "via": ["욥바", "룻다", "엠마오", "기브온", "벧호론", "예루살렘"], "relatedPlaces": ["욥바", "룻다", "엠마오", "기브온", "벧호론", "예루살렘"], "relatedVerses": ["눅 24:13-33", "행 9:32-38", "행 23:31-33"], "sourceIds": ["itinere-2024", "pleiades", "josephus"], "noteKo": "해안에서 유대 산지로 올라가는 여러 갈래가 있다. 엠마오 길(눅 24:13)과 벧호론 오르막이 대표적이다.", "c30Basis": "항구 욥바와 예루살렘을 잇는 길목이다. 룻다(디오스폴리스는 서기 199년의 개칭)·엠마오·벧호론은 모두 서기 30년에 있던 곳이며, 벧호론 오르막은 마카베오 시대부터 알려진 통로다.", "license": "Itiner-e (Brughmans, de Soto, Pažout, Bjerregaard Vahlstrup 2024) CC BY 4.0", "id": "joppa-jerusalem#12", "certainty": "probable", "segmentName": "Diospolis-Jerusalem", "segmentSource": "Fischer Isaac and Roll 1996", "lengthKm": 200, "certaintyMix": {"confirmed": 25, "probable": 3, "hypothetical": 1}, "walkDays": [6, 8]}, "geometry": {"type": "MultiLineString", "coordinates": [[[35.03037, 31.85425], [35.03298, 31.85331], [35.04593, 31.85026], [35.04807, 31.85163], [35.04898, 31.85158], [35.05092, 31.85232], [35.05148, 31.85298], [35.05255, 31.85316], [35.05495, 31.85304], [35.05733, 31.85172], [35.05976, 31.85095], [35.06327, 31.85112], [35.06487, 31.852], [35.06619, 31.85225], [35.0676, 31.85416], [35.06941, 31.85555], [35.07089, 31.85596], [35.07635, 31.85495], [35.07902, 31.85648], [35.08264, 31.85724], [35.08366, 31.85901], [35.08726, 31.86093], [35.09058, 31.86176], [35.09424, 31.85997], [35.09634, 31.85771], [35.09963, 31.85594], [35.10108, 31.8539], [35.10486, 31.85178], [35.10529, 31.85176], [35.10504, 31.85238], [35.10707, 31.85297], [35.11115, 31.8523]]]}}, {"type": "Feature", "properties": {"roadId": "joppa-jerusalem", "nameKo": "욥바·룻다–예루살렘 연결로", "nameEn": "Joppa/Lydda–Jerusalem road", "routeType": "trunk", "activeC30": true, "region": "Judaea", "periodStart": null, "periodEnd": null, "via": ["욥바", "룻다", "엠마오", "기브온", "벧호론", "예루살렘"], "relatedPlaces": ["욥바", "룻다", "엠마오", "기브온", "벧호론", "예루살렘"], "relatedVerses": ["눅 24:13-33", "행 9:32-38", "행 23:31-33"], "sourceIds": ["itinere-2024", "pleiades", "josephus"], "noteKo": "해안에서 유대 산지로 올라가는 여러 갈래가 있다. 엠마오 길(눅 24:13)과 벧호론 오르막이 대표적이다.", "c30Basis": "항구 욥바와 예루살렘을 잇는 길목이다. 룻다(디오스폴리스는 서기 199년의 개칭)·엠마오·벧호론은 모두 서기 30년에 있던 곳이며, 벧호론 오르막은 마카베오 시대부터 알려진 통로다.", "license": "Itiner-e (Brughmans, de Soto, Pažout, Bjerregaard Vahlstrup 2024) CC BY 4.0", "id": "joppa-jerusalem#13", "certainty": "confirmed", "segmentName": "Diospolis-Jerusalem", "segmentSource": "Fischer Isaac and Roll 1996", "lengthKm": 200, "certaintyMix": {"confirmed": 25, "probable": 3, "hypothetical": 1}, "walkDays": [6, 8]}, "geometry": {"type": "MultiLineString", "coordinates": [[[35.03273, 31.84877], [35.03921, 31.84865], [35.04116, 31.84823], [35.04637, 31.84332], [35.05028, 31.84429], [35.05197, 31.84333], [35.05553, 31.84232], [35.06122, 31.84372], [35.06397, 31.84339], [35.06589, 31.8451], [35.06798, 31.84615], [35.07227, 31.84411], [35.07712, 31.84085], [35.08172, 31.84017], [35.08485, 31.83922], [35.08698, 31.83959], [35.09071, 31.8384], [35.09269, 31.83549], [35.0945, 31.83487], [35.09588, 31.83545], [35.10003, 31.83616], [35.10634, 31.83928], [35.10929, 31.83937], [35.11009, 31.83991], [35.11451, 31.83965], [35.11866, 31.83992], [35.12046, 31.83951], [35.12962, 31.84071]]]}}, {"type": "Feature", "properties": {"roadId": "joppa-jerusalem", "nameKo": "욥바·룻다–예루살렘 연결로", "nameEn": "Joppa/Lydda–Jerusalem road", "routeType": "trunk", "activeC30": true, "region": "Judaea", "periodStart": null, "periodEnd": null, "via": ["욥바", "룻다", "엠마오", "기브온", "벧호론", "예루살렘"], "relatedPlaces": ["욥바", "룻다", "엠마오", "기브온", "벧호론", "예루살렘"], "relatedVerses": ["눅 24:13-33", "행 9:32-38", "행 23:31-33"], "sourceIds": ["itinere-2024", "pleiades", "josephus"], "noteKo": "해안에서 유대 산지로 올라가는 여러 갈래가 있다. 엠마오 길(눅 24:13)과 벧호론 오르막이 대표적이다.", "c30Basis": "항구 욥바와 예루살렘을 잇는 길목이다. 룻다(디오스폴리스는 서기 199년의 개칭)·엠마오·벧호론은 모두 서기 30년에 있던 곳이며, 벧호론 오르막은 마카베오 시대부터 알려진 통로다.", "license": "Itiner-e (Brughmans, de Soto, Pažout, Bjerregaard Vahlstrup 2024) CC BY 4.0", "id": "joppa-jerusalem#14", "certainty": "confirmed", "segmentName": "Diospolis-Abu Ghosh", "segmentSource": "Fischer Isaac and Roll 1996", "lengthKm": 200, "certaintyMix": {"confirmed": 25, "probable": 3, "hypothetical": 1}, "walkDays": [6, 8]}, "geometry": {"type": "MultiLineString", "coordinates": [[[35.03037, 31.85425], [35.03273, 31.84877]]]}}, {"type": "Feature", "properties": {"roadId": "joppa-jerusalem", "nameKo": "욥바·룻다–예루살렘 연결로", "nameEn": "Joppa/Lydda–Jerusalem road", "routeType": "trunk", "activeC30": true, "region": "Judaea", "periodStart": null, "periodEnd": null, "via": ["욥바", "룻다", "엠마오", "기브온", "벧호론", "예루살렘"], "relatedPlaces": ["욥바", "룻다", "엠마오", "기브온", "벧호론", "예루살렘"], "relatedVerses": ["눅 24:13-33", "행 9:32-38", "행 23:31-33"], "sourceIds": ["itinere-2024", "pleiades", "josephus"], "noteKo": "해안에서 유대 산지로 올라가는 여러 갈래가 있다. 엠마오 길(눅 24:13)과 벧호론 오르막이 대표적이다.", "c30Basis": "항구 욥바와 예루살렘을 잇는 길목이다. 룻다(디오스폴리스는 서기 199년의 개칭)·엠마오·벧호론은 모두 서기 30년에 있던 곳이며, 벧호론 오르막은 마카베오 시대부터 알려진 통로다.", "license": "Itiner-e (Brughmans, de Soto, Pažout, Bjerregaard Vahlstrup 2024) CC BY 4.0", "id": "joppa-jerusalem#15", "certainty": "confirmed", "segmentName": "Diospolis-Abu Ghosh", "segmentSource": "Fischer Isaac and Roll 1996", "lengthKm": 200, "certaintyMix": {"confirmed": 25, "probable": 3, "hypothetical": 1}, "walkDays": [6, 8]}, "geometry": {"type": "MultiLineString", "coordinates": [[[35.03273, 31.84877], [35.03795, 31.84032]]]}}, {"type": "Feature", "properties": {"roadId": "joppa-jerusalem", "nameKo": "욥바·룻다–예루살렘 연결로", "nameEn": "Joppa/Lydda–Jerusalem road", "routeType": "trunk", "activeC30": true, "region": "Judaea", "periodStart": null, "periodEnd": null, "via": ["욥바", "룻다", "엠마오", "기브온", "벧호론", "예루살렘"], "relatedPlaces": ["욥바", "룻다", "엠마오", "기브온", "벧호론", "예루살렘"], "relatedVerses": ["눅 24:13-33", "행 9:32-38", "행 23:31-33"], "sourceIds": ["itinere-2024", "pleiades", "josephus"], "noteKo": "해안에서 유대 산지로 올라가는 여러 갈래가 있다. 엠마오 길(눅 24:13)과 벧호론 오르막이 대표적이다.", "c30Basis": "항구 욥바와 예루살렘을 잇는 길목이다. 룻다(디오스폴리스는 서기 199년의 개칭)·엠마오·벧호론은 모두 서기 30년에 있던 곳이며, 벧호론 오르막은 마카베오 시대부터 알려진 통로다.", "license": "Itiner-e (Brughmans, de Soto, Pažout, Bjerregaard Vahlstrup 2024) CC BY 4.0", "id": "joppa-jerusalem#16", "certainty": "confirmed", "segmentName": "Diospolis-Abu Ghosh", "segmentSource": "Fischer Isaac and Roll 1996", "lengthKm": 200, "certaintyMix": {"confirmed": 25, "probable": 3, "hypothetical": 1}, "walkDays": [6, 8]}, "geometry": {"type": "MultiLineString", "coordinates": [[[35.03795, 31.84032], [35.03897, 31.8338], [35.03996, 31.83255], [35.03987, 31.83125], [35.04241, 31.82924], [35.04541, 31.82859], [35.04662, 31.82882], [35.05095, 31.82834], [35.05225, 31.82916], [35.05617, 31.82985], [35.05956, 31.82751], [35.06113, 31.8253], [35.06144, 31.82385], [35.06323, 31.82337], [35.06454, 31.82355], [35.07003, 31.8231], [35.0719, 31.82262], [35.07339, 31.8217], [35.07484, 31.82209], [35.07689, 31.82192], [35.07815, 31.82164], [35.07966, 31.82052], [35.08314, 31.82059], [35.08807, 31.81916], [35.08879, 31.81912], [35.08962, 31.81972], [35.09183, 31.81954], [35.09308, 31.81902], [35.0989, 31.81954], [35.10073, 31.81892], [35.10343, 31.81711], [35.1047, 31.81684], [35.10613, 31.81276]]]}}, {"type": "Feature", "properties": {"roadId": "joppa-jerusalem", "nameKo": "욥바·룻다–예루살렘 연결로", "nameEn": "Joppa/Lydda–Jerusalem road", "routeType": "trunk", "activeC30": true, "region": "Judaea", "periodStart": null, "periodEnd": null, "via": ["욥바", "룻다", "엠마오", "기브온", "벧호론", "예루살렘"], "relatedPlaces": ["욥바", "룻다", "엠마오", "기브온", "벧호론", "예루살렘"], "relatedVerses": ["눅 24:13-33", "행 9:32-38", "행 23:31-33"], "sourceIds": ["itinere-2024", "pleiades", "josephus"], "noteKo": "해안에서 유대 산지로 올라가는 여러 갈래가 있다. 엠마오 길(눅 24:13)과 벧호론 오르막이 대표적이다.", "c30Basis": "항구 욥바와 예루살렘을 잇는 길목이다. 룻다(디오스폴리스는 서기 199년의 개칭)·엠마오·벧호론은 모두 서기 30년에 있던 곳이며, 벧호론 오르막은 마카베오 시대부터 알려진 통로다.", "license": "Itiner-e (Brughmans, de Soto, Pažout, Bjerregaard Vahlstrup 2024) CC BY 4.0", "id": "joppa-jerusalem#17", "certainty": "confirmed", "segmentName": "Abu Ghosh-Gabaon", "segmentSource": "Fischer Isaac and Roll 1996", "lengthKm": 200, "certaintyMix": {"confirmed": 25, "probable": 3, "hypothetical": 1}, "walkDays": [6, 8]}, "geometry": {"type": "MultiLineString", "coordinates": [[[35.10581, 31.808], [35.10666, 31.81033], [35.10575, 31.8117], [35.10613, 31.81276]]]}}, {"type": "Feature", "properties": {"roadId": "joppa-jerusalem", "nameKo": "욥바·룻다–예루살렘 연결로", "nameEn": "Joppa/Lydda–Jerusalem road", "routeType": "trunk", "activeC30": true, "region": "Judaea", "periodStart": null, "periodEnd": null, "via": ["욥바", "룻다", "엠마오", "기브온", "벧호론", "예루살렘"], "relatedPlaces": ["욥바", "룻다", "엠마오", "기브온", "벧호론", "예루살렘"], "relatedVerses": ["눅 24:13-33", "행 9:32-38", "행 23:31-33"], "sourceIds": ["itinere-2024", "pleiades", "josephus"], "noteKo": "해안에서 유대 산지로 올라가는 여러 갈래가 있다. 엠마오 길(눅 24:13)과 벧호론 오르막이 대표적이다.", "c30Basis": "항구 욥바와 예루살렘을 잇는 길목이다. 룻다(디오스폴리스는 서기 199년의 개칭)·엠마오·벧호론은 모두 서기 30년에 있던 곳이며, 벧호론 오르막은 마카베오 시대부터 알려진 통로다.", "license": "Itiner-e (Brughmans, de Soto, Pažout, Bjerregaard Vahlstrup 2024) CC BY 4.0", "id": "joppa-jerusalem#18", "certainty": "confirmed", "segmentName": "Abu Ghosh-Gabaon", "segmentSource": "Fischer Isaac and Roll 1996", "lengthKm": 200, "certaintyMix": {"confirmed": 25, "probable": 3, "hypothetical": 1}, "walkDays": [6, 8]}, "geometry": {"type": "MultiLineString", "coordinates": [[[35.10613, 31.81276], [35.10697, 31.81435], [35.10833, 31.81557], [35.11004, 31.81546], [35.11559, 31.81713], [35.11909, 31.81728], [35.12021, 31.81793], [35.12608, 31.82344], [35.13379, 31.82812], [35.13682, 31.82872], [35.14091, 31.83103], [35.14322, 31.8315], [35.14582, 31.83352]]]}}, {"type": "Feature", "properties": {"roadId": "joppa-jerusalem", "nameKo": "욥바·룻다–예루살렘 연결로", "nameEn": "Joppa/Lydda–Jerusalem road", "routeType": "trunk", "activeC30": true, "region": "Judaea", "periodStart": null, "periodEnd": null, "via": ["욥바", "룻다", "엠마오", "기브온", "벧호론", "예루살렘"], "relatedPlaces": ["욥바", "룻다", "엠마오", "기브온", "벧호론", "예루살렘"], "relatedVerses": ["눅 24:13-33", "행 9:32-38", "행 23:31-33"], "sourceIds": ["itinere-2024", "pleiades", "josephus"], "noteKo": "해안에서 유대 산지로 올라가는 여러 갈래가 있다. 엠마오 길(눅 24:13)과 벧호론 오르막이 대표적이다.", "c30Basis": "항구 욥바와 예루살렘을 잇는 길목이다. 룻다(디오스폴리스는 서기 199년의 개칭)·엠마오·벧호론은 모두 서기 30년에 있던 곳이며, 벧호론 오르막은 마카베오 시대부터 알려진 통로다.", "license": "Itiner-e (Brughmans, de Soto, Pažout, Bjerregaard Vahlstrup 2024) CC BY 4.0", "id": "joppa-jerusalem#19", "certainty": "confirmed", "segmentName": "Abu Ghosh-Gabaon", "segmentSource": "Fischer Isaac and Roll 1996", "lengthKm": 200, "certaintyMix": {"confirmed": 25, "probable": 3, "hypothetical": 1}, "walkDays": [6, 8]}, "geometry": {"type": "MultiLineString", "coordinates": [[[35.14582, 31.83352], [35.15058, 31.83588], [35.1535, 31.8385], [35.15965, 31.83876], [35.16212, 31.8406], [35.16609, 31.8418], [35.17893, 31.8442], [35.18306, 31.84907], [35.1842, 31.85165], [35.18536, 31.85265], [35.1882, 31.85313], [35.19027, 31.85407]]]}}, {"type": "Feature", "properties": {"roadId": "joppa-jerusalem", "nameKo": "욥바·룻다–예루살렘 연결로", "nameEn": "Joppa/Lydda–Jerusalem road", "routeType": "trunk", "activeC30": true, "region": "Judaea", "periodStart": null, "periodEnd": null, "via": ["욥바", "룻다", "엠마오", "기브온", "벧호론", "예루살렘"], "relatedPlaces": ["욥바", "룻다", "엠마오", "기브온", "벧호론", "예루살렘"], "relatedVerses": ["눅 24:13-33", "행 9:32-38", "행 23:31-33"], "sourceIds": ["itinere-2024", "pleiades", "josephus"], "noteKo": "해안에서 유대 산지로 올라가는 여러 갈래가 있다. 엠마오 길(눅 24:13)과 벧호론 오르막이 대표적이다.", "c30Basis": "항구 욥바와 예루살렘을 잇는 길목이다. 룻다(디오스폴리스는 서기 199년의 개칭)·엠마오·벧호론은 모두 서기 30년에 있던 곳이며, 벧호론 오르막은 마카베오 시대부터 알려진 통로다.", "license": "Itiner-e (Brughmans, de Soto, Pažout, Bjerregaard Vahlstrup 2024) CC BY 4.0", "id": "joppa-jerusalem#20", "certainty": "confirmed", "segmentName": "Emmaus-Jerusalem", "segmentSource": "Fischer Isaac and Roll 1996", "lengthKm": 200, "certaintyMix": {"confirmed": 25, "probable": 3, "hypothetical": 1}, "walkDays": [6, 8]}, "geometry": {"type": "MultiLineString", "coordinates": [[[34.98943, 31.8393], [34.99288, 31.84287], [34.99621, 31.84358], [34.9973, 31.84556], [34.99843, 31.84623], [35.00022, 31.84665], [35.00305, 31.84632], [35.00668, 31.84688], [35.0091, 31.84665], [35.01156, 31.84589], [35.01329, 31.8459], [35.01525, 31.84499]]]}}, {"type": "Feature", "properties": {"roadId": "joppa-jerusalem", "nameKo": "욥바·룻다–예루살렘 연결로", "nameEn": "Joppa/Lydda–Jerusalem road", "routeType": "trunk", "activeC30": true, "region": "Judaea", "periodStart": null, "periodEnd": null, "via": ["욥바", "룻다", "엠마오", "기브온", "벧호론", "예루살렘"], "relatedPlaces": ["욥바", "룻다", "엠마오", "기브온", "벧호론", "예루살렘"], "relatedVerses": ["눅 24:13-33", "행 9:32-38", "행 23:31-33"], "sourceIds": ["itinere-2024", "pleiades", "josephus"], "noteKo": "해안에서 유대 산지로 올라가는 여러 갈래가 있다. 엠마오 길(눅 24:13)과 벧호론 오르막이 대표적이다.", "c30Basis": "항구 욥바와 예루살렘을 잇는 길목이다. 룻다(디오스폴리스는 서기 199년의 개칭)·엠마오·벧호론은 모두 서기 30년에 있던 곳이며, 벧호론 오르막은 마카베오 시대부터 알려진 통로다.", "license": "Itiner-e (Brughmans, de Soto, Pažout, Bjerregaard Vahlstrup 2024) CC BY 4.0", "id": "joppa-jerusalem#21", "certainty": "confirmed", "segmentName": "Emmaus-Jerusalem", "segmentSource": "Fischer Isaac and Roll 1996", "lengthKm": 200, "certaintyMix": {"confirmed": 25, "probable": 3, "hypothetical": 1}, "walkDays": [6, 8]}, "geometry": {"type": "MultiLineString", "coordinates": [[[35.01525, 31.84499], [35.01635, 31.84379], [35.01899, 31.84287], [35.01944, 31.84178], [35.02086, 31.84082], [35.02577, 31.83982], [35.02795, 31.83597], [35.03027, 31.83455], [35.02981, 31.83259], [35.03077, 31.82998], [35.0308, 31.82727], [35.03282, 31.82689], [35.03347, 31.826], [35.03326, 31.82312], [35.03386, 31.82149], [35.03779, 31.82012], [35.03976, 31.82002], [35.0408, 31.82042], [35.04276, 31.81904], [35.04619, 31.81877], [35.05138, 31.81734], [35.05452, 31.81594], [35.05436, 31.81549], [35.05469, 31.81541], [35.05604, 31.81579], [35.05973, 31.81563], [35.06405, 31.81453], [35.06595, 31.81374], [35.06977, 31.81116], [35.07203, 31.81178], [35.07286, 31.81136], [35.07328, 31.81024], [35.08067, 31.80875], [35.0823, 31.80781], [35.08644, 31.80662], [35.08994, 31.80613], [35.09168, 31.80549], [35.09327, 31.80406], [35.0963, 31.80423], [35.09983, 31.80387], [35.10284, 31.80629], [35.10581, 31.808]]]}}, {"type": "Feature", "properties": {"roadId": "joppa-jerusalem", "nameKo": "욥바·룻다–예루살렘 연결로", "nameEn": "Joppa/Lydda–Jerusalem road", "routeType": "trunk", "activeC30": true, "region": "Judaea", "periodStart": null, "periodEnd": null, "via": ["욥바", "룻다", "엠마오", "기브온", "벧호론", "예루살렘"], "relatedPlaces": ["욥바", "룻다", "엠마오", "기브온", "벧호론", "예루살렘"], "relatedVerses": ["눅 24:13-33", "행 9:32-38", "행 23:31-33"], "sourceIds": ["itinere-2024", "pleiades", "josephus"], "noteKo": "해안에서 유대 산지로 올라가는 여러 갈래가 있다. 엠마오 길(눅 24:13)과 벧호론 오르막이 대표적이다.", "c30Basis": "항구 욥바와 예루살렘을 잇는 길목이다. 룻다(디오스폴리스는 서기 199년의 개칭)·엠마오·벧호론은 모두 서기 30년에 있던 곳이며, 벧호론 오르막은 마카베오 시대부터 알려진 통로다.", "license": "Itiner-e (Brughmans, de Soto, Pažout, Bjerregaard Vahlstrup 2024) CC BY 4.0", "id": "joppa-jerusalem#22", "certainty": "confirmed", "segmentName": "Emmaus-Jerusalem", "segmentSource": "Fischer Isaac and Roll 1996", "lengthKm": 200, "certaintyMix": {"confirmed": 25, "probable": 3, "hypothetical": 1}, "walkDays": [6, 8]}, "geometry": {"type": "MultiLineString", "coordinates": [[[35.10581, 31.808], [35.10921, 31.80878], [35.11361, 31.80701], [35.12029, 31.80151], [35.12345, 31.80086], [35.12664, 31.79938], [35.12773, 31.79852], [35.12738, 31.79709], [35.12902, 31.79811], [35.13503, 31.79886], [35.13656, 31.79948], [35.14042, 31.79901], [35.14372, 31.7992], [35.14555, 31.79844], [35.14675, 31.79573], [35.15049, 31.79464], [35.15188, 31.7953], [35.15217, 31.79488], [35.1529, 31.79509], [35.15642, 31.79326], [35.15976, 31.79241], [35.16161, 31.79269], [35.16334, 31.79249], [35.16395, 31.79209], [35.16509, 31.79207], [35.16665, 31.79276], [35.16753, 31.79359], [35.17192, 31.79522], [35.17926, 31.79523], [35.18016, 31.79452], [35.18381, 31.79389], [35.18492, 31.79473], [35.18489, 31.79355], [35.1863, 31.79464], [35.18608, 31.79376], [35.18661, 31.79347], [35.19561, 31.7917], [35.20479, 31.78793], [35.21438, 31.78514], [35.22561, 31.7785], [35.22766, 31.77645]]]}}, {"type": "Feature", "properties": {"roadId": "joppa-jerusalem", "nameKo": "욥바·룻다–예루살렘 연결로", "nameEn": "Joppa/Lydda–Jerusalem road", "routeType": "trunk", "activeC30": true, "region": "Judaea", "periodStart": null, "periodEnd": null, "via": ["욥바", "룻다", "엠마오", "기브온", "벧호론", "예루살렘"], "relatedPlaces": ["욥바", "룻다", "엠마오", "기브온", "벧호론", "예루살렘"], "relatedVerses": ["눅 24:13-33", "행 9:32-38", "행 23:31-33"], "sourceIds": ["itinere-2024", "pleiades", "josephus"], "noteKo": "해안에서 유대 산지로 올라가는 여러 갈래가 있다. 엠마오 길(눅 24:13)과 벧호론 오르막이 대표적이다.", "c30Basis": "항구 욥바와 예루살렘을 잇는 길목이다. 룻다(디오스폴리스는 서기 199년의 개칭)·엠마오·벧호론은 모두 서기 30년에 있던 곳이며, 벧호론 오르막은 마카베오 시대부터 알려진 통로다.", "license": "Itiner-e (Brughmans, de Soto, Pažout, Bjerregaard Vahlstrup 2024) CC BY 4.0", "id": "joppa-jerusalem#23", "certainty": "confirmed", "segmentName": "Emmaus-Jerusalem", "segmentSource": "Fischer Isaac and Roll 1996", "lengthKm": 200, "certaintyMix": {"confirmed": 25, "probable": 3, "hypothetical": 1}, "walkDays": [6, 8]}, "geometry": {"type": "MultiLineString", "coordinates": [[[35.22766, 31.77645], [35.23416, 31.77668]]]}}, {"type": "Feature", "properties": {"roadId": "joppa-jerusalem", "nameKo": "욥바·룻다–예루살렘 연결로", "nameEn": "Joppa/Lydda–Jerusalem road", "routeType": "trunk", "activeC30": true, "region": "Judaea", "periodStart": null, "periodEnd": null, "via": ["욥바", "룻다", "엠마오", "기브온", "벧호론", "예루살렘"], "relatedPlaces": ["욥바", "룻다", "엠마오", "기브온", "벧호론", "예루살렘"], "relatedVerses": ["눅 24:13-33", "행 9:32-38", "행 23:31-33"], "sourceIds": ["itinere-2024", "pleiades", "josephus"], "noteKo": "해안에서 유대 산지로 올라가는 여러 갈래가 있다. 엠마오 길(눅 24:13)과 벧호론 오르막이 대표적이다.", "c30Basis": "항구 욥바와 예루살렘을 잇는 길목이다. 룻다(디오스폴리스는 서기 199년의 개칭)·엠마오·벧호론은 모두 서기 30년에 있던 곳이며, 벧호론 오르막은 마카베오 시대부터 알려진 통로다.", "license": "Itiner-e (Brughmans, de Soto, Pažout, Bjerregaard Vahlstrup 2024) CC BY 4.0", "id": "joppa-jerusalem#24", "certainty": "confirmed", "segmentName": "Emmaus-Beth Horon Road", "segmentSource": "Roll and Ayalon 1986, Fischer Isaac and Roll 1996", "lengthKm": 200, "certaintyMix": {"confirmed": 25, "probable": 3, "hypothetical": 1}, "walkDays": [6, 8]}, "geometry": {"type": "MultiLineString", "coordinates": [[[34.98943, 31.8393], [34.98991, 31.84403], [34.99183, 31.85121], [34.99798, 31.85671], [35.00464, 31.85876], [35.01488, 31.86004], [35.0175, 31.86144]]]}}, {"type": "Feature", "properties": {"roadId": "joppa-jerusalem", "nameKo": "욥바·룻다–예루살렘 연결로", "nameEn": "Joppa/Lydda–Jerusalem road", "routeType": "trunk", "activeC30": true, "region": "Judaea", "periodStart": null, "periodEnd": null, "via": ["욥바", "룻다", "엠마오", "기브온", "벧호론", "예루살렘"], "relatedPlaces": ["욥바", "룻다", "엠마오", "기브온", "벧호론", "예루살렘"], "relatedVerses": ["눅 24:13-33", "행 9:32-38", "행 23:31-33"], "sourceIds": ["itinere-2024", "pleiades", "josephus"], "noteKo": "해안에서 유대 산지로 올라가는 여러 갈래가 있다. 엠마오 길(눅 24:13)과 벧호론 오르막이 대표적이다.", "c30Basis": "항구 욥바와 예루살렘을 잇는 길목이다. 룻다(디오스폴리스는 서기 199년의 개칭)·엠마오·벧호론은 모두 서기 30년에 있던 곳이며, 벧호론 오르막은 마카베오 시대부터 알려진 통로다.", "license": "Itiner-e (Brughmans, de Soto, Pažout, Bjerregaard Vahlstrup 2024) CC BY 4.0", "id": "joppa-jerusalem#25", "certainty": "confirmed", "segmentName": "Emmaus-Beth Horon Road", "segmentSource": "Roll and Ayalon 1986, Fischer Isaac and Roll 1996", "lengthKm": 200, "certaintyMix": {"confirmed": 25, "probable": 3, "hypothetical": 1}, "walkDays": [6, 8]}, "geometry": {"type": "MultiLineString", "coordinates": [[[35.0175, 31.86144], [35.02231, 31.86402], [35.03128, 31.87029], [35.03397, 31.87311], [35.03784, 31.88191]]]}}, {"type": "Feature", "properties": {"roadId": "joppa-jerusalem", "nameKo": "욥바·룻다–예루살렘 연결로", "nameEn": "Joppa/Lydda–Jerusalem road", "routeType": "trunk", "activeC30": true, "region": "Judaea", "periodStart": null, "periodEnd": null, "via": ["욥바", "룻다", "엠마오", "기브온", "벧호론", "예루살렘"], "relatedPlaces": ["욥바", "룻다", "엠마오", "기브온", "벧호론", "예루살렘"], "relatedVerses": ["눅 24:13-33", "행 9:32-38", "행 23:31-33"], "sourceIds": ["itinere-2024", "pleiades", "josephus"], "noteKo": "해안에서 유대 산지로 올라가는 여러 갈래가 있다. 엠마오 길(눅 24:13)과 벧호론 오르막이 대표적이다.", "c30Basis": "항구 욥바와 예루살렘을 잇는 길목이다. 룻다(디오스폴리스는 서기 199년의 개칭)·엠마오·벧호론은 모두 서기 30년에 있던 곳이며, 벧호론 오르막은 마카베오 시대부터 알려진 통로다.", "license": "Itiner-e (Brughmans, de Soto, Pažout, Bjerregaard Vahlstrup 2024) CC BY 4.0", "id": "joppa-jerusalem#26", "certainty": "confirmed", "segmentName": "Emmaus-Beth Horon Road", "segmentSource": "Roll and Ayalon 1986, Fischer Isaac and Roll 1996", "lengthKm": 200, "certaintyMix": {"confirmed": 25, "probable": 3, "hypothetical": 1}, "walkDays": [6, 8]}, "geometry": {"type": "MultiLineString", "coordinates": [[[35.03784, 31.88191], [35.04037, 31.88733], [35.04493, 31.89463], [35.04635, 31.89547], [35.06075, 31.89688]]]}}, {"type": "Feature", "properties": {"roadId": "joppa-jerusalem", "nameKo": "욥바·룻다–예루살렘 연결로", "nameEn": "Joppa/Lydda–Jerusalem road", "routeType": "trunk", "activeC30": true, "region": "Judaea", "periodStart": null, "periodEnd": null, "via": ["욥바", "룻다", "엠마오", "기브온", "벧호론", "예루살렘"], "relatedPlaces": ["욥바", "룻다", "엠마오", "기브온", "벧호론", "예루살렘"], "relatedVerses": ["눅 24:13-33", "행 9:32-38", "행 23:31-33"], "sourceIds": ["itinere-2024", "pleiades", "josephus"], "noteKo": "해안에서 유대 산지로 올라가는 여러 갈래가 있다. 엠마오 길(눅 24:13)과 벧호론 오르막이 대표적이다.", "c30Basis": "항구 욥바와 예루살렘을 잇는 길목이다. 룻다(디오스폴리스는 서기 199년의 개칭)·엠마오·벧호론은 모두 서기 30년에 있던 곳이며, 벧호론 오르막은 마카베오 시대부터 알려진 통로다.", "license": "Itiner-e (Brughmans, de Soto, Pažout, Bjerregaard Vahlstrup 2024) CC BY 4.0", "id": "joppa-jerusalem#27", "certainty": "confirmed", "segmentName": "Antipatris-Diospolis", "segmentSource": "Roll 2000, TIR Iudaea-Palaestina", "lengthKm": 200, "certaintyMix": {"confirmed": 25, "probable": 3, "hypothetical": 1}, "walkDays": [6, 8]}, "geometry": {"type": "MultiLineString", "coordinates": [[[34.93238, 32.11064], [34.92832, 32.09901], [34.92552, 32.0879], [34.92368, 32.07336], [34.92231, 32.04425], [34.92081, 32.03004], [34.91709, 32.01755], [34.91159, 32.00217], [34.90198, 31.9834]]]}}, {"type": "Feature", "properties": {"roadId": "joppa-jerusalem", "nameKo": "욥바·룻다–예루살렘 연결로", "nameEn": "Joppa/Lydda–Jerusalem road", "routeType": "trunk", "activeC30": true, "region": "Judaea", "periodStart": null, "periodEnd": null, "via": ["욥바", "룻다", "엠마오", "기브온", "벧호론", "예루살렘"], "relatedPlaces": ["욥바", "룻다", "엠마오", "기브온", "벧호론", "예루살렘"], "relatedVerses": ["눅 24:13-33", "행 9:32-38", "행 23:31-33"], "sourceIds": ["itinere-2024", "pleiades", "josephus"], "noteKo": "해안에서 유대 산지로 올라가는 여러 갈래가 있다. 엠마오 길(눅 24:13)과 벧호론 오르막이 대표적이다.", "c30Basis": "항구 욥바와 예루살렘을 잇는 길목이다. 룻다(디오스폴리스는 서기 199년의 개칭)·엠마오·벧호론은 모두 서기 30년에 있던 곳이며, 벧호론 오르막은 마카베오 시대부터 알려진 통로다.", "license": "Itiner-e (Brughmans, de Soto, Pažout, Bjerregaard Vahlstrup 2024) CC BY 4.0", "id": "joppa-jerusalem#28", "certainty": "confirmed", "segmentName": "Antipatris-Diospolis", "segmentSource": "Roll 2000, TIR Iudaea-Palaestina", "lengthKm": 200, "certaintyMix": {"confirmed": 25, "probable": 3, "hypothetical": 1}, "walkDays": [6, 8]}, "geometry": {"type": "MultiLineString", "coordinates": [[[34.90198, 31.9834], [34.90107, 31.97127], [34.89762, 31.96178], [34.89238, 31.95825]]]}}, {"type": "Feature", "properties": {"roadId": "jordan-valley", "nameKo": "요단 계곡길", "nameEn": "Jordan Valley road", "routeType": "trunk", "activeC30": true, "region": "Jordan Valley", "periodStart": null, "periodEnd": null, "via": ["벧산(스구도볼리)", "여리고"], "relatedPlaces": ["벧산(스구도볼리)", "여리고"], "relatedVerses": ["막 10:1", "요 1:28", "눅 9:52-53"], "sourceIds": ["itinere-2024", "pleiades", "josephus"], "noteKo": "갈릴리에서 예루살렘으로 갈 때 사마리아를 지나지 않으려면 이 계곡길로 돌았다(눅 9:52-53 배경).", "c30Basis": "아르켈라이스는 아켈라오(기원전 4년~서기 6년)가 세운 곳이라 서기 30년에 존재한다. 사마리아를 피해 요단 계곡으로 도는 길은 갈릴리–예루살렘 왕래의 대안 노선이었다.", "license": "Itiner-e (Brughmans, de Soto, Pažout, Bjerregaard Vahlstrup 2024) CC BY 4.0", "id": "jordan-valley#0", "certainty": "confirmed", "segmentName": "Scythopolis-Archelais", "segmentSource": "Isaac 1998, TIR Iudaea-Palaestina", "lengthKm": 109, "certaintyMix": {"confirmed": 4, "probable": 6}, "walkDays": [3, 4]}, "geometry": {"type": "MultiLineString", "coordinates": [[[35.50249, 32.48403], [35.50694, 32.47555], [35.5114, 32.46881], [35.51245, 32.46164], [35.51097, 32.44442], [35.51184, 32.43279], [35.51385, 32.42631], [35.51455, 32.42037]]]}}, {"type": "Feature", "properties": {"roadId": "jordan-valley", "nameKo": "요단 계곡길", "nameEn": "Jordan Valley road", "routeType": "trunk", "activeC30": true, "region": "Jordan Valley", "periodStart": null, "periodEnd": null, "via": ["벧산(스구도볼리)", "여리고"], "relatedPlaces": ["벧산(스구도볼리)", "여리고"], "relatedVerses": ["막 10:1", "요 1:28", "눅 9:52-53"], "sourceIds": ["itinere-2024", "pleiades", "josephus"], "noteKo": "갈릴리에서 예루살렘으로 갈 때 사마리아를 지나지 않으려면 이 계곡길로 돌았다(눅 9:52-53 배경).", "c30Basis": "아르켈라이스는 아켈라오(기원전 4년~서기 6년)가 세운 곳이라 서기 30년에 존재한다. 사마리아를 피해 요단 계곡으로 도는 길은 갈릴리–예루살렘 왕래의 대안 노선이었다.", "license": "Itiner-e (Brughmans, de Soto, Pažout, Bjerregaard Vahlstrup 2024) CC BY 4.0", "id": "jordan-valley#1", "certainty": "confirmed", "segmentName": "Scythopolis-Archelais", "segmentSource": "Isaac 1998, TIR Iudaea-Palaestina", "lengthKm": 109, "certaintyMix": {"confirmed": 4, "probable": 6}, "walkDays": [3, 4]}, "geometry": {"type": "MultiLineString", "coordinates": [[[35.51455, 32.42037], [35.5177, 32.41346], [35.51945, 32.40725], [35.52277, 32.39807], [35.51965, 32.39359]]]}}, {"type": "Feature", "properties": {"roadId": "jordan-valley", "nameKo": "요단 계곡길", "nameEn": "Jordan Valley road", "routeType": "trunk", "activeC30": true, "region": "Jordan Valley", "periodStart": null, "periodEnd": null, "via": ["벧산(스구도볼리)", "여리고"], "relatedPlaces": ["벧산(스구도볼리)", "여리고"], "relatedVerses": ["막 10:1", "요 1:28", "눅 9:52-53"], "sourceIds": ["itinere-2024", "pleiades", "josephus"], "noteKo": "갈릴리에서 예루살렘으로 갈 때 사마리아를 지나지 않으려면 이 계곡길로 돌았다(눅 9:52-53 배경).", "c30Basis": "아르켈라이스는 아켈라오(기원전 4년~서기 6년)가 세운 곳이라 서기 30년에 존재한다. 사마리아를 피해 요단 계곡으로 도는 길은 갈릴리–예루살렘 왕래의 대안 노선이었다.", "license": "Itiner-e (Brughmans, de Soto, Pažout, Bjerregaard Vahlstrup 2024) CC BY 4.0", "id": "jordan-valley#2", "certainty": "probable", "segmentName": "Scythopolis-Archelais", "segmentSource": "TIR Iudaea-Palaestina, SWP", "lengthKm": 109, "certaintyMix": {"confirmed": 4, "probable": 6}, "walkDays": [3, 4]}, "geometry": {"type": "MultiLineString", "coordinates": [[[35.51965, 32.39359], [35.51859, 32.38447], [35.52309, 32.3734], [35.52883, 32.3663], [35.53017, 32.36132], [35.53237, 32.35888], [35.53567, 32.35368], [35.53609, 32.35182], [35.5353, 32.34151], [35.53634, 32.33803], [35.53854, 32.33559], [35.53993, 32.33499], [35.54017, 32.33417], [35.53976, 32.33188], [35.53834, 32.32917], [35.53846, 32.32708], [35.53959, 32.32579], [35.54359, 32.31776], [35.54438, 32.31155], [35.5434, 32.30762], [35.54297, 32.3019], [35.54394, 32.29893], [35.54406, 32.29654], [35.54741, 32.29402], [35.54851, 32.29142], [35.54908, 32.28167], [35.55041, 32.27889], [35.55152, 32.27781], [35.55197, 32.27643], [35.55195, 32.2697], [35.55135, 32.26744], [35.55164, 32.2663], [35.553, 32.26512], [35.55331, 32.26406], [35.55358, 32.2611], [35.55233, 32.25564], [35.55283, 32.25351], [35.55241, 32.25168], [35.55362, 32.24405], [35.55315, 32.23854], [35.55035, 32.23508], [35.54998, 32.23161], [35.549, 32.22907], [35.54987, 32.22604], [35.54961, 32.22409], [35.54901, 32.22337], [35.55004, 32.2226], [35.55009, 32.22014], [35.5489, 32.2131], [35.54954, 32.20873], [35.54939, 32.20705], [35.54534, 32.20237], [35.54508, 32.20141], [35.54588, 32.1999], [35.54391, 32.19343], [35.54168, 32.18799], [35.51332, 32.1375], [35.51253, 32.13338], [35.51271, 32.13015], [35.5107, 32.12672]]]}}, {"type": "Feature", "properties": {"roadId": "jordan-valley", "nameKo": "요단 계곡길", "nameEn": "Jordan Valley road", "routeType": "trunk", "activeC30": true, "region": "Jordan Valley", "periodStart": null, "periodEnd": null, "via": ["벧산(스구도볼리)", "여리고"], "relatedPlaces": ["벧산(스구도볼리)", "여리고"], "relatedVerses": ["막 10:1", "요 1:28", "눅 9:52-53"], "sourceIds": ["itinere-2024", "pleiades", "josephus"], "noteKo": "갈릴리에서 예루살렘으로 갈 때 사마리아를 지나지 않으려면 이 계곡길로 돌았다(눅 9:52-53 배경).", "c30Basis": "아르켈라이스는 아켈라오(기원전 4년~서기 6년)가 세운 곳이라 서기 30년에 존재한다. 사마리아를 피해 요단 계곡으로 도는 길은 갈릴리–예루살렘 왕래의 대안 노선이었다.", "license": "Itiner-e (Brughmans, de Soto, Pažout, Bjerregaard Vahlstrup 2024) CC BY 4.0", "id": "jordan-valley#3", "certainty": "probable", "segmentName": "Scythopolis-Archelais", "segmentSource": "TIR Iudaea-Palaestina, SWP", "lengthKm": 109, "certaintyMix": {"confirmed": 4, "probable": 6}, "walkDays": [3, 4]}, "geometry": {"type": "MultiLineString", "coordinates": [[[35.44336, 32.02751], [35.44836, 32.01966], [35.45186, 32.00953], [35.46253, 31.99202], [35.46766, 31.97986], [35.47298, 31.96941]]]}}, {"type": "Feature", "properties": {"roadId": "jordan-valley", "nameKo": "요단 계곡길", "nameEn": "Jordan Valley road", "routeType": "trunk", "activeC30": true, "region": "Jordan Valley", "periodStart": null, "periodEnd": null, "via": ["벧산(스구도볼리)", "여리고"], "relatedPlaces": ["벧산(스구도볼리)", "여리고"], "relatedVerses": ["막 10:1", "요 1:28", "눅 9:52-53"], "sourceIds": ["itinere-2024", "pleiades", "josephus"], "noteKo": "갈릴리에서 예루살렘으로 갈 때 사마리아를 지나지 않으려면 이 계곡길로 돌았다(눅 9:52-53 배경).", "c30Basis": "아르켈라이스는 아켈라오(기원전 4년~서기 6년)가 세운 곳이라 서기 30년에 존재한다. 사마리아를 피해 요단 계곡으로 도는 길은 갈릴리–예루살렘 왕래의 대안 노선이었다.", "license": "Itiner-e (Brughmans, de Soto, Pažout, Bjerregaard Vahlstrup 2024) CC BY 4.0", "id": "jordan-valley#4", "certainty": "probable", "segmentName": "Scythopolis-Archelais", "segmentSource": "TIR Iudaea-Palaestina, SWP", "lengthKm": 109, "certaintyMix": {"confirmed": 4, "probable": 6}, "walkDays": [3, 4]}, "geometry": {"type": "MultiLineString", "coordinates": [[[35.5107, 32.12672], [35.50858, 32.12436], [35.50486, 32.11035], [35.49885, 32.09201], [35.49685, 32.07766], [35.49477, 32.07323], [35.48978, 32.06711], [35.48052, 32.05881], [35.46639, 32.05147], [35.45956, 32.04138], [35.45027, 32.02922], [35.44336, 32.02751]]]}}, {"type": "Feature", "properties": {"roadId": "jordan-valley", "nameKo": "요단 계곡길", "nameEn": "Jordan Valley road", "routeType": "trunk", "activeC30": true, "region": "Jordan Valley", "periodStart": null, "periodEnd": null, "via": ["벧산(스구도볼리)", "여리고"], "relatedPlaces": ["벧산(스구도볼리)", "여리고"], "relatedVerses": ["막 10:1", "요 1:28", "눅 9:52-53"], "sourceIds": ["itinere-2024", "pleiades", "josephus"], "noteKo": "갈릴리에서 예루살렘으로 갈 때 사마리아를 지나지 않으려면 이 계곡길로 돌았다(눅 9:52-53 배경).", "c30Basis": "아르켈라이스는 아켈라오(기원전 4년~서기 6년)가 세운 곳이라 서기 30년에 존재한다. 사마리아를 피해 요단 계곡으로 도는 길은 갈릴리–예루살렘 왕래의 대안 노선이었다.", "license": "Itiner-e (Brughmans, de Soto, Pažout, Bjerregaard Vahlstrup 2024) CC BY 4.0", "id": "jordan-valley#5", "certainty": "confirmed", "segmentName": "Scythopolis-Archelais", "segmentSource": "Isaac 1998, TIR Iudaea-Palaestina", "lengthKm": 109, "certaintyMix": {"confirmed": 4, "probable": 6}, "walkDays": [3, 4]}, "geometry": {"type": "MultiLineString", "coordinates": [[[35.50229, 32.50305], [35.5014, 32.50171], [35.50076, 32.50159], [35.50038, 32.50079], [35.49867, 32.49931]]]}}, {"type": "Feature", "properties": {"roadId": "jordan-valley", "nameKo": "요단 계곡길", "nameEn": "Jordan Valley road", "routeType": "trunk", "activeC30": true, "region": "Jordan Valley", "periodStart": null, "periodEnd": null, "via": ["벧산(스구도볼리)", "여리고"], "relatedPlaces": ["벧산(스구도볼리)", "여리고"], "relatedVerses": ["막 10:1", "요 1:28", "눅 9:52-53"], "sourceIds": ["itinere-2024", "pleiades", "josephus"], "noteKo": "갈릴리에서 예루살렘으로 갈 때 사마리아를 지나지 않으려면 이 계곡길로 돌았다(눅 9:52-53 배경).", "c30Basis": "아르켈라이스는 아켈라오(기원전 4년~서기 6년)가 세운 곳이라 서기 30년에 존재한다. 사마리아를 피해 요단 계곡으로 도는 길은 갈릴리–예루살렘 왕래의 대안 노선이었다.", "license": "Itiner-e (Brughmans, de Soto, Pažout, Bjerregaard Vahlstrup 2024) CC BY 4.0", "id": "jordan-valley#6", "certainty": "confirmed", "segmentName": "Scythopolis-Archelais", "segmentSource": "Isaac 1998, TIR Iudaea-Palaestina", "lengthKm": 109, "certaintyMix": {"confirmed": 4, "probable": 6}, "walkDays": [3, 4]}, "geometry": {"type": "MultiLineString", "coordinates": [[[35.49867, 32.49931], [35.49979, 32.49025], [35.50249, 32.48403]]]}}, {"type": "Feature", "properties": {"roadId": "jordan-valley", "nameKo": "요단 계곡길", "nameEn": "Jordan Valley road", "routeType": "trunk", "activeC30": true, "region": "Jordan Valley", "periodStart": null, "periodEnd": null, "via": ["벧산(스구도볼리)", "여리고"], "relatedPlaces": ["벧산(스구도볼리)", "여리고"], "relatedVerses": ["막 10:1", "요 1:28", "눅 9:52-53"], "sourceIds": ["itinere-2024", "pleiades", "josephus"], "noteKo": "갈릴리에서 예루살렘으로 갈 때 사마리아를 지나지 않으려면 이 계곡길로 돌았다(눅 9:52-53 배경).", "c30Basis": "아르켈라이스는 아켈라오(기원전 4년~서기 6년)가 세운 곳이라 서기 30년에 존재한다. 사마리아를 피해 요단 계곡으로 도는 길은 갈릴리–예루살렘 왕래의 대안 노선이었다.", "license": "Itiner-e (Brughmans, de Soto, Pažout, Bjerregaard Vahlstrup 2024) CC BY 4.0", "id": "jordan-valley#7", "certainty": "probable", "segmentName": "Archelais-Jericho", "segmentSource": "Isaac 1998, TIR Iudaea-Palaestina", "lengthKm": 109, "certaintyMix": {"confirmed": 4, "probable": 6}, "walkDays": [3, 4]}, "geometry": {"type": "MultiLineString", "coordinates": [[[35.47298, 31.96941], [35.47063, 31.9594], [35.46953, 31.94957], [35.46994, 31.94205], [35.46789, 31.93536], [35.46817, 31.92688], [35.47131, 31.91951], [35.47473, 31.91377], [35.475, 31.90926], [35.4724, 31.90256], [35.46598, 31.89341], [35.46352, 31.89136], [35.46202, 31.88658], [35.46126, 31.88222], [35.45785, 31.87763], [35.4551, 31.87774], [35.44945, 31.87489], [35.44542, 31.87265], [35.44388, 31.87005]]]}}, {"type": "Feature", "properties": {"roadId": "jordan-valley", "nameKo": "요단 계곡길", "nameEn": "Jordan Valley road", "routeType": "trunk", "activeC30": true, "region": "Jordan Valley", "periodStart": null, "periodEnd": null, "via": ["벧산(스구도볼리)", "여리고"], "relatedPlaces": ["벧산(스구도볼리)", "여리고"], "relatedVerses": ["막 10:1", "요 1:28", "눅 9:52-53"], "sourceIds": ["itinere-2024", "pleiades", "josephus"], "noteKo": "갈릴리에서 예루살렘으로 갈 때 사마리아를 지나지 않으려면 이 계곡길로 돌았다(눅 9:52-53 배경).", "c30Basis": "아르켈라이스는 아켈라오(기원전 4년~서기 6년)가 세운 곳이라 서기 30년에 존재한다. 사마리아를 피해 요단 계곡으로 도는 길은 갈릴리–예루살렘 왕래의 대안 노선이었다.", "license": "Itiner-e (Brughmans, de Soto, Pažout, Bjerregaard Vahlstrup 2024) CC BY 4.0", "id": "jordan-valley#8", "certainty": "probable", "segmentName": "Jericho-Livias", "segmentSource": "Isaac 1992, Roll 2002, TIR Iudaea-Palaestina", "lengthKm": 109, "certaintyMix": {"confirmed": 4, "probable": 6}, "walkDays": [3, 4]}, "geometry": {"type": "MultiLineString", "coordinates": [[[35.44734, 31.85117], [35.46189, 31.85346], [35.48084, 31.84951], [35.50714, 31.84501], [35.54769, 31.83876], [35.58564, 31.83659], [35.65441, 31.83528], [35.66719, 31.8359], [35.67509, 31.83998]]]}}, {"type": "Feature", "properties": {"roadId": "jordan-valley", "nameKo": "요단 계곡길", "nameEn": "Jordan Valley road", "routeType": "trunk", "activeC30": true, "region": "Jordan Valley", "periodStart": null, "periodEnd": null, "via": ["벧산(스구도볼리)", "여리고"], "relatedPlaces": ["벧산(스구도볼리)", "여리고"], "relatedVerses": ["막 10:1", "요 1:28", "눅 9:52-53"], "sourceIds": ["itinere-2024", "pleiades", "josephus"], "noteKo": "갈릴리에서 예루살렘으로 갈 때 사마리아를 지나지 않으려면 이 계곡길로 돌았다(눅 9:52-53 배경).", "c30Basis": "아르켈라이스는 아켈라오(기원전 4년~서기 6년)가 세운 곳이라 서기 30년에 존재한다. 사마리아를 피해 요단 계곡으로 도는 길은 갈릴리–예루살렘 왕래의 대안 노선이었다.", "license": "Itiner-e (Brughmans, de Soto, Pažout, Bjerregaard Vahlstrup 2024) CC BY 4.0", "id": "jordan-valley#9", "certainty": "probable", "segmentName": "Tiberias-Scythopolis", "segmentSource": "TIR Iudaea-Palaestina", "lengthKm": 109, "certaintyMix": {"confirmed": 4, "probable": 6}, "walkDays": [3, 4]}, "geometry": {"type": "MultiLineString", "coordinates": [[[35.5571, 32.62051], [35.55999, 32.62577], [35.5602, 32.62866], [35.55897, 32.63225], [35.56002, 32.63584], [35.55915, 32.63776], [35.5616, 32.64152], [35.56177, 32.64327], [35.5602, 32.64589], [35.56099, 32.64895], [35.56064, 32.65385], [35.55775, 32.65997], [35.55548, 32.66688], [35.55661, 32.67178], [35.55556, 32.67597], [35.55835, 32.68643], [35.56149, 32.70187], [35.56477, 32.70554]]]}}, {"type": "Feature", "properties": {"roadId": "galilee-cross", "nameKo": "갈릴리 횡단로", "nameEn": "Galilee cross route", "routeType": "regional", "activeC30": true, "region": "Galilee", "periodStart": null, "periodEnd": null, "via": ["돌레마이", "세포리스", "디베랴"], "relatedPlaces": ["돌레마이", "세포리스", "디베랴"], "relatedVerses": ["마 4:23", "요 2:1-11"], "sourceIds": ["itinere-2024", "pleiades", "josephus"], "noteKo": "항구 돌레마이에서 갈릴리 내륙을 거쳐 갈릴리 호수로 나가는 길이다. 가나·나사렛이 이 길목 가까이에 있다.", "c30Basis": "세포리스는 안티파스의 첫 도읍, 디베랴는 서기 19/20년 건설로 둘 다 서기 30년에 존재한다. 두 도시를 잇는 길이 갈릴리 내륙을 가로지른다.", "license": "Itiner-e (Brughmans, de Soto, Pažout, Bjerregaard Vahlstrup 2024) CC BY 4.0", "id": "galilee-cross#0", "certainty": "confirmed", "segmentName": "Ptolemais-Sepphoris", "segmentSource": "Tepper 2018", "lengthKm": 109, "certaintyMix": {"confirmed": 4, "probable": 5}, "walkDays": [3, 4]}, "geometry": {"type": "MultiLineString", "coordinates": [[[35.27634, 32.76099], [35.27804, 32.7661], [35.27631, 32.77018]]]}}, {"type": "Feature", "properties": {"roadId": "galilee-cross", "nameKo": "갈릴리 횡단로", "nameEn": "Galilee cross route", "routeType": "regional", "activeC30": true, "region": "Galilee", "periodStart": null, "periodEnd": null, "via": ["돌레마이", "세포리스", "디베랴"], "relatedPlaces": ["돌레마이", "세포리스", "디베랴"], "relatedVerses": ["마 4:23", "요 2:1-11"], "sourceIds": ["itinere-2024", "pleiades", "josephus"], "noteKo": "항구 돌레마이에서 갈릴리 내륙을 거쳐 갈릴리 호수로 나가는 길이다. 가나·나사렛이 이 길목 가까이에 있다.", "c30Basis": "세포리스는 안티파스의 첫 도읍, 디베랴는 서기 19/20년 건설로 둘 다 서기 30년에 존재한다. 두 도시를 잇는 길이 갈릴리 내륙을 가로지른다.", "license": "Itiner-e (Brughmans, de Soto, Pažout, Bjerregaard Vahlstrup 2024) CC BY 4.0", "id": "galilee-cross#1", "certainty": "confirmed", "segmentName": "Ptolemais-Sepphoris", "segmentSource": "Tepper 2018", "lengthKm": 109, "certaintyMix": {"confirmed": 4, "probable": 5}, "walkDays": [3, 4]}, "geometry": {"type": "MultiLineString", "coordinates": [[[35.27631, 32.77018], [35.26805, 32.77362], [35.26689, 32.78114], [35.25371, 32.79304], [35.23779, 32.80175], [35.23388, 32.80307], [35.23126, 32.80258], [35.23061, 32.80293], [35.22918, 32.80662], [35.22765, 32.8072], [35.22012, 32.80809], [35.20968, 32.81354], [35.20574, 32.81646], [35.20513, 32.81797], [35.20524, 32.81987], [35.20356, 32.82345], [35.20112, 32.82729], [35.19489, 32.83148], [35.19103, 32.83298], [35.18372, 32.83691], [35.1813, 32.84054], [35.17862, 32.84343], [35.16963, 32.84796], [35.16491, 32.84981], [35.16135, 32.85325], [35.15982, 32.85692], [35.15904, 32.86039], [35.15345, 32.86511], [35.1486, 32.87398], [35.14166, 32.88036]]]}}, {"type": "Feature", "properties": {"roadId": "galilee-cross", "nameKo": "갈릴리 횡단로", "nameEn": "Galilee cross route", "routeType": "regional", "activeC30": true, "region": "Galilee", "periodStart": null, "periodEnd": null, "via": ["돌레마이", "세포리스", "디베랴"], "relatedPlaces": ["돌레마이", "세포리스", "디베랴"], "relatedVerses": ["마 4:23", "요 2:1-11"], "sourceIds": ["itinere-2024", "pleiades", "josephus"], "noteKo": "항구 돌레마이에서 갈릴리 내륙을 거쳐 갈릴리 호수로 나가는 길이다. 가나·나사렛이 이 길목 가까이에 있다.", "c30Basis": "세포리스는 안티파스의 첫 도읍, 디베랴는 서기 19/20년 건설로 둘 다 서기 30년에 존재한다. 두 도시를 잇는 길이 갈릴리 내륙을 가로지른다.", "license": "Itiner-e (Brughmans, de Soto, Pažout, Bjerregaard Vahlstrup 2024) CC BY 4.0", "id": "galilee-cross#2", "certainty": "probable", "segmentName": "Ptolemais-Sepphoris", "segmentSource": "Tepper 2018", "lengthKm": 109, "certaintyMix": {"confirmed": 4, "probable": 5}, "walkDays": [3, 4]}, "geometry": {"type": "MultiLineString", "coordinates": [[[35.14166, 32.88036], [35.13038, 32.88742], [35.12212, 32.89473], [35.11465, 32.90603], [35.10936, 32.91038], [35.09948, 32.91509], [35.09102, 32.91786]]]}}, {"type": "Feature", "properties": {"roadId": "galilee-cross", "nameKo": "갈릴리 횡단로", "nameEn": "Galilee cross route", "routeType": "regional", "activeC30": true, "region": "Galilee", "periodStart": null, "periodEnd": null, "via": ["돌레마이", "세포리스", "디베랴"], "relatedPlaces": ["돌레마이", "세포리스", "디베랴"], "relatedVerses": ["마 4:23", "요 2:1-11"], "sourceIds": ["itinere-2024", "pleiades", "josephus"], "noteKo": "항구 돌레마이에서 갈릴리 내륙을 거쳐 갈릴리 호수로 나가는 길이다. 가나·나사렛이 이 길목 가까이에 있다.", "c30Basis": "세포리스는 안티파스의 첫 도읍, 디베랴는 서기 19/20년 건설로 둘 다 서기 30년에 존재한다. 두 도시를 잇는 길이 갈릴리 내륙을 가로지른다.", "license": "Itiner-e (Brughmans, de Soto, Pažout, Bjerregaard Vahlstrup 2024) CC BY 4.0", "id": "galilee-cross#3", "certainty": "probable", "segmentName": "Ptolemais-Sepphoris", "segmentSource": "Tepper 2018", "lengthKm": 109, "certaintyMix": {"confirmed": 4, "probable": 5}, "walkDays": [3, 4]}, "geometry": {"type": "MultiLineString", "coordinates": [[[35.28146, 32.75359], [35.28052, 32.75475], [35.27885, 32.75569], [35.27729, 32.75553], [35.27779, 32.75619], [35.27784, 32.75746], [35.27701, 32.75839], [35.27734, 32.76017], [35.27634, 32.76099]]]}}, {"type": "Feature", "properties": {"roadId": "galilee-cross", "nameKo": "갈릴리 횡단로", "nameEn": "Galilee cross route", "routeType": "regional", "activeC30": true, "region": "Galilee", "periodStart": null, "periodEnd": null, "via": ["돌레마이", "세포리스", "디베랴"], "relatedPlaces": ["돌레마이", "세포리스", "디베랴"], "relatedVerses": ["마 4:23", "요 2:1-11"], "sourceIds": ["itinere-2024", "pleiades", "josephus"], "noteKo": "항구 돌레마이에서 갈릴리 내륙을 거쳐 갈릴리 호수로 나가는 길이다. 가나·나사렛이 이 길목 가까이에 있다.", "c30Basis": "세포리스는 안티파스의 첫 도읍, 디베랴는 서기 19/20년 건설로 둘 다 서기 30년에 존재한다. 두 도시를 잇는 길이 갈릴리 내륙을 가로지른다.", "license": "Itiner-e (Brughmans, de Soto, Pažout, Bjerregaard Vahlstrup 2024) CC BY 4.0", "id": "galilee-cross#4", "certainty": "confirmed", "segmentName": "Sepphoris-Tiberias", "segmentSource": "Roll 2009", "lengthKm": 109, "certaintyMix": {"confirmed": 4, "probable": 5}, "walkDays": [3, 4]}, "geometry": {"type": "MultiLineString", "coordinates": [[[35.27631, 32.77018], [35.27941, 32.77129], [35.27998, 32.77197], [35.28416, 32.77259], [35.30008, 32.77066], [35.31387, 32.76805], [35.33808, 32.77186], [35.35993, 32.77268], [35.37883, 32.77659], [35.39301, 32.77558], [35.40979, 32.78254], [35.42567, 32.79077], [35.42672, 32.79169], [35.42727, 32.79334], [35.42819, 32.79455], [35.43224, 32.79584], [35.44046, 32.79751], [35.45167, 32.79688], [35.47107, 32.79452]]]}}, {"type": "Feature", "properties": {"roadId": "galilee-cross", "nameKo": "갈릴리 횡단로", "nameEn": "Galilee cross route", "routeType": "regional", "activeC30": true, "region": "Galilee", "periodStart": null, "periodEnd": null, "via": ["돌레마이", "세포리스", "디베랴"], "relatedPlaces": ["돌레마이", "세포리스", "디베랴"], "relatedVerses": ["마 4:23", "요 2:1-11"], "sourceIds": ["itinere-2024", "pleiades", "josephus"], "noteKo": "항구 돌레마이에서 갈릴리 내륙을 거쳐 갈릴리 호수로 나가는 길이다. 가나·나사렛이 이 길목 가까이에 있다.", "c30Basis": "세포리스는 안티파스의 첫 도읍, 디베랴는 서기 19/20년 건설로 둘 다 서기 30년에 존재한다. 두 도시를 잇는 길이 갈릴리 내륙을 가로지른다.", "license": "Itiner-e (Brughmans, de Soto, Pažout, Bjerregaard Vahlstrup 2024) CC BY 4.0", "id": "galilee-cross#5", "certainty": "probable", "segmentName": "Sepphoris-Tiberias", "segmentSource": "Roll 2009, TIR Iudaea-Palaestina", "lengthKm": 109, "certaintyMix": {"confirmed": 4, "probable": 5}, "walkDays": [3, 4]}, "geometry": {"type": "MultiLineString", "coordinates": [[[35.47107, 32.79452], [35.49467, 32.78439], [35.50466, 32.77688], [35.51186, 32.77447], [35.51699, 32.77367], [35.52212, 32.77344], [35.52251, 32.77414], [35.52324, 32.77433], [35.52225, 32.77618], [35.52329, 32.77627], [35.52319, 32.77733], [35.52855, 32.77924], [35.52906, 32.78132], [35.53281, 32.78154], [35.535, 32.78254], [35.53626, 32.78391], [35.53897, 32.78425], [35.54215, 32.78158]]]}}, {"type": "Feature", "properties": {"roadId": "galilee-cross", "nameKo": "갈릴리 횡단로", "nameEn": "Galilee cross route", "routeType": "regional", "activeC30": true, "region": "Galilee", "periodStart": null, "periodEnd": null, "via": ["돌레마이", "세포리스", "디베랴"], "relatedPlaces": ["돌레마이", "세포리스", "디베랴"], "relatedVerses": ["마 4:23", "요 2:1-11"], "sourceIds": ["itinere-2024", "pleiades", "josephus"], "noteKo": "항구 돌레마이에서 갈릴리 내륙을 거쳐 갈릴리 호수로 나가는 길이다. 가나·나사렛이 이 길목 가까이에 있다.", "c30Basis": "세포리스는 안티파스의 첫 도읍, 디베랴는 서기 19/20년 건설로 둘 다 서기 30년에 존재한다. 두 도시를 잇는 길이 갈릴리 내륙을 가로지른다.", "license": "Itiner-e (Brughmans, de Soto, Pažout, Bjerregaard Vahlstrup 2024) CC BY 4.0", "id": "galilee-cross#6", "certainty": "probable", "segmentName": "Ptolemais-Sea of Galilee", "segmentSource": "Leibner 2009, Roll 2009", "lengthKm": 109, "certaintyMix": {"confirmed": 4, "probable": 5}, "walkDays": [3, 4]}, "geometry": {"type": "MultiLineString", "coordinates": [[[35.09102, 32.91786], [35.11341, 32.91779], [35.12559, 32.91582], [35.13298, 32.91318], [35.13622, 32.91318], [35.14117, 32.91425], [35.14636, 32.91454], [35.16092, 32.91206], [35.17296, 32.91167], [35.18198, 32.91229], [35.18611, 32.91322], [35.19294, 32.9139], [35.20048, 32.9139], [35.2118, 32.91156], [35.21898, 32.91255], [35.221, 32.91355], [35.22173, 32.91442], [35.2249, 32.91451], [35.24916, 32.91958], [35.25703, 32.92011], [35.26089, 32.91928], [35.2676, 32.91953], [35.28474, 32.92431], [35.29467, 32.92547], [35.30211, 32.92396], [35.30576, 32.92405], [35.3137, 32.92712], [35.31672, 32.92714], [35.32415, 32.92835], [35.32961, 32.93075], [35.33864, 32.93011], [35.35604, 32.93694], [35.36249, 32.93758], [35.36705, 32.93504], [35.36833, 32.93276], [35.37003, 32.93184], [35.37531, 32.93058], [35.37757, 32.93049], [35.38428, 32.93116], [35.38729, 32.93024], [35.39108, 32.92803], [35.39678, 32.92779], [35.40354, 32.92806], [35.40573, 32.92749], [35.40673, 32.92806], [35.41096, 32.92826], [35.41205, 32.92915], [35.41267, 32.93093], [35.41567, 32.93474], [35.41799, 32.93594], [35.42359, 32.93696], [35.428, 32.93614], [35.43036, 32.93374], [35.43058, 32.93275], [35.43191, 32.93169], [35.44204, 32.93011], [35.44643, 32.92989], [35.45068, 32.92727], [35.45447, 32.92572], [35.45692, 32.92422], [35.4689, 32.92016], [35.47516, 32.91546], [35.47561, 32.91545], [35.47689, 32.914], [35.47752, 32.91405], [35.4785, 32.91321], [35.47911, 32.91386], [35.48155, 32.91023], [35.48247, 32.90929], [35.48374, 32.90871], [35.48631, 32.90988], [35.48799, 32.9101], [35.48859, 32.90977], [35.49009, 32.91055], [35.49182, 32.91071], [35.49359, 32.9131], [35.49563, 32.9142], [35.49671, 32.91436], [35.50113, 32.9135], [35.5014, 32.91483], [35.50464, 32.91612], [35.50713, 32.91565], [35.53524, 32.91936]]]}}, {"type": "Feature", "properties": {"roadId": "galilee-cross", "nameKo": "갈릴리 횡단로", "nameEn": "Galilee cross route", "routeType": "regional", "activeC30": true, "region": "Galilee", "periodStart": null, "periodEnd": null, "via": ["돌레마이", "세포리스", "디베랴"], "relatedPlaces": ["돌레마이", "세포리스", "디베랴"], "relatedVerses": ["마 4:23", "요 2:1-11"], "sourceIds": ["itinere-2024", "pleiades", "josephus"], "noteKo": "항구 돌레마이에서 갈릴리 내륙을 거쳐 갈릴리 호수로 나가는 길이다. 가나·나사렛이 이 길목 가까이에 있다.", "c30Basis": "세포리스는 안티파스의 첫 도읍, 디베랴는 서기 19/20년 건설로 둘 다 서기 30년에 존재한다. 두 도시를 잇는 길이 갈릴리 내륙을 가로지른다.", "license": "Itiner-e (Brughmans, de Soto, Pažout, Bjerregaard Vahlstrup 2024) CC BY 4.0", "id": "galilee-cross#7", "certainty": "probable", "segmentName": "Ptolemais-Sea of Galilee", "segmentSource": "Leibner 2009, Roll 2009", "lengthKm": 109, "certaintyMix": {"confirmed": 4, "probable": 5}, "walkDays": [3, 4]}, "geometry": {"type": "MultiLineString", "coordinates": [[[35.53524, 32.91936], [35.53784, 32.92052], [35.54202, 32.92166], [35.54754, 32.92505], [35.55942, 32.92753]]]}}, {"type": "Feature", "properties": {"roadId": "galilee-cross", "nameKo": "갈릴리 횡단로", "nameEn": "Galilee cross route", "routeType": "regional", "activeC30": true, "region": "Galilee", "periodStart": null, "periodEnd": null, "via": ["돌레마이", "세포리스", "디베랴"], "relatedPlaces": ["돌레마이", "세포리스", "디베랴"], "relatedVerses": ["마 4:23", "요 2:1-11"], "sourceIds": ["itinere-2024", "pleiades", "josephus"], "noteKo": "항구 돌레마이에서 갈릴리 내륙을 거쳐 갈릴리 호수로 나가는 길이다. 가나·나사렛이 이 길목 가까이에 있다.", "c30Basis": "세포리스는 안티파스의 첫 도읍, 디베랴는 서기 19/20년 건설로 둘 다 서기 30년에 존재한다. 두 도시를 잇는 길이 갈릴리 내륙을 가로지른다.", "license": "Itiner-e (Brughmans, de Soto, Pažout, Bjerregaard Vahlstrup 2024) CC BY 4.0", "id": "galilee-cross#8", "certainty": "confirmed", "segmentName": "Ptolemais-Sea of Galilee", "segmentSource": "Leibner 2009", "lengthKm": 109, "certaintyMix": {"confirmed": 4, "probable": 5}, "walkDays": [3, 4]}, "geometry": {"type": "MultiLineString", "coordinates": [[[35.55942, 32.92753], [35.56686, 32.92787], [35.57415, 32.92876], [35.58608, 32.92433], [35.59237, 32.92253], [35.59834, 32.91953], [35.59944, 32.91303], [35.59913, 32.90743], [35.59965, 32.90294], [35.59849, 32.89866], [35.59968, 32.8939]]]}}, {"type": "Feature", "properties": {"roadId": "galilee-damascus", "nameKo": "갈릴리–다메섹 연결로", "nameEn": "Galilee–Damascus road", "routeType": "trunk", "activeC30": true, "region": "Upper Galilee/Gaulanitis", "periodStart": null, "periodEnd": null, "via": ["두로", "가이사랴 빌립보", "다메섹"], "relatedPlaces": ["두로", "가이사랴 빌립보", "다메섹"], "relatedVerses": ["마 16:13", "막 8:27", "행 9:1-8"], "sourceIds": ["itinere-2024", "pleiades", "josephus"], "noteKo": "갈릴리 북쪽에서 훌라 계곡을 지나 다메섹으로 이어진다. Itiner-e 가 서기 130년으로 연대를 적은 율리아스–파네아스 구간은 이 층에서 뺐다.", "c30Basis": "파네아스(가이사랴 빌립보)는 빌립이 기원전 2년에 다시 세워 서기 30년에 존재한다. 훌라 계곡을 지나 다메섹으로 가는 통로는 오래된 국제 노선이다.", "license": "Itiner-e (Brughmans, de Soto, Pažout, Bjerregaard Vahlstrup 2024) CC BY 4.0", "id": "galilee-damascus#0", "certainty": "probable", "segmentName": "Tyre-Sea of Galilee", "segmentSource": "Roll 2009", "lengthKm": 185, "certaintyMix": {"confirmed": 5, "probable": 10}, "walkDays": [5, 7]}, "geometry": {"type": "MultiLineString", "coordinates": [[[35.53593, 32.86473], [35.53652, 32.86815], [35.53794, 32.87035], [35.53961, 32.87173], [35.53787, 32.87386], [35.53818, 32.87864], [35.5393, 32.87907], [35.54086, 32.88036], [35.54058, 32.88381], [35.53611, 32.8869], [35.53661, 32.88706], [35.53529, 32.88882], [35.53429, 32.89463], [35.53533, 32.90047], [35.53692, 32.90384], [35.53654, 32.90454], [35.53496, 32.90538], [35.53488, 32.9058], [35.5368, 32.90755], [35.53814, 32.91169], [35.53779, 32.9146], [35.53633, 32.9179], [35.53524, 32.91936]]]}}, {"type": "Feature", "properties": {"roadId": "galilee-damascus", "nameKo": "갈릴리–다메섹 연결로", "nameEn": "Galilee–Damascus road", "routeType": "trunk", "activeC30": true, "region": "Upper Galilee/Gaulanitis", "periodStart": null, "periodEnd": null, "via": ["두로", "가이사랴 빌립보", "다메섹"], "relatedPlaces": ["두로", "가이사랴 빌립보", "다메섹"], "relatedVerses": ["마 16:13", "막 8:27", "행 9:1-8"], "sourceIds": ["itinere-2024", "pleiades", "josephus"], "noteKo": "갈릴리 북쪽에서 훌라 계곡을 지나 다메섹으로 이어진다. Itiner-e 가 서기 130년으로 연대를 적은 율리아스–파네아스 구간은 이 층에서 뺐다.", "c30Basis": "파네아스(가이사랴 빌립보)는 빌립이 기원전 2년에 다시 세워 서기 30년에 존재한다. 훌라 계곡을 지나 다메섹으로 가는 통로는 오래된 국제 노선이다.", "license": "Itiner-e (Brughmans, de Soto, Pažout, Bjerregaard Vahlstrup 2024) CC BY 4.0", "id": "galilee-damascus#1", "certainty": "probable", "segmentName": "Tyre-Sea of Galilee", "segmentSource": "Roll 2009", "lengthKm": 185, "certaintyMix": {"confirmed": 5, "probable": 10}, "walkDays": [5, 7]}, "geometry": {"type": "MultiLineString", "coordinates": [[[35.53524, 32.91936], [35.53537, 32.92104], [35.54284, 32.93105], [35.54359, 32.93321], [35.54335, 32.93423], [35.54402, 32.9369], [35.54359, 32.94016], [35.54378, 32.94284], [35.54505, 32.94657], [35.54708, 32.94934], [35.55033, 32.9524], [35.55261, 32.95336], [35.55405, 32.95651], [35.55572, 32.95877], [35.55568, 32.9597], [35.55672, 32.96005], [35.55655, 32.96076], [35.5576, 32.96257], [35.5617, 32.96776], [35.56911, 32.97419], [35.57114, 32.9826], [35.57095, 32.98733], [35.57003, 32.99101], [35.57045, 33.00215], [35.57002, 33.00761], [35.56723, 33.01059], [35.5657, 33.01554]]]}}, {"type": "Feature", "properties": {"roadId": "galilee-damascus", "nameKo": "갈릴리–다메섹 연결로", "nameEn": "Galilee–Damascus road", "routeType": "trunk", "activeC30": true, "region": "Upper Galilee/Gaulanitis", "periodStart": null, "periodEnd": null, "via": ["두로", "가이사랴 빌립보", "다메섹"], "relatedPlaces": ["두로", "가이사랴 빌립보", "다메섹"], "relatedVerses": ["마 16:13", "막 8:27", "행 9:1-8"], "sourceIds": ["itinere-2024", "pleiades", "josephus"], "noteKo": "갈릴리 북쪽에서 훌라 계곡을 지나 다메섹으로 이어진다. Itiner-e 가 서기 130년으로 연대를 적은 율리아스–파네아스 구간은 이 층에서 뺐다.", "c30Basis": "파네아스(가이사랴 빌립보)는 빌립이 기원전 2년에 다시 세워 서기 30년에 존재한다. 훌라 계곡을 지나 다메섹으로 가는 통로는 오래된 국제 노선이다.", "license": "Itiner-e (Brughmans, de Soto, Pažout, Bjerregaard Vahlstrup 2024) CC BY 4.0", "id": "galilee-damascus#2", "certainty": "probable", "segmentName": "Tyre-Sea of Galilee", "segmentSource": "Roll 2009", "lengthKm": 185, "certaintyMix": {"confirmed": 5, "probable": 10}, "walkDays": [5, 7]}, "geometry": {"type": "MultiLineString", "coordinates": [[[35.57426, 33.05791], [35.57672, 33.0719], [35.575, 33.08246], [35.57507, 33.09326], [35.57406, 33.1032], [35.57228, 33.11241], [35.57091, 33.12948], [35.56989, 33.13545], [35.57073, 33.14108], [35.57079, 33.15109], [35.57245, 33.15583], [35.56983, 33.16332], [35.57047, 33.16795], [35.56987, 33.16991], [35.56691, 33.17317], [35.56568, 33.18194], [35.56647, 33.18522], [35.56633, 33.1874], [35.56687, 33.19154], [35.56907, 33.19404], [35.56941, 33.20521], [35.57133, 33.21803], [35.57457, 33.22165], [35.57759, 33.22618], [35.57883, 33.23303], [35.58201, 33.23966], [35.58335, 33.24463]]]}}, {"type": "Feature", "properties": {"roadId": "galilee-damascus", "nameKo": "갈릴리–다메섹 연결로", "nameEn": "Galilee–Damascus road", "routeType": "trunk", "activeC30": true, "region": "Upper Galilee/Gaulanitis", "periodStart": null, "periodEnd": null, "via": ["두로", "가이사랴 빌립보", "다메섹"], "relatedPlaces": ["두로", "가이사랴 빌립보", "다메섹"], "relatedVerses": ["마 16:13", "막 8:27", "행 9:1-8"], "sourceIds": ["itinere-2024", "pleiades", "josephus"], "noteKo": "갈릴리 북쪽에서 훌라 계곡을 지나 다메섹으로 이어진다. Itiner-e 가 서기 130년으로 연대를 적은 율리아스–파네아스 구간은 이 층에서 뺐다.", "c30Basis": "파네아스(가이사랴 빌립보)는 빌립이 기원전 2년에 다시 세워 서기 30년에 존재한다. 훌라 계곡을 지나 다메섹으로 가는 통로는 오래된 국제 노선이다.", "license": "Itiner-e (Brughmans, de Soto, Pažout, Bjerregaard Vahlstrup 2024) CC BY 4.0", "id": "galilee-damascus#3", "certainty": "probable", "segmentName": "Tyre-Sea of Galilee", "segmentSource": "Roll 2009", "lengthKm": 185, "certaintyMix": {"confirmed": 5, "probable": 10}, "walkDays": [5, 7]}, "geometry": {"type": "MultiLineString", "coordinates": [[[35.5657, 33.01554], [35.56935, 33.01603], [35.57121, 33.0179], [35.57127, 33.0212], [35.57286, 33.02747], [35.57261, 33.03379], [35.57292, 33.03735], [35.57194, 33.0422], [35.57224, 33.04643], [35.57426, 33.05791]]]}}, {"type": "Feature", "properties": {"roadId": "galilee-damascus", "nameKo": "갈릴리–다메섹 연결로", "nameEn": "Galilee–Damascus road", "routeType": "trunk", "activeC30": true, "region": "Upper Galilee/Gaulanitis", "periodStart": null, "periodEnd": null, "via": ["두로", "가이사랴 빌립보", "다메섹"], "relatedPlaces": ["두로", "가이사랴 빌립보", "다메섹"], "relatedVerses": ["마 16:13", "막 8:27", "행 9:1-8"], "sourceIds": ["itinere-2024", "pleiades", "josephus"], "noteKo": "갈릴리 북쪽에서 훌라 계곡을 지나 다메섹으로 이어진다. Itiner-e 가 서기 130년으로 연대를 적은 율리아스–파네아스 구간은 이 층에서 뺐다.", "c30Basis": "파네아스(가이사랴 빌립보)는 빌립이 기원전 2년에 다시 세워 서기 30년에 존재한다. 훌라 계곡을 지나 다메섹으로 가는 통로는 오래된 국제 노선이다.", "license": "Itiner-e (Brughmans, de Soto, Pažout, Bjerregaard Vahlstrup 2024) CC BY 4.0", "id": "galilee-damascus#4", "certainty": "probable", "segmentName": "Cadasa-Sea of Galilee", "segmentSource": "Roll 2009", "lengthKm": 185, "certaintyMix": {"confirmed": 5, "probable": 10}, "walkDays": [5, 7]}, "geometry": {"type": "MultiLineString", "coordinates": [[[35.53027, 33.11301], [35.53224, 33.11125], [35.53417, 33.10879], [35.5345, 33.10491], [35.54005, 33.10056], [35.54306, 33.09467], [35.54308, 33.09199], [35.54208, 33.08866], [35.54187, 33.08542], [35.54557, 33.08308], [35.54612, 33.08342], [35.54746, 33.08339], [35.5504, 33.08284], [35.55255, 33.08004], [35.55149, 33.07525], [35.55182, 33.07464], [35.55552, 33.07346], [35.55998, 33.07061], [35.56107, 33.06927], [35.56236, 33.06884], [35.56281, 33.0663], [35.56249, 33.06476], [35.56057, 33.06173], [35.561, 33.06008], [35.56267, 33.05777], [35.56651, 33.05839], [35.56881, 33.05923], [35.57026, 33.05917], [35.57426, 33.05791]]]}}, {"type": "Feature", "properties": {"roadId": "galilee-damascus", "nameKo": "갈릴리–다메섹 연결로", "nameEn": "Galilee–Damascus road", "routeType": "trunk", "activeC30": true, "region": "Upper Galilee/Gaulanitis", "periodStart": null, "periodEnd": null, "via": ["두로", "가이사랴 빌립보", "다메섹"], "relatedPlaces": ["두로", "가이사랴 빌립보", "다메섹"], "relatedVerses": ["마 16:13", "막 8:27", "행 9:1-8"], "sourceIds": ["itinere-2024", "pleiades", "josephus"], "noteKo": "갈릴리 북쪽에서 훌라 계곡을 지나 다메섹으로 이어진다. Itiner-e 가 서기 130년으로 연대를 적은 율리아스–파네아스 구간은 이 층에서 뺐다.", "c30Basis": "파네아스(가이사랴 빌립보)는 빌립이 기원전 2년에 다시 세워 서기 30년에 존재한다. 훌라 계곡을 지나 다메섹으로 가는 통로는 오래된 국제 노선이다.", "license": "Itiner-e (Brughmans, de Soto, Pažout, Bjerregaard Vahlstrup 2024) CC BY 4.0", "id": "galilee-damascus#5", "certainty": "probable", "segmentName": "Tyre-Caesarea Paneas", "segmentSource": "Cagnat 1936, TIR Iudaea-Palaestina", "lengthKm": 185, "certaintyMix": {"confirmed": 5, "probable": 10}, "walkDays": [5, 7]}, "geometry": {"type": "MultiLineString", "coordinates": [[[35.62214, 33.23245], [35.60926, 33.24257], [35.59961, 33.24505], [35.58335, 33.24463]]]}}, {"type": "Feature", "properties": {"roadId": "galilee-damascus", "nameKo": "갈릴리–다메섹 연결로", "nameEn": "Galilee–Damascus road", "routeType": "trunk", "activeC30": true, "region": "Upper Galilee/Gaulanitis", "periodStart": null, "periodEnd": null, "via": ["두로", "가이사랴 빌립보", "다메섹"], "relatedPlaces": ["두로", "가이사랴 빌립보", "다메섹"], "relatedVerses": ["마 16:13", "막 8:27", "행 9:1-8"], "sourceIds": ["itinere-2024", "pleiades", "josephus"], "noteKo": "갈릴리 북쪽에서 훌라 계곡을 지나 다메섹으로 이어진다. Itiner-e 가 서기 130년으로 연대를 적은 율리아스–파네아스 구간은 이 층에서 뺐다.", "c30Basis": "파네아스(가이사랴 빌립보)는 빌립이 기원전 2년에 다시 세워 서기 30년에 존재한다. 훌라 계곡을 지나 다메섹으로 가는 통로는 오래된 국제 노선이다.", "license": "Itiner-e (Brughmans, de Soto, Pažout, Bjerregaard Vahlstrup 2024) CC BY 4.0", "id": "galilee-damascus#6", "certainty": "probable", "segmentName": "Tyre-Caesarea Paneas", "segmentSource": "Cagnat 1936, TIR Iudaea-Palaestina", "lengthKm": 185, "certaintyMix": {"confirmed": 5, "probable": 10}, "walkDays": [5, 7]}, "geometry": {"type": "MultiLineString", "coordinates": [[[35.58335, 33.24463], [35.57854, 33.24551], [35.57655, 33.24767], [35.57542, 33.24818], [35.56832, 33.24937], [35.56645, 33.24826], [35.5654, 33.24865], [35.56336, 33.24823], [35.56285, 33.24756], [35.55954, 33.24569], [35.55826, 33.2477], [35.55412, 33.25025], [35.55289, 33.25225], [35.55046, 33.2529], [35.54987, 33.25375], [35.5488, 33.25376], [35.54799, 33.25501], [35.54192, 33.25405], [35.53979, 33.25488], [35.53383, 33.2545], [35.53063, 33.25307], [35.52498, 33.25299], [35.52329, 33.2534], [35.51851, 33.2531], [35.5137, 33.25371], [35.51103, 33.2545], [35.50793, 33.25742], [35.50627, 33.25969], [35.5062, 33.26071], [35.50489, 33.26062], [35.5041, 33.25968], [35.49728, 33.25974], [35.4925, 33.26056], [35.49002, 33.26144], [35.47774, 33.26413], [35.47062, 33.27009], [35.46848, 33.2711], [35.46558, 33.27148], [35.46333, 33.27109], [35.46369, 33.27062], [35.46243, 33.27027], [35.46037, 33.27189], [35.45928, 33.27212], [35.45795, 33.27462], [35.4577, 33.277], [35.45855, 33.27995], [35.45764, 33.28078], [35.45314, 33.28209], [35.45125, 33.28229], [35.45074, 33.28183], [35.44624, 33.28482], [35.44368, 33.28596], [35.44229, 33.28574], [35.44097, 33.28477], [35.43968, 33.28261], [35.43421, 33.27964], [35.43387, 33.27692], [35.43419, 33.27472], [35.43266, 33.27339], [35.43117, 33.27095], [35.42868, 33.26931], [35.42702, 33.26913], [35.42406, 33.26803], [35.42091, 33.26862], [35.41789, 33.26858], [35.41625, 33.26929], [35.41176, 33.26959], [35.40904, 33.27149], [35.40362, 33.27345], [35.39918, 33.27762], [35.3972, 33.28023], [35.39324, 33.28152], [35.3885, 33.28079], [35.38615, 33.27978], [35.38294, 33.27721], [35.38093, 33.27705], [35.37889, 33.27638], [35.36761, 33.27778], [35.36503, 33.27912], [35.3593, 33.27904], [35.35667, 33.28067], [35.35351, 33.28109], [35.3479, 33.28091], [35.34501, 33.28219], [35.34207, 33.28261], [35.33765, 33.28543], [35.3346, 33.28542], [35.33104, 33.28761], [35.32577, 33.29018], [35.3237, 33.29063], [35.3212, 33.29298], [35.3196, 33.29591], [35.3195, 33.29828], [35.31799, 33.29945], [35.31199, 33.30043], [35.3108, 33.29996], [35.30687, 33.3011], [35.2984, 33.30214], [35.29457, 33.30165], [35.28431, 33.29929], [35.28102, 33.30063], [35.27882, 33.30275], [35.27747, 33.3033]]]}}, {"type": "Feature", "properties": {"roadId": "galilee-damascus", "nameKo": "갈릴리–다메섹 연결로", "nameEn": "Galilee–Damascus road", "routeType": "trunk", "activeC30": true, "region": "Upper Galilee/Gaulanitis", "periodStart": null, "periodEnd": null, "via": ["두로", "가이사랴 빌립보", "다메섹"], "relatedPlaces": ["두로", "가이사랴 빌립보", "다메섹"], "relatedVerses": ["마 16:13", "막 8:27", "행 9:1-8"], "sourceIds": ["itinere-2024", "pleiades", "josephus"], "noteKo": "갈릴리 북쪽에서 훌라 계곡을 지나 다메섹으로 이어진다. Itiner-e 가 서기 130년으로 연대를 적은 율리아스–파네아스 구간은 이 층에서 뺐다.", "c30Basis": "파네아스(가이사랴 빌립보)는 빌립이 기원전 2년에 다시 세워 서기 30년에 존재한다. 훌라 계곡을 지나 다메섹으로 가는 통로는 오래된 국제 노선이다.", "license": "Itiner-e (Brughmans, de Soto, Pažout, Bjerregaard Vahlstrup 2024) CC BY 4.0", "id": "galilee-damascus#7", "certainty": "confirmed", "segmentName": "Tyre-Caesarea Paneas", "segmentSource": "Cagnat 1936, TIR Iudaea-Palaestina", "lengthKm": 185, "certaintyMix": {"confirmed": 5, "probable": 10}, "walkDays": [5, 7]}, "geometry": {"type": "MultiLineString", "coordinates": [[[35.27747, 33.3033], [35.26592, 33.29662], [35.25556, 33.29153], [35.24318, 33.29048], [35.23129, 33.28537], [35.22441, 33.27138]]]}}, {"type": "Feature", "properties": {"roadId": "galilee-damascus", "nameKo": "갈릴리–다메섹 연결로", "nameEn": "Galilee–Damascus road", "routeType": "trunk", "activeC30": true, "region": "Upper Galilee/Gaulanitis", "periodStart": null, "periodEnd": null, "via": ["두로", "가이사랴 빌립보", "다메섹"], "relatedPlaces": ["두로", "가이사랴 빌립보", "다메섹"], "relatedVerses": ["마 16:13", "막 8:27", "행 9:1-8"], "sourceIds": ["itinere-2024", "pleiades", "josephus"], "noteKo": "갈릴리 북쪽에서 훌라 계곡을 지나 다메섹으로 이어진다. Itiner-e 가 서기 130년으로 연대를 적은 율리아스–파네아스 구간은 이 층에서 뺐다.", "c30Basis": "파네아스(가이사랴 빌립보)는 빌립이 기원전 2년에 다시 세워 서기 30년에 존재한다. 훌라 계곡을 지나 다메섹으로 가는 통로는 오래된 국제 노선이다.", "license": "Itiner-e (Brughmans, de Soto, Pažout, Bjerregaard Vahlstrup 2024) CC BY 4.0", "id": "galilee-damascus#8", "certainty": "confirmed", "segmentName": "Tyre-Caesarea Paneas", "segmentSource": "Cagnat 1936, TIR Iudaea-Palaestina", "lengthKm": 185, "certaintyMix": {"confirmed": 5, "probable": 10}, "walkDays": [5, 7]}, "geometry": {"type": "MultiLineString", "coordinates": [[[35.69346, 33.24753], [35.67717, 33.24744], [35.66974, 33.2467], [35.65885, 33.23688], [35.64904, 33.23269], [35.62214, 33.23245]]]}}, {"type": "Feature", "properties": {"roadId": "galilee-damascus", "nameKo": "갈릴리–다메섹 연결로", "nameEn": "Galilee–Damascus road", "routeType": "trunk", "activeC30": true, "region": "Upper Galilee/Gaulanitis", "periodStart": null, "periodEnd": null, "via": ["두로", "가이사랴 빌립보", "다메섹"], "relatedPlaces": ["두로", "가이사랴 빌립보", "다메섹"], "relatedVerses": ["마 16:13", "막 8:27", "행 9:1-8"], "sourceIds": ["itinere-2024", "pleiades", "josephus"], "noteKo": "갈릴리 북쪽에서 훌라 계곡을 지나 다메섹으로 이어진다. Itiner-e 가 서기 130년으로 연대를 적은 율리아스–파네아스 구간은 이 층에서 뺐다.", "c30Basis": "파네아스(가이사랴 빌립보)는 빌립이 기원전 2년에 다시 세워 서기 30년에 존재한다. 훌라 계곡을 지나 다메섹으로 가는 통로는 오래된 국제 노선이다.", "license": "Itiner-e (Brughmans, de Soto, Pažout, Bjerregaard Vahlstrup 2024) CC BY 4.0", "id": "galilee-damascus#9", "certainty": "probable", "segmentName": "Caesarea Paneas-Damascus", "segmentSource": "Urman 1985, Hartal 2009", "lengthKm": 185, "certaintyMix": {"confirmed": 5, "probable": 10}, "walkDays": [5, 7]}, "geometry": {"type": "MultiLineString", "coordinates": [[[35.78745, 33.20159], [35.77876, 33.20343], [35.77427, 33.20598], [35.77331, 33.20881], [35.77137, 33.20987], [35.77069, 33.21187]]]}}, {"type": "Feature", "properties": {"roadId": "galilee-damascus", "nameKo": "갈릴리–다메섹 연결로", "nameEn": "Galilee–Damascus road", "routeType": "trunk", "activeC30": true, "region": "Upper Galilee/Gaulanitis", "periodStart": null, "periodEnd": null, "via": ["두로", "가이사랴 빌립보", "다메섹"], "relatedPlaces": ["두로", "가이사랴 빌립보", "다메섹"], "relatedVerses": ["마 16:13", "막 8:27", "행 9:1-8"], "sourceIds": ["itinere-2024", "pleiades", "josephus"], "noteKo": "갈릴리 북쪽에서 훌라 계곡을 지나 다메섹으로 이어진다. Itiner-e 가 서기 130년으로 연대를 적은 율리아스–파네아스 구간은 이 층에서 뺐다.", "c30Basis": "파네아스(가이사랴 빌립보)는 빌립이 기원전 2년에 다시 세워 서기 30년에 존재한다. 훌라 계곡을 지나 다메섹으로 가는 통로는 오래된 국제 노선이다.", "license": "Itiner-e (Brughmans, de Soto, Pažout, Bjerregaard Vahlstrup 2024) CC BY 4.0", "id": "galilee-damascus#10", "certainty": "confirmed", "segmentName": "Caesarea Paneas-Damascus", "segmentSource": "Urman 1985, Hartal 2009", "lengthKm": 185, "certaintyMix": {"confirmed": 5, "probable": 10}, "walkDays": [5, 7]}, "geometry": {"type": "MultiLineString", "coordinates": [[[35.77069, 33.21187], [35.76793, 33.2133], [35.76633, 33.21341], [35.762, 33.21534], [35.76115, 33.21532], [35.75941, 33.21603], [35.7535, 33.21954], [35.7497, 33.22128], [35.74722, 33.22127], [35.74461, 33.22071], [35.74242, 33.21915], [35.73559, 33.21624], [35.73118, 33.21687], [35.72434, 33.21712], [35.7217, 33.21871]]]}}, {"type": "Feature", "properties": {"roadId": "galilee-damascus", "nameKo": "갈릴리–다메섹 연결로", "nameEn": "Galilee–Damascus road", "routeType": "trunk", "activeC30": true, "region": "Upper Galilee/Gaulanitis", "periodStart": null, "periodEnd": null, "via": ["두로", "가이사랴 빌립보", "다메섹"], "relatedPlaces": ["두로", "가이사랴 빌립보", "다메섹"], "relatedVerses": ["마 16:13", "막 8:27", "행 9:1-8"], "sourceIds": ["itinere-2024", "pleiades", "josephus"], "noteKo": "갈릴리 북쪽에서 훌라 계곡을 지나 다메섹으로 이어진다. Itiner-e 가 서기 130년으로 연대를 적은 율리아스–파네아스 구간은 이 층에서 뺐다.", "c30Basis": "파네아스(가이사랴 빌립보)는 빌립이 기원전 2년에 다시 세워 서기 30년에 존재한다. 훌라 계곡을 지나 다메섹으로 가는 통로는 오래된 국제 노선이다.", "license": "Itiner-e (Brughmans, de Soto, Pažout, Bjerregaard Vahlstrup 2024) CC BY 4.0", "id": "galilee-damascus#11", "certainty": "confirmed", "segmentName": "Caesarea Paneas-Damascus", "segmentSource": "Urman 1985, Hartal 2009", "lengthKm": 185, "certaintyMix": {"confirmed": 5, "probable": 10}, "walkDays": [5, 7]}, "geometry": {"type": "MultiLineString", "coordinates": [[[35.69234, 33.24447], [35.69287, 33.24499], [35.69346, 33.24753]]]}}, {"type": "Feature", "properties": {"roadId": "galilee-damascus", "nameKo": "갈릴리–다메섹 연결로", "nameEn": "Galilee–Damascus road", "routeType": "trunk", "activeC30": true, "region": "Upper Galilee/Gaulanitis", "periodStart": null, "periodEnd": null, "via": ["두로", "가이사랴 빌립보", "다메섹"], "relatedPlaces": ["두로", "가이사랴 빌립보", "다메섹"], "relatedVerses": ["마 16:13", "막 8:27", "행 9:1-8"], "sourceIds": ["itinere-2024", "pleiades", "josephus"], "noteKo": "갈릴리 북쪽에서 훌라 계곡을 지나 다메섹으로 이어진다. Itiner-e 가 서기 130년으로 연대를 적은 율리아스–파네아스 구간은 이 층에서 뺐다.", "c30Basis": "파네아스(가이사랴 빌립보)는 빌립이 기원전 2년에 다시 세워 서기 30년에 존재한다. 훌라 계곡을 지나 다메섹으로 가는 통로는 오래된 국제 노선이다.", "license": "Itiner-e (Brughmans, de Soto, Pažout, Bjerregaard Vahlstrup 2024) CC BY 4.0", "id": "galilee-damascus#12", "certainty": "confirmed", "segmentName": "Caesarea Paneas-Damascus", "segmentSource": "Urman 1985, Hartal 2009", "lengthKm": 185, "certaintyMix": {"confirmed": 5, "probable": 10}, "walkDays": [5, 7]}, "geometry": {"type": "MultiLineString", "coordinates": [[[35.70171, 33.23113], [35.70109, 33.23229], [35.6999, 33.23301], [35.69611, 33.23366], [35.69382, 33.23449], [35.69336, 33.23545], [35.69336, 33.23691], [35.69398, 33.23805], [35.69401, 33.2396], [35.69229, 33.24222], [35.69234, 33.24447]]]}}, {"type": "Feature", "properties": {"roadId": "galilee-damascus", "nameKo": "갈릴리–다메섹 연결로", "nameEn": "Galilee–Damascus road", "routeType": "trunk", "activeC30": true, "region": "Upper Galilee/Gaulanitis", "periodStart": null, "periodEnd": null, "via": ["두로", "가이사랴 빌립보", "다메섹"], "relatedPlaces": ["두로", "가이사랴 빌립보", "다메섹"], "relatedVerses": ["마 16:13", "막 8:27", "행 9:1-8"], "sourceIds": ["itinere-2024", "pleiades", "josephus"], "noteKo": "갈릴리 북쪽에서 훌라 계곡을 지나 다메섹으로 이어진다. Itiner-e 가 서기 130년으로 연대를 적은 율리아스–파네아스 구간은 이 층에서 뺐다.", "c30Basis": "파네아스(가이사랴 빌립보)는 빌립이 기원전 2년에 다시 세워 서기 30년에 존재한다. 훌라 계곡을 지나 다메섹으로 가는 통로는 오래된 국제 노선이다.", "license": "Itiner-e (Brughmans, de Soto, Pažout, Bjerregaard Vahlstrup 2024) CC BY 4.0", "id": "galilee-damascus#13", "certainty": "probable", "segmentName": "Caesarea Paneas-Damascus", "segmentSource": "Urman 1985, Hartal 2009", "lengthKm": 185, "certaintyMix": {"confirmed": 5, "probable": 10}, "walkDays": [5, 7]}, "geometry": {"type": "MultiLineString", "coordinates": [[[35.7217, 33.21871], [35.72056, 33.2204], [35.72072, 33.2211], [35.72021, 33.22177], [35.71871, 33.22127], [35.71857, 33.22269], [35.71664, 33.22405], [35.71485, 33.22372], [35.71439, 33.22406], [35.71486, 33.22492], [35.71408, 33.22563], [35.71246, 33.22568], [35.7101, 33.22421], [35.71019, 33.22697], [35.70916, 33.22573], [35.70837, 33.22717], [35.7075, 33.22591], [35.70634, 33.22552], [35.70522, 33.22804], [35.70221, 33.2303], [35.70171, 33.23113]]]}}, {"type": "Feature", "properties": {"roadId": "galilee-damascus", "nameKo": "갈릴리–다메섹 연결로", "nameEn": "Galilee–Damascus road", "routeType": "trunk", "activeC30": true, "region": "Upper Galilee/Gaulanitis", "periodStart": null, "periodEnd": null, "via": ["두로", "가이사랴 빌립보", "다메섹"], "relatedPlaces": ["두로", "가이사랴 빌립보", "다메섹"], "relatedVerses": ["마 16:13", "막 8:27", "행 9:1-8"], "sourceIds": ["itinere-2024", "pleiades", "josephus"], "noteKo": "갈릴리 북쪽에서 훌라 계곡을 지나 다메섹으로 이어진다. Itiner-e 가 서기 130년으로 연대를 적은 율리아스–파네아스 구간은 이 층에서 뺐다.", "c30Basis": "파네아스(가이사랴 빌립보)는 빌립이 기원전 2년에 다시 세워 서기 30년에 존재한다. 훌라 계곡을 지나 다메섹으로 가는 통로는 오래된 국제 노선이다.", "license": "Itiner-e (Brughmans, de Soto, Pažout, Bjerregaard Vahlstrup 2024) CC BY 4.0", "id": "galilee-damascus#14", "certainty": "probable", "segmentName": "Caesarea Paneas-Damascus", "segmentSource": "Urman 1985, Hartal 2009", "lengthKm": 185, "certaintyMix": {"confirmed": 5, "probable": 10}, "walkDays": [5, 7]}, "geometry": {"type": "MultiLineString", "coordinates": [[[35.78745, 33.20159], [35.79288, 33.20335], [35.79617, 33.20257], [35.80402, 33.2046], [35.80827, 33.2069], [35.81322, 33.21075], [35.81553, 33.213], [35.81823, 33.21483], [35.81879, 33.21676], [35.82168, 33.21888], [35.84339, 33.22854], [35.84632, 33.23209], [35.8519, 33.23619], [35.86067, 33.24096], [35.88709, 33.24847], [35.9052, 33.26071], [35.90623, 33.26557], [35.90862, 33.26996], [35.90946, 33.27829], [35.91191, 33.28778], [35.91412, 33.29144], [35.91437, 33.29714], [35.92171, 33.30167], [35.92091, 33.30348], [35.92252, 33.30676], [35.92475, 33.30924], [35.92656, 33.30902], [35.92843, 33.31065], [35.9292, 33.31243], [35.93266, 33.31411], [35.93485, 33.31563], [35.93802, 33.32032], [35.93866, 33.32075], [35.93959, 33.32402], [35.94934, 33.33375], [35.9511, 33.33436], [35.95472, 33.33687], [35.95723, 33.33929], [35.96067, 33.34478], [35.96523, 33.34947], [35.96705, 33.35038], [35.96932, 33.35428], [35.97258, 33.35506], [35.98047, 33.36054], [35.98195, 33.3611], [35.98242, 33.36222], [35.98198, 33.36328], [35.98249, 33.36371], [35.98384, 33.36378], [35.98931, 33.36589], [35.98893, 33.36754], [35.98958, 33.36806], [35.99232, 33.36518], [35.99409, 33.36429], [35.99528, 33.36253], [35.9958, 33.3606], [36.00435, 33.3619], [36.01024, 33.36207], [36.01241, 33.36182], [36.01507, 33.36427], [36.01659, 33.3647], [36.02122, 33.36332], [36.023, 33.36344], [36.03108, 33.36259], [36.03541, 33.36282], [36.0367, 33.36728], [36.03754, 33.36786], [36.04356, 33.36728], [36.04543, 33.3682], [36.05324, 33.36972], [36.0592, 33.3715], [36.06039, 33.3729], [36.06229, 33.37375], [36.06387, 33.37532], [36.06742, 33.37628], [36.07161, 33.37797], [36.07286, 33.38112], [36.07606, 33.38272], [36.0775, 33.38411], [36.07907, 33.3844], [36.08024, 33.38645], [36.08325, 33.38754], [36.08546, 33.38957], [36.08941, 33.3945], [36.09157, 33.39602], [36.09335, 33.39615], [36.09396, 33.39713], [36.09396, 33.39948], [36.09857, 33.40595], [36.10601, 33.40931], [36.12752, 33.41533], [36.14671, 33.42158], [36.15784, 33.43279], [36.19249, 33.4473], [36.24043, 33.47792], [36.27387, 33.49746], [36.29322, 33.51116], [36.3091, 33.51161]]]}}, {"type": "Feature", "properties": {"roadId": "decapolis", "nameKo": "데가볼리·요단 동편 연결로", "nameEn": "Decapolis / Transjordan link", "routeType": "regional", "activeC30": true, "region": "Decapolis/Peraea", "periodStart": null, "periodEnd": null, "via": ["벧산(스구도볼리)", "가다라", "히포스", "거라사", "빌라델비아"], "relatedPlaces": ["벧산(스구도볼리)", "가다라", "히포스", "거라사", "빌라델비아"], "relatedVerses": ["막 5:20", "막 7:31", "마 4:25"], "sourceIds": ["itinere-2024", "pleiades", "josephus"], "noteKo": "갈릴리 호수 동남쪽 데가볼리 도시들을 잇는 길이다. ‘데가볼리에서 큰 무리가 따랐다’(마 4:25)의 배경.", "c30Basis": "데가볼리 도시들은 모두 서기 30년에 존재한다. 가다라·히포·펠라·게라사·필라델피아를 잇는 길은 폼페이우스 이후의 도시망을 따른다. 카피톨리아스(서기 97/98년 건설)를 지나는 구간은 뺐다.", "license": "Itiner-e (Brughmans, de Soto, Pažout, Bjerregaard Vahlstrup 2024) CC BY 4.0", "id": "decapolis#0", "certainty": "confirmed", "segmentName": "Scythopolis-Pella", "segmentSource": "TIR Iudaea-Palaestina", "lengthKm": 271, "certaintyMix": {"confirmed": 20, "probable": 3}, "walkDays": [8, 11]}, "geometry": {"type": "MultiLineString", "coordinates": [[[35.50294, 32.50278], [35.50402, 32.50211], [35.50586, 32.49871], [35.5076, 32.49786], [35.51059, 32.4945], [35.51491, 32.49297], [35.53366, 32.48267], [35.54964, 32.47617], [35.56666, 32.47586], [35.57672, 32.47472], [35.59517, 32.4631]]]}}, {"type": "Feature", "properties": {"roadId": "decapolis", "nameKo": "데가볼리·요단 동편 연결로", "nameEn": "Decapolis / Transjordan link", "routeType": "regional", "activeC30": true, "region": "Decapolis/Peraea", "periodStart": null, "periodEnd": null, "via": ["벧산(스구도볼리)", "가다라", "히포스", "거라사", "빌라델비아"], "relatedPlaces": ["벧산(스구도볼리)", "가다라", "히포스", "거라사", "빌라델비아"], "relatedVerses": ["막 5:20", "막 7:31", "마 4:25"], "sourceIds": ["itinere-2024", "pleiades", "josephus"], "noteKo": "갈릴리 호수 동남쪽 데가볼리 도시들을 잇는 길이다. ‘데가볼리에서 큰 무리가 따랐다’(마 4:25)의 배경.", "c30Basis": "데가볼리 도시들은 모두 서기 30년에 존재한다. 가다라·히포·펠라·게라사·필라델피아를 잇는 길은 폼페이우스 이후의 도시망을 따른다. 카피톨리아스(서기 97/98년 건설)를 지나는 구간은 뺐다.", "license": "Itiner-e (Brughmans, de Soto, Pažout, Bjerregaard Vahlstrup 2024) CC BY 4.0", "id": "decapolis#1", "certainty": "confirmed", "segmentName": "Scythopolis-Pella", "segmentSource": "TIR Iudaea-Palaestina", "lengthKm": 271, "certaintyMix": {"confirmed": 20, "probable": 3}, "walkDays": [8, 11]}, "geometry": {"type": "MultiLineString", "coordinates": [[[35.60094, 32.44498], [35.60313, 32.44661], [35.61484, 32.4492]]]}}, {"type": "Feature", "properties": {"roadId": "decapolis", "nameKo": "데가볼리·요단 동편 연결로", "nameEn": "Decapolis / Transjordan link", "routeType": "regional", "activeC30": true, "region": "Decapolis/Peraea", "periodStart": null, "periodEnd": null, "via": ["벧산(스구도볼리)", "가다라", "히포스", "거라사", "빌라델비아"], "relatedPlaces": ["벧산(스구도볼리)", "가다라", "히포스", "거라사", "빌라델비아"], "relatedVerses": ["막 5:20", "막 7:31", "마 4:25"], "sourceIds": ["itinere-2024", "pleiades", "josephus"], "noteKo": "갈릴리 호수 동남쪽 데가볼리 도시들을 잇는 길이다. ‘데가볼리에서 큰 무리가 따랐다’(마 4:25)의 배경.", "c30Basis": "데가볼리 도시들은 모두 서기 30년에 존재한다. 가다라·히포·펠라·게라사·필라델피아를 잇는 길은 폼페이우스 이후의 도시망을 따른다. 카피톨리아스(서기 97/98년 건설)를 지나는 구간은 뺐다.", "license": "Itiner-e (Brughmans, de Soto, Pažout, Bjerregaard Vahlstrup 2024) CC BY 4.0", "id": "decapolis#2", "certainty": "confirmed", "segmentName": "Scythopolis-Pella", "segmentSource": "TIR Iudaea-Palaestina", "lengthKm": 271, "certaintyMix": {"confirmed": 20, "probable": 3}, "walkDays": [8, 11]}, "geometry": {"type": "MultiLineString", "coordinates": [[[35.59517, 32.4631], [35.5964, 32.44441], [35.59948, 32.44437], [35.60094, 32.44498]]]}}, {"type": "Feature", "properties": {"roadId": "decapolis", "nameKo": "데가볼리·요단 동편 연결로", "nameEn": "Decapolis / Transjordan link", "routeType": "regional", "activeC30": true, "region": "Decapolis/Peraea", "periodStart": null, "periodEnd": null, "via": ["벧산(스구도볼리)", "가다라", "히포스", "거라사", "빌라델비아"], "relatedPlaces": ["벧산(스구도볼리)", "가다라", "히포스", "거라사", "빌라델비아"], "relatedVerses": ["막 5:20", "막 7:31", "마 4:25"], "sourceIds": ["itinere-2024", "pleiades", "josephus"], "noteKo": "갈릴리 호수 동남쪽 데가볼리 도시들을 잇는 길이다. ‘데가볼리에서 큰 무리가 따랐다’(마 4:25)의 배경.", "c30Basis": "데가볼리 도시들은 모두 서기 30년에 존재한다. 가다라·히포·펠라·게라사·필라델피아를 잇는 길은 폼페이우스 이후의 도시망을 따른다. 카피톨리아스(서기 97/98년 건설)를 지나는 구간은 뺐다.", "license": "Itiner-e (Brughmans, de Soto, Pažout, Bjerregaard Vahlstrup 2024) CC BY 4.0", "id": "decapolis#3", "certainty": "confirmed", "segmentName": "Scythopolis-Pella", "segmentSource": "TIR Iudaea-Palaestina", "lengthKm": 271, "certaintyMix": {"confirmed": 20, "probable": 3}, "walkDays": [8, 11]}, "geometry": {"type": "MultiLineString", "coordinates": [[[35.50229, 32.50305], [35.50294, 32.50278]]]}}, {"type": "Feature", "properties": {"roadId": "decapolis", "nameKo": "데가볼리·요단 동편 연결로", "nameEn": "Decapolis / Transjordan link", "routeType": "regional", "activeC30": true, "region": "Decapolis/Peraea", "periodStart": null, "periodEnd": null, "via": ["벧산(스구도볼리)", "가다라", "히포스", "거라사", "빌라델비아"], "relatedPlaces": ["벧산(스구도볼리)", "가다라", "히포스", "거라사", "빌라델비아"], "relatedVerses": ["막 5:20", "막 7:31", "마 4:25"], "sourceIds": ["itinere-2024", "pleiades", "josephus"], "noteKo": "갈릴리 호수 동남쪽 데가볼리 도시들을 잇는 길이다. ‘데가볼리에서 큰 무리가 따랐다’(마 4:25)의 배경.", "c30Basis": "데가볼리 도시들은 모두 서기 30년에 존재한다. 가다라·히포·펠라·게라사·필라델피아를 잇는 길은 폼페이우스 이후의 도시망을 따른다. 카피톨리아스(서기 97/98년 건설)를 지나는 구간은 뺐다.", "license": "Itiner-e (Brughmans, de Soto, Pažout, Bjerregaard Vahlstrup 2024) CC BY 4.0", "id": "decapolis#4", "certainty": "confirmed", "segmentName": "Pella-Gerasa", "segmentSource": "Thomsen 1917, Atallah 2003", "lengthKm": 271, "certaintyMix": {"confirmed": 20, "probable": 3}, "walkDays": [8, 11]}, "geometry": {"type": "MultiLineString", "coordinates": [[[35.61484, 32.4492], [35.61502, 32.44882], [35.61268, 32.44746], [35.61264, 32.44655], [35.61666, 32.44264], [35.61667, 32.44167], [35.61537, 32.43933], [35.61361, 32.43786], [35.6142, 32.43684], [35.61741, 32.43562], [35.6187, 32.43396], [35.61991, 32.43063], [35.62404, 32.42892], [35.62434, 32.42817], [35.62729, 32.42608], [35.63076, 32.42476], [35.63237, 32.422], [35.63579, 32.42236], [35.64415, 32.42085], [35.65155, 32.41817], [35.66661, 32.41757], [35.67648, 32.41091], [35.67841, 32.41056], [35.68035, 32.40969], [35.68257, 32.40719], [35.68292, 32.4059], [35.68671, 32.40322], [35.68619, 32.40307], [35.6868, 32.40107], [35.68504, 32.3994], [35.68604, 32.39832], [35.68755, 32.39769], [35.68806, 32.39604], [35.68904, 32.39498], [35.69708, 32.39411], [35.70036, 32.39262], [35.70425, 32.39238], [35.70577, 32.39054], [35.70826, 32.38844], [35.71406, 32.38527], [35.71584, 32.38549], [35.72023, 32.38451], [35.72288, 32.38481], [35.72421, 32.38444], [35.7265, 32.38282], [35.73434, 32.37962], [35.73652, 32.3766], [35.73626, 32.37457], [35.73699, 32.37303], [35.73925, 32.37208], [35.74078, 32.36969], [35.74021, 32.3681], [35.73902, 32.36724], [35.73918, 32.36675], [35.7409, 32.36652], [35.74135, 32.36523], [35.73938, 32.36374], [35.7401, 32.36258], [35.74201, 32.3617], [35.74383, 32.36175], [35.74477, 32.36012], [35.74446, 32.35966], [35.74336, 32.35935], [35.74248, 32.35581], [35.74177, 32.35465], [35.74256, 32.34997], [35.74535, 32.34764], [35.7481, 32.34692], [35.74849, 32.34611], [35.74991, 32.34525], [35.75199, 32.34315], [35.75608, 32.34166], [35.75639, 32.34002], [35.75558, 32.33884], [35.75562, 32.33796], [35.75706, 32.33629], [35.75976, 32.33508], [35.76651, 32.33478], [35.76887, 32.33557], [35.77249, 32.33491], [35.78019, 32.33526], [35.78925, 32.33273], [35.79238, 32.33063], [35.79669, 32.32953], [35.79895, 32.32822], [35.80841, 32.32732], [35.81015, 32.32582], [35.81174, 32.3227], [35.81278, 32.32162], [35.81763, 32.32196], [35.82244, 32.32012]]]}}, {"type": "Feature", "properties": {"roadId": "decapolis", "nameKo": "데가볼리·요단 동편 연결로", "nameEn": "Decapolis / Transjordan link", "routeType": "regional", "activeC30": true, "region": "Decapolis/Peraea", "periodStart": null, "periodEnd": null, "via": ["벧산(스구도볼리)", "가다라", "히포스", "거라사", "빌라델비아"], "relatedPlaces": ["벧산(스구도볼리)", "가다라", "히포스", "거라사", "빌라델비아"], "relatedVerses": ["막 5:20", "막 7:31", "마 4:25"], "sourceIds": ["itinere-2024", "pleiades", "josephus"], "noteKo": "갈릴리 호수 동남쪽 데가볼리 도시들을 잇는 길이다. ‘데가볼리에서 큰 무리가 따랐다’(마 4:25)의 배경.", "c30Basis": "데가볼리 도시들은 모두 서기 30년에 존재한다. 가다라·히포·펠라·게라사·필라델피아를 잇는 길은 폼페이우스 이후의 도시망을 따른다. 카피톨리아스(서기 97/98년 건설)를 지나는 구간은 뺐다.", "license": "Itiner-e (Brughmans, de Soto, Pažout, Bjerregaard Vahlstrup 2024) CC BY 4.0", "id": "decapolis#5", "certainty": "confirmed", "segmentName": "Pella-Gerasa", "segmentSource": "Thomsen 1917, Atallah 2003", "lengthKm": 271, "certaintyMix": {"confirmed": 20, "probable": 3}, "walkDays": [8, 11]}, "geometry": {"type": "MultiLineString", "coordinates": [[[35.82244, 32.32012], [35.82553, 32.31751], [35.82709, 32.31678], [35.82856, 32.31676], [35.83027, 32.31619], [35.83187, 32.3145], [35.83297, 32.31406], [35.83548, 32.31385], [35.84054, 32.31181], [35.84139, 32.3104], [35.84411, 32.30757], [35.84535, 32.30394], [35.84667, 32.30202], [35.85091, 32.3006], [35.852, 32.29999], [35.85183, 32.29921], [35.85376, 32.29886], [35.85415, 32.29826], [35.8574, 32.29675], [35.86866, 32.29668], [35.87363, 32.29557], [35.87797, 32.29345], [35.88132, 32.29038], [35.8838, 32.2891], [35.88491, 32.2889], [35.88667, 32.28647], [35.88935, 32.28412], [35.89344, 32.28258]]]}}, {"type": "Feature", "properties": {"roadId": "decapolis", "nameKo": "데가볼리·요단 동편 연결로", "nameEn": "Decapolis / Transjordan link", "routeType": "regional", "activeC30": true, "region": "Decapolis/Peraea", "periodStart": null, "periodEnd": null, "via": ["벧산(스구도볼리)", "가다라", "히포스", "거라사", "빌라델비아"], "relatedPlaces": ["벧산(스구도볼리)", "가다라", "히포스", "거라사", "빌라델비아"], "relatedVerses": ["막 5:20", "막 7:31", "마 4:25"], "sourceIds": ["itinere-2024", "pleiades", "josephus"], "noteKo": "갈릴리 호수 동남쪽 데가볼리 도시들을 잇는 길이다. ‘데가볼리에서 큰 무리가 따랐다’(마 4:25)의 배경.", "c30Basis": "데가볼리 도시들은 모두 서기 30년에 존재한다. 가다라·히포·펠라·게라사·필라델피아를 잇는 길은 폼페이우스 이후의 도시망을 따른다. 카피톨리아스(서기 97/98년 건설)를 지나는 구간은 뺐다.", "license": "Itiner-e (Brughmans, de Soto, Pažout, Bjerregaard Vahlstrup 2024) CC BY 4.0", "id": "decapolis#6", "certainty": "confirmed", "segmentName": "Gerasa-Philadelphia", "segmentSource": "Rasson-Seigne and Seigne 1995", "lengthKm": 271, "certaintyMix": {"confirmed": 20, "probable": 3}, "walkDays": [8, 11]}, "geometry": {"type": "MultiLineString", "coordinates": [[[35.89174, 32.27931], [35.8906, 32.27706], [35.89104, 32.27653], [35.89101, 32.27017], [35.88928, 32.26662], [35.89008, 32.26255], [35.88991, 32.26134], [35.88575, 32.25455], [35.88515, 32.2524], [35.88563, 32.24925], [35.88503, 32.24639], [35.88652, 32.24392], [35.88578, 32.24272], [35.88726, 32.24088], [35.88649, 32.23785], [35.88534, 32.23669], [35.88841, 32.235], [35.88867, 32.23345], [35.8906, 32.23147], [35.89098, 32.23085], [35.8909, 32.22968], [35.89239, 32.22835], [35.89303, 32.22692], [35.89278, 32.22521], [35.89102, 32.22261], [35.88922, 32.21735], [35.88961, 32.21627], [35.89184, 32.21392], [35.89334, 32.21305], [35.89381, 32.21198], [35.89347, 32.20904], [35.89249, 32.20665], [35.89013, 32.2039], [35.88849, 32.20051], [35.8887, 32.19912], [35.88695, 32.19623], [35.88698, 32.19339], [35.88646, 32.19183], [35.88424, 32.1894], [35.88374, 32.18391], [35.88589, 32.18048], [35.88954, 32.17914], [35.89307, 32.17696], [35.89562, 32.17484], [35.89577, 32.17332], [35.89709, 32.17296], [35.89727, 32.17134], [35.89877, 32.17112], [35.90018, 32.17161], [35.90311, 32.17057], [35.90618, 32.17026], [35.90829, 32.16838], [35.90937, 32.1666], [35.90855, 32.16557], [35.91182, 32.16258], [35.91277, 32.16091], [35.91021, 32.1602], [35.90672, 32.15546], [35.90396, 32.15348], [35.90451, 32.15213], [35.90443, 32.14832], [35.90504, 32.14575], [35.90639, 32.14603], [35.90703, 32.14543], [35.90673, 32.14407], [35.91014, 32.14055], [35.91098, 32.13788], [35.91329, 32.13495], [35.91511, 32.13176], [35.91401, 32.12941], [35.91353, 32.12439], [35.91525, 32.12198], [35.91625, 32.11539], [35.91743, 32.11137], [35.91878, 32.11054], [35.9163, 32.10626], [35.91446, 32.10496], [35.91386, 32.10389], [35.91733, 32.10047], [35.92023, 32.09879], [35.92187, 32.09885], [35.92343, 32.09835], [35.92533, 32.0966], [35.92653, 32.0963], [35.92725, 32.09268], [35.93136, 32.09162], [35.93295, 32.09029], [35.93004, 32.08771], [35.92971, 32.08503], [35.92686, 32.08065], [35.92254, 32.07779], [35.92054, 32.07221], [35.92034, 32.0688], [35.91717, 32.06411], [35.91385, 32.0617], [35.91095, 32.05384], [35.91118, 32.05113], [35.90842, 32.04446], [35.90797, 32.0401], [35.90899, 32.03501], [35.91079, 32.03329], [35.9149, 32.03116], [35.91806, 32.02719], [35.92001, 32.02635], [35.92019, 32.02372], [35.92143, 32.02155], [35.9216, 32.01978], [35.92005, 32.01718], [35.9183, 32.01577], [35.91815, 32.01398], [35.91907, 32.01139], [35.92003, 32.00644], [35.91777, 32.00092], [35.91881, 31.99665], [35.91697, 31.98715], [35.9189, 31.9774], [35.92356, 31.97054], [35.92618, 31.96214], [35.93126, 31.96004], [35.93211, 31.95875], [35.93268, 31.95667], [35.9316, 31.95578]]]}}, {"type": "Feature", "properties": {"roadId": "decapolis", "nameKo": "데가볼리·요단 동편 연결로", "nameEn": "Decapolis / Transjordan link", "routeType": "regional", "activeC30": true, "region": "Decapolis/Peraea", "periodStart": null, "periodEnd": null, "via": ["벧산(스구도볼리)", "가다라", "히포스", "거라사", "빌라델비아"], "relatedPlaces": ["벧산(스구도볼리)", "가다라", "히포스", "거라사", "빌라델비아"], "relatedVerses": ["막 5:20", "막 7:31", "마 4:25"], "sourceIds": ["itinere-2024", "pleiades", "josephus"], "noteKo": "갈릴리 호수 동남쪽 데가볼리 도시들을 잇는 길이다. ‘데가볼리에서 큰 무리가 따랐다’(마 4:25)의 배경.", "c30Basis": "데가볼리 도시들은 모두 서기 30년에 존재한다. 가다라·히포·펠라·게라사·필라델피아를 잇는 길은 폼페이우스 이후의 도시망을 따른다. 카피톨리아스(서기 97/98년 건설)를 지나는 구간은 뺐다.", "license": "Itiner-e (Brughmans, de Soto, Pažout, Bjerregaard Vahlstrup 2024) CC BY 4.0", "id": "decapolis#7", "certainty": "confirmed", "segmentName": "Scythopolis-Gadara", "segmentSource": "Mittmann 1970, Roll 2002", "lengthKm": 271, "certaintyMix": {"confirmed": 20, "probable": 3}, "walkDays": [8, 11]}, "geometry": {"type": "MultiLineString", "coordinates": [[[35.53784, 32.52884], [35.54975, 32.54133], [35.55305, 32.54371], [35.55579, 32.54725], [35.5574, 32.54842], [35.55811, 32.54838], [35.55879, 32.54885], [35.56295, 32.5536], [35.56701, 32.55619], [35.57576, 32.56087], [35.58904, 32.57137], [35.59946, 32.58231]]]}}, {"type": "Feature", "properties": {"roadId": "decapolis", "nameKo": "데가볼리·요단 동편 연결로", "nameEn": "Decapolis / Transjordan link", "routeType": "regional", "activeC30": true, "region": "Decapolis/Peraea", "periodStart": null, "periodEnd": null, "via": ["벧산(스구도볼리)", "가다라", "히포스", "거라사", "빌라델비아"], "relatedPlaces": ["벧산(스구도볼리)", "가다라", "히포스", "거라사", "빌라델비아"], "relatedVerses": ["막 5:20", "막 7:31", "마 4:25"], "sourceIds": ["itinere-2024", "pleiades", "josephus"], "noteKo": "갈릴리 호수 동남쪽 데가볼리 도시들을 잇는 길이다. ‘데가볼리에서 큰 무리가 따랐다’(마 4:25)의 배경.", "c30Basis": "데가볼리 도시들은 모두 서기 30년에 존재한다. 가다라·히포·펠라·게라사·필라델피아를 잇는 길은 폼페이우스 이후의 도시망을 따른다. 카피톨리아스(서기 97/98년 건설)를 지나는 구간은 뺐다.", "license": "Itiner-e (Brughmans, de Soto, Pažout, Bjerregaard Vahlstrup 2024) CC BY 4.0", "id": "decapolis#8", "certainty": "confirmed", "segmentName": "Scythopolis-Gadara", "segmentSource": "Mittmann 1970, Roll 2002", "lengthKm": 271, "certaintyMix": {"confirmed": 20, "probable": 3}, "walkDays": [8, 11]}, "geometry": {"type": "MultiLineString", "coordinates": [[[35.59946, 32.58231], [35.59977, 32.58633], [35.60949, 32.61315], [35.61279, 32.6175], [35.61586, 32.62052], [35.61874, 32.6221], [35.6195, 32.62337], [35.62292, 32.62516], [35.62501, 32.62592], [35.62774, 32.62564], [35.63035, 32.62732], [35.63322, 32.62692], [35.63367, 32.62718], [35.63385, 32.62906], [35.63477, 32.62954], [35.63645, 32.62949], [35.63696, 32.6286], [35.63783, 32.62854], [35.63825, 32.6291], [35.63794, 32.63064], [35.63878, 32.63123], [35.64038, 32.63539], [35.64349, 32.63737], [35.64745, 32.64285], [35.67362, 32.65425], [35.67491, 32.65562], [35.67769, 32.65679]]]}}, {"type": "Feature", "properties": {"roadId": "decapolis", "nameKo": "데가볼리·요단 동편 연결로", "nameEn": "Decapolis / Transjordan link", "routeType": "regional", "activeC30": true, "region": "Decapolis/Peraea", "periodStart": null, "periodEnd": null, "via": ["벧산(스구도볼리)", "가다라", "히포스", "거라사", "빌라델비아"], "relatedPlaces": ["벧산(스구도볼리)", "가다라", "히포스", "거라사", "빌라델비아"], "relatedVerses": ["막 5:20", "막 7:31", "마 4:25"], "sourceIds": ["itinere-2024", "pleiades", "josephus"], "noteKo": "갈릴리 호수 동남쪽 데가볼리 도시들을 잇는 길이다. ‘데가볼리에서 큰 무리가 따랐다’(마 4:25)의 배경.", "c30Basis": "데가볼리 도시들은 모두 서기 30년에 존재한다. 가다라·히포·펠라·게라사·필라델피아를 잇는 길은 폼페이우스 이후의 도시망을 따른다. 카피톨리아스(서기 97/98년 건설)를 지나는 구간은 뺐다.", "license": "Itiner-e (Brughmans, de Soto, Pažout, Bjerregaard Vahlstrup 2024) CC BY 4.0", "id": "decapolis#9", "certainty": "confirmed", "segmentName": "Tiberias-Gadara", "segmentSource": "Mittmann 1970, Roll 2002", "lengthKm": 271, "certaintyMix": {"confirmed": 20, "probable": 3}, "walkDays": [8, 11]}, "geometry": {"type": "MultiLineString", "coordinates": [[[35.54215, 32.78158], [35.54696, 32.77168], [35.5481, 32.76848], [35.55532, 32.76384], [35.56119, 32.75693], [35.56532, 32.74909], [35.56676, 32.74785], [35.56925, 32.73342], [35.5687, 32.72594], [35.5695, 32.72096], [35.56764, 32.71686], [35.56722, 32.71238], [35.56477, 32.70554]]]}}, {"type": "Feature", "properties": {"roadId": "decapolis", "nameKo": "데가볼리·요단 동편 연결로", "nameEn": "Decapolis / Transjordan link", "routeType": "regional", "activeC30": true, "region": "Decapolis/Peraea", "periodStart": null, "periodEnd": null, "via": ["벧산(스구도볼리)", "가다라", "히포스", "거라사", "빌라델비아"], "relatedPlaces": ["벧산(스구도볼리)", "가다라", "히포스", "거라사", "빌라델비아"], "relatedVerses": ["막 5:20", "막 7:31", "마 4:25"], "sourceIds": ["itinere-2024", "pleiades", "josephus"], "noteKo": "갈릴리 호수 동남쪽 데가볼리 도시들을 잇는 길이다. ‘데가볼리에서 큰 무리가 따랐다’(마 4:25)의 배경.", "c30Basis": "데가볼리 도시들은 모두 서기 30년에 존재한다. 가다라·히포·펠라·게라사·필라델피아를 잇는 길은 폼페이우스 이후의 도시망을 따른다. 카피톨리아스(서기 97/98년 건설)를 지나는 구간은 뺐다.", "license": "Itiner-e (Brughmans, de Soto, Pažout, Bjerregaard Vahlstrup 2024) CC BY 4.0", "id": "decapolis#10", "certainty": "confirmed", "segmentName": "Tiberias-Gadara", "segmentSource": "Mittmann 1970, Roll 2002", "lengthKm": 271, "certaintyMix": {"confirmed": 20, "probable": 3}, "walkDays": [8, 11]}, "geometry": {"type": "MultiLineString", "coordinates": [[[35.56477, 32.70554], [35.56946, 32.70288], [35.59368, 32.69288], [35.60905, 32.68535], [35.62436, 32.68029], [35.62436, 32.67522], [35.6312, 32.67389], [35.63166, 32.67571], [35.63552, 32.6747], [35.63618, 32.67387], [35.63542, 32.6726], [35.63563, 32.67274], [35.63579, 32.6718], [35.63613, 32.67187], [35.63592, 32.67139], [35.63629, 32.67155], [35.63703, 32.67097], [35.63682, 32.67047], [35.63828, 32.67073], [35.64045, 32.66965], [35.64804, 32.66451], [35.66135, 32.65771], [35.6729, 32.65656], [35.67769, 32.65679]]]}}, {"type": "Feature", "properties": {"roadId": "decapolis", "nameKo": "데가볼리·요단 동편 연결로", "nameEn": "Decapolis / Transjordan link", "routeType": "regional", "activeC30": true, "region": "Decapolis/Peraea", "periodStart": null, "periodEnd": null, "via": ["벧산(스구도볼리)", "가다라", "히포스", "거라사", "빌라델비아"], "relatedPlaces": ["벧산(스구도볼리)", "가다라", "히포스", "거라사", "빌라델비아"], "relatedVerses": ["막 5:20", "막 7:31", "마 4:25"], "sourceIds": ["itinere-2024", "pleiades", "josephus"], "noteKo": "갈릴리 호수 동남쪽 데가볼리 도시들을 잇는 길이다. ‘데가볼리에서 큰 무리가 따랐다’(마 4:25)의 배경.", "c30Basis": "데가볼리 도시들은 모두 서기 30년에 존재한다. 가다라·히포·펠라·게라사·필라델피아를 잇는 길은 폼페이우스 이후의 도시망을 따른다. 카피톨리아스(서기 97/98년 건설)를 지나는 구간은 뺐다.", "license": "Itiner-e (Brughmans, de Soto, Pažout, Bjerregaard Vahlstrup 2024) CC BY 4.0", "id": "decapolis#11", "certainty": "confirmed", "segmentName": "Scythopolis-Hippos", "segmentSource": "Cohen 2004", "lengthKm": 271, "certaintyMix": {"confirmed": 20, "probable": 3}, "walkDays": [8, 11]}, "geometry": {"type": "MultiLineString", "coordinates": [[[35.5571, 32.62051], [35.56331, 32.62318], [35.56743, 32.6273], [35.5804, 32.63434], [35.60415, 32.64875], [35.62436, 32.67522], [35.62436, 32.68483], [35.62109, 32.69791], [35.62179, 32.70771], [35.62313, 32.71699], [35.63144, 32.73223], [35.63763, 32.74593], [35.64175, 32.76824], [35.64331, 32.77311], [35.64287, 32.77655], [35.64128, 32.78061]]]}}, {"type": "Feature", "properties": {"roadId": "decapolis", "nameKo": "데가볼리·요단 동편 연결로", "nameEn": "Decapolis / Transjordan link", "routeType": "regional", "activeC30": true, "region": "Decapolis/Peraea", "periodStart": null, "periodEnd": null, "via": ["벧산(스구도볼리)", "가다라", "히포스", "거라사", "빌라델비아"], "relatedPlaces": ["벧산(스구도볼리)", "가다라", "히포스", "거라사", "빌라델비아"], "relatedVerses": ["막 5:20", "막 7:31", "마 4:25"], "sourceIds": ["itinere-2024", "pleiades", "josephus"], "noteKo": "갈릴리 호수 동남쪽 데가볼리 도시들을 잇는 길이다. ‘데가볼리에서 큰 무리가 따랐다’(마 4:25)의 배경.", "c30Basis": "데가볼리 도시들은 모두 서기 30년에 존재한다. 가다라·히포·펠라·게라사·필라델피아를 잇는 길은 폼페이우스 이후의 도시망을 따른다. 카피톨리아스(서기 97/98년 건설)를 지나는 구간은 뺐다.", "license": "Itiner-e (Brughmans, de Soto, Pažout, Bjerregaard Vahlstrup 2024) CC BY 4.0", "id": "decapolis#12", "certainty": "confirmed", "segmentName": "Scythopolis-Hippos", "segmentSource": "Cohen 2004", "lengthKm": 271, "certaintyMix": {"confirmed": 20, "probable": 3}, "walkDays": [8, 11]}, "geometry": {"type": "MultiLineString", "coordinates": [[[35.64128, 32.78061], [35.64924, 32.77902], [35.65224, 32.77643], [35.65629, 32.77484], [35.65732, 32.77601], [35.65873, 32.7764], [35.66217, 32.7759], [35.66301, 32.77513], [35.66288, 32.77283], [35.66359, 32.77403]]]}}, {"type": "Feature", "properties": {"roadId": "decapolis", "nameKo": "데가볼리·요단 동편 연결로", "nameEn": "Decapolis / Transjordan link", "routeType": "regional", "activeC30": true, "region": "Decapolis/Peraea", "periodStart": null, "periodEnd": null, "via": ["벧산(스구도볼리)", "가다라", "히포스", "거라사", "빌라델비아"], "relatedPlaces": ["벧산(스구도볼리)", "가다라", "히포스", "거라사", "빌라델비아"], "relatedVerses": ["막 5:20", "막 7:31", "마 4:25"], "sourceIds": ["itinere-2024", "pleiades", "josephus"], "noteKo": "갈릴리 호수 동남쪽 데가볼리 도시들을 잇는 길이다. ‘데가볼리에서 큰 무리가 따랐다’(마 4:25)의 배경.", "c30Basis": "데가볼리 도시들은 모두 서기 30년에 존재한다. 가다라·히포·펠라·게라사·필라델피아를 잇는 길은 폼페이우스 이후의 도시망을 따른다. 카피톨리아스(서기 97/98년 건설)를 지나는 구간은 뺐다.", "license": "Itiner-e (Brughmans, de Soto, Pažout, Bjerregaard Vahlstrup 2024) CC BY 4.0", "id": "decapolis#13", "certainty": "confirmed", "segmentName": "Scythopolis-Hippos", "segmentSource": "Cohen 2004", "lengthKm": 271, "certaintyMix": {"confirmed": 20, "probable": 3}, "walkDays": [8, 11]}, "geometry": {"type": "MultiLineString", "coordinates": [[[35.66359, 32.77403], [35.66316, 32.77682], [35.66265, 32.77739], [35.65979, 32.77867]]]}}, {"type": "Feature", "properties": {"roadId": "decapolis", "nameKo": "데가볼리·요단 동편 연결로", "nameEn": "Decapolis / Transjordan link", "routeType": "regional", "activeC30": true, "region": "Decapolis/Peraea", "periodStart": null, "periodEnd": null, "via": ["벧산(스구도볼리)", "가다라", "히포스", "거라사", "빌라델비아"], "relatedPlaces": ["벧산(스구도볼리)", "가다라", "히포스", "거라사", "빌라델비아"], "relatedVerses": ["막 5:20", "막 7:31", "마 4:25"], "sourceIds": ["itinere-2024", "pleiades", "josephus"], "noteKo": "갈릴리 호수 동남쪽 데가볼리 도시들을 잇는 길이다. ‘데가볼리에서 큰 무리가 따랐다’(마 4:25)의 배경.", "c30Basis": "데가볼리 도시들은 모두 서기 30년에 존재한다. 가다라·히포·펠라·게라사·필라델피아를 잇는 길은 폼페이우스 이후의 도시망을 따른다. 카피톨리아스(서기 97/98년 건설)를 지나는 구간은 뺐다.", "license": "Itiner-e (Brughmans, de Soto, Pažout, Bjerregaard Vahlstrup 2024) CC BY 4.0", "id": "decapolis#14", "certainty": "confirmed", "segmentName": "Scythopolis-Hippos", "segmentSource": "Cohen 2004, TIR Iudaea-Palaestina", "lengthKm": 271, "certaintyMix": {"confirmed": 20, "probable": 3}, "walkDays": [8, 11]}, "geometry": {"type": "MultiLineString", "coordinates": [[[35.50294, 32.50278], [35.50577, 32.50423], [35.50677, 32.50525], [35.50644, 32.50534], [35.50729, 32.50554], [35.50891, 32.50691], [35.51397, 32.50605], [35.51971, 32.50903], [35.52319, 32.5156], [35.5289, 32.52234], [35.53784, 32.52884]]]}}, {"type": "Feature", "properties": {"roadId": "decapolis", "nameKo": "데가볼리·요단 동편 연결로", "nameEn": "Decapolis / Transjordan link", "routeType": "regional", "activeC30": true, "region": "Decapolis/Peraea", "periodStart": null, "periodEnd": null, "via": ["벧산(스구도볼리)", "가다라", "히포스", "거라사", "빌라델비아"], "relatedPlaces": ["벧산(스구도볼리)", "가다라", "히포스", "거라사", "빌라델비아"], "relatedVerses": ["막 5:20", "막 7:31", "마 4:25"], "sourceIds": ["itinere-2024", "pleiades", "josephus"], "noteKo": "갈릴리 호수 동남쪽 데가볼리 도시들을 잇는 길이다. ‘데가볼리에서 큰 무리가 따랐다’(마 4:25)의 배경.", "c30Basis": "데가볼리 도시들은 모두 서기 30년에 존재한다. 가다라·히포·펠라·게라사·필라델피아를 잇는 길은 폼페이우스 이후의 도시망을 따른다. 카피톨리아스(서기 97/98년 건설)를 지나는 구간은 뺐다.", "license": "Itiner-e (Brughmans, de Soto, Pažout, Bjerregaard Vahlstrup 2024) CC BY 4.0", "id": "decapolis#15", "certainty": "confirmed", "segmentName": "Scythopolis-Hippos", "segmentSource": "Cohen 2004", "lengthKm": 271, "certaintyMix": {"confirmed": 20, "probable": 3}, "walkDays": [8, 11]}, "geometry": {"type": "MultiLineString", "coordinates": [[[35.53784, 32.52884], [35.53737, 32.53685], [35.53824, 32.54131], [35.55067, 32.55667], [35.55188, 32.56412], [35.55176, 32.5723], [35.54909, 32.58111], [35.54509, 32.59875], [35.54556, 32.60606], [35.55083, 32.61378], [35.5571, 32.62051]]]}}, {"type": "Feature", "properties": {"roadId": "decapolis", "nameKo": "데가볼리·요단 동편 연결로", "nameEn": "Decapolis / Transjordan link", "routeType": "regional", "activeC30": true, "region": "Decapolis/Peraea", "periodStart": null, "periodEnd": null, "via": ["벧산(스구도볼리)", "가다라", "히포스", "거라사", "빌라델비아"], "relatedPlaces": ["벧산(스구도볼리)", "가다라", "히포스", "거라사", "빌라델비아"], "relatedVerses": ["막 5:20", "막 7:31", "마 4:25"], "sourceIds": ["itinere-2024", "pleiades", "josephus"], "noteKo": "갈릴리 호수 동남쪽 데가볼리 도시들을 잇는 길이다. ‘데가볼리에서 큰 무리가 따랐다’(마 4:25)의 배경.", "c30Basis": "데가볼리 도시들은 모두 서기 30년에 존재한다. 가다라·히포·펠라·게라사·필라델피아를 잇는 길은 폼페이우스 이후의 도시망을 따른다. 카피톨리아스(서기 97/98년 건설)를 지나는 구간은 뺐다.", "license": "Itiner-e (Brughmans, de Soto, Pažout, Bjerregaard Vahlstrup 2024) CC BY 4.0", "id": "decapolis#16", "certainty": "confirmed", "segmentName": "Hippos-Julias", "segmentSource": "Cohen 2004, TIR Iudaea-Palaestina", "lengthKm": 271, "certaintyMix": {"confirmed": 20, "probable": 3}, "walkDays": [8, 11]}, "geometry": {"type": "MultiLineString", "coordinates": [[[35.64128, 32.78061], [35.64033, 32.78513], [35.6413, 32.79258], [35.64142, 32.79682], [35.64337, 32.8088], [35.64442, 32.81103], [35.64636, 32.81967], [35.6465, 32.82446], [35.65053, 32.83746], [35.65026, 32.84447], [35.649, 32.85091], [35.64635, 32.85951]]]}}, {"type": "Feature", "properties": {"roadId": "decapolis", "nameKo": "데가볼리·요단 동편 연결로", "nameEn": "Decapolis / Transjordan link", "routeType": "regional", "activeC30": true, "region": "Decapolis/Peraea", "periodStart": null, "periodEnd": null, "via": ["벧산(스구도볼리)", "가다라", "히포스", "거라사", "빌라델비아"], "relatedPlaces": ["벧산(스구도볼리)", "가다라", "히포스", "거라사", "빌라델비아"], "relatedVerses": ["막 5:20", "막 7:31", "마 4:25"], "sourceIds": ["itinere-2024", "pleiades", "josephus"], "noteKo": "갈릴리 호수 동남쪽 데가볼리 도시들을 잇는 길이다. ‘데가볼리에서 큰 무리가 따랐다’(마 4:25)의 배경.", "c30Basis": "데가볼리 도시들은 모두 서기 30년에 존재한다. 가다라·히포·펠라·게라사·필라델피아를 잇는 길은 폼페이우스 이후의 도시망을 따른다. 카피톨리아스(서기 97/98년 건설)를 지나는 구간은 뺐다.", "license": "Itiner-e (Brughmans, de Soto, Pažout, Bjerregaard Vahlstrup 2024) CC BY 4.0", "id": "decapolis#17", "certainty": "confirmed", "segmentName": "Hippos-Julias", "segmentSource": "Cohen 2004, TIR Iudaea-Palaestina", "lengthKm": 271, "certaintyMix": {"confirmed": 20, "probable": 3}, "walkDays": [8, 11]}, "geometry": {"type": "MultiLineString", "coordinates": [[[35.64635, 32.85951], [35.64216, 32.86825], [35.63835, 32.87366], [35.63306, 32.88349], [35.62902, 32.88936], [35.61913, 32.89335]]]}}, {"type": "Feature", "properties": {"roadId": "decapolis", "nameKo": "데가볼리·요단 동편 연결로", "nameEn": "Decapolis / Transjordan link", "routeType": "regional", "activeC30": true, "region": "Decapolis/Peraea", "periodStart": null, "periodEnd": null, "via": ["벧산(스구도볼리)", "가다라", "히포스", "거라사", "빌라델비아"], "relatedPlaces": ["벧산(스구도볼리)", "가다라", "히포스", "거라사", "빌라델비아"], "relatedVerses": ["막 5:20", "막 7:31", "마 4:25"], "sourceIds": ["itinere-2024", "pleiades", "josephus"], "noteKo": "갈릴리 호수 동남쪽 데가볼리 도시들을 잇는 길이다. ‘데가볼리에서 큰 무리가 따랐다’(마 4:25)의 배경.", "c30Basis": "데가볼리 도시들은 모두 서기 30년에 존재한다. 가다라·히포·펠라·게라사·필라델피아를 잇는 길은 폼페이우스 이후의 도시망을 따른다. 카피톨리아스(서기 97/98년 건설)를 지나는 구간은 뺐다.", "license": "Itiner-e (Brughmans, de Soto, Pažout, Bjerregaard Vahlstrup 2024) CC BY 4.0", "id": "decapolis#18", "certainty": "confirmed", "segmentName": "Pella-Amathous", "segmentSource": "Mittmann 1970", "lengthKm": 271, "certaintyMix": {"confirmed": 20, "probable": 3}, "walkDays": [8, 11]}, "geometry": {"type": "MultiLineString", "coordinates": [[[35.60094, 32.44498], [35.59937, 32.44405], [35.58986, 32.43544]]]}}, {"type": "Feature", "properties": {"roadId": "decapolis", "nameKo": "데가볼리·요단 동편 연결로", "nameEn": "Decapolis / Transjordan link", "routeType": "regional", "activeC30": true, "region": "Decapolis/Peraea", "periodStart": null, "periodEnd": null, "via": ["벧산(스구도볼리)", "가다라", "히포스", "거라사", "빌라델비아"], "relatedPlaces": ["벧산(스구도볼리)", "가다라", "히포스", "거라사", "빌라델비아"], "relatedVerses": ["막 5:20", "막 7:31", "마 4:25"], "sourceIds": ["itinere-2024", "pleiades", "josephus"], "noteKo": "갈릴리 호수 동남쪽 데가볼리 도시들을 잇는 길이다. ‘데가볼리에서 큰 무리가 따랐다’(마 4:25)의 배경.", "c30Basis": "데가볼리 도시들은 모두 서기 30년에 존재한다. 가다라·히포·펠라·게라사·필라델피아를 잇는 길은 폼페이우스 이후의 도시망을 따른다. 카피톨리아스(서기 97/98년 건설)를 지나는 구간은 뺐다.", "license": "Itiner-e (Brughmans, de Soto, Pažout, Bjerregaard Vahlstrup 2024) CC BY 4.0", "id": "decapolis#19", "certainty": "confirmed", "segmentName": "Pella-Amathous", "segmentSource": "Mittmann 1970", "lengthKm": 271, "certaintyMix": {"confirmed": 20, "probable": 3}, "walkDays": [8, 11]}, "geometry": {"type": "MultiLineString", "coordinates": [[[35.58986, 32.43544], [35.58025, 32.42019], [35.5753, 32.40316], [35.57443, 32.36793], [35.57489, 32.35276], [35.57294, 32.33998], [35.57531, 32.33127], [35.58076, 32.32714], [35.58148, 32.31746], [35.58396, 32.30634], [35.58955, 32.2911], [35.59992, 32.27168], [35.61463, 32.23914]]]}}, {"type": "Feature", "properties": {"roadId": "decapolis", "nameKo": "데가볼리·요단 동편 연결로", "nameEn": "Decapolis / Transjordan link", "routeType": "regional", "activeC30": true, "region": "Decapolis/Peraea", "periodStart": null, "periodEnd": null, "via": ["벧산(스구도볼리)", "가다라", "히포스", "거라사", "빌라델비아"], "relatedPlaces": ["벧산(스구도볼리)", "가다라", "히포스", "거라사", "빌라델비아"], "relatedVerses": ["막 5:20", "막 7:31", "마 4:25"], "sourceIds": ["itinere-2024", "pleiades", "josephus"], "noteKo": "갈릴리 호수 동남쪽 데가볼리 도시들을 잇는 길이다. ‘데가볼리에서 큰 무리가 따랐다’(마 4:25)의 배경.", "c30Basis": "데가볼리 도시들은 모두 서기 30년에 존재한다. 가다라·히포·펠라·게라사·필라델피아를 잇는 길은 폼페이우스 이후의 도시망을 따른다. 카피톨리아스(서기 97/98년 건설)를 지나는 구간은 뺐다.", "license": "Itiner-e (Brughmans, de Soto, Pažout, Bjerregaard Vahlstrup 2024) CC BY 4.0", "id": "decapolis#20", "certainty": "probable", "segmentName": "Ammathous-Philadelphia", "segmentSource": "Huppenbauer 1962", "lengthKm": 271, "certaintyMix": {"confirmed": 20, "probable": 3}, "walkDays": [8, 11]}, "geometry": {"type": "MultiLineString", "coordinates": [[[35.61463, 32.23914], [35.61826, 32.22768], [35.6198, 32.22091], [35.62365, 32.21144], [35.63134, 32.20649], [35.63532, 32.20635], [35.64123, 32.20223], [35.64627, 32.20022], [35.64686, 32.19674], [35.64748, 32.19582], [35.65507, 32.19391], [35.65679, 32.19442], [35.65958, 32.19677], [35.6606, 32.19653], [35.66218, 32.19731], [35.6622, 32.19688], [35.66289, 32.19724], [35.66421, 32.19686], [35.66464, 32.19665], [35.66452, 32.1963], [35.66514, 32.19632], [35.66489, 32.19476], [35.66591, 32.19524], [35.66751, 32.19456], [35.66918, 32.19231], [35.66976, 32.19207], [35.67065, 32.1904], [35.67087, 32.18884], [35.67147, 32.18859], [35.67186, 32.18924], [35.67265, 32.18835], [35.66944, 32.18389], [35.66961, 32.18347], [35.67197, 32.18414], [35.67195, 32.18253], [35.67116, 32.18257], [35.67116, 32.18212], [35.67029, 32.1815], [35.67116, 32.18128], [35.67179, 32.18042], [35.67163, 32.17955], [35.67075, 32.17876], [35.67042, 32.17669], [35.67119, 32.17462], [35.67294, 32.17202], [35.6742, 32.17142], [35.67544, 32.16978], [35.67475, 32.16536], [35.67395, 32.16336], [35.67453, 32.16118], [35.67571, 32.16006], [35.67585, 32.15939], [35.67852, 32.15901], [35.68011, 32.15773], [35.68068, 32.15617], [35.68035, 32.15551], [35.68123, 32.15397], [35.68108, 32.15305], [35.68235, 32.15149], [35.6886, 32.15025], [35.69162, 32.15058], [35.694, 32.14905], [35.69411, 32.14864], [35.69561, 32.14821], [35.69824, 32.14208], [35.69916, 32.13619], [35.70079, 32.1337], [35.70064, 32.13047], [35.69923, 32.12623], [35.69946, 32.12532], [35.69851, 32.12079], [35.7026, 32.11956], [35.70382, 32.11883], [35.70359, 32.11677], [35.70289, 32.11641], [35.70343, 32.11559], [35.70277, 32.1138], [35.70347, 32.11138], [35.70368, 32.11209], [35.70596, 32.11256], [35.7059, 32.1122], [35.70474, 32.11178], [35.70496, 32.1115], [35.70657, 32.11169], [35.70834, 32.11131], [35.70937, 32.10932], [35.70826, 32.10912], [35.70898, 32.10823], [35.7112, 32.10775], [35.71133, 32.10717], [35.71412, 32.10685], [35.71334, 32.10624], [35.71522, 32.10622], [35.71503, 32.10377], [35.71535, 32.10274], [35.71503, 32.10176], [35.71635, 32.099], [35.71635, 32.09578], [35.71828, 32.09658], [35.71891, 32.0963], [35.71879, 32.09535], [35.71795, 32.09477], [35.71587, 32.09077], [35.7148, 32.08704], [35.71513, 32.08592], [35.71481, 32.08446], [35.71549, 32.08186], [35.71524, 32.08119], [35.71641, 32.07573], [35.71583, 32.07438], [35.71691, 32.07272], [35.7173, 32.07111], [35.71884, 32.06949], [35.71998, 32.06723], [35.72193, 32.06609], [35.72497, 32.06555], [35.72675, 32.06484], [35.72892, 32.06506], [35.73264, 32.0631], [35.73488, 32.06293], [35.73781, 32.06341], [35.7406, 32.06279], [35.74269, 32.06282], [35.74445, 32.06153]]]}}, {"type": "Feature", "properties": {"roadId": "decapolis", "nameKo": "데가볼리·요단 동편 연결로", "nameEn": "Decapolis / Transjordan link", "routeType": "regional", "activeC30": true, "region": "Decapolis/Peraea", "periodStart": null, "periodEnd": null, "via": ["벧산(스구도볼리)", "가다라", "히포스", "거라사", "빌라델비아"], "relatedPlaces": ["벧산(스구도볼리)", "가다라", "히포스", "거라사", "빌라델비아"], "relatedVerses": ["막 5:20", "막 7:31", "마 4:25"], "sourceIds": ["itinere-2024", "pleiades", "josephus"], "noteKo": "갈릴리 호수 동남쪽 데가볼리 도시들을 잇는 길이다. ‘데가볼리에서 큰 무리가 따랐다’(마 4:25)의 배경.", "c30Basis": "데가볼리 도시들은 모두 서기 30년에 존재한다. 가다라·히포·펠라·게라사·필라델피아를 잇는 길은 폼페이우스 이후의 도시망을 따른다. 카피톨리아스(서기 97/98년 건설)를 지나는 구간은 뺐다.", "license": "Itiner-e (Brughmans, de Soto, Pažout, Bjerregaard Vahlstrup 2024) CC BY 4.0", "id": "decapolis#21", "certainty": "probable", "segmentName": "Ammathous-Philadelphia", "segmentSource": "Huppenbauer 1962", "lengthKm": 271, "certaintyMix": {"confirmed": 20, "probable": 3}, "walkDays": [8, 11]}, "geometry": {"type": "MultiLineString", "coordinates": [[[35.9316, 31.95578], [35.93247, 31.95209], [35.9359, 31.95133]]]}}, {"type": "Feature", "properties": {"roadId": "decapolis", "nameKo": "데가볼리·요단 동편 연결로", "nameEn": "Decapolis / Transjordan link", "routeType": "regional", "activeC30": true, "region": "Decapolis/Peraea", "periodStart": null, "periodEnd": null, "via": ["벧산(스구도볼리)", "가다라", "히포스", "거라사", "빌라델비아"], "relatedPlaces": ["벧산(스구도볼리)", "가다라", "히포스", "거라사", "빌라델비아"], "relatedVerses": ["막 5:20", "막 7:31", "마 4:25"], "sourceIds": ["itinere-2024", "pleiades", "josephus"], "noteKo": "갈릴리 호수 동남쪽 데가볼리 도시들을 잇는 길이다. ‘데가볼리에서 큰 무리가 따랐다’(마 4:25)의 배경.", "c30Basis": "데가볼리 도시들은 모두 서기 30년에 존재한다. 가다라·히포·펠라·게라사·필라델피아를 잇는 길은 폼페이우스 이후의 도시망을 따른다. 카피톨리아스(서기 97/98년 건설)를 지나는 구간은 뺐다.", "license": "Itiner-e (Brughmans, de Soto, Pažout, Bjerregaard Vahlstrup 2024) CC BY 4.0", "id": "decapolis#22", "certainty": "probable", "segmentName": "Ammathous-Philadelphia", "segmentSource": "Huppenbauer 1962", "lengthKm": 271, "certaintyMix": {"confirmed": 20, "probable": 3}, "walkDays": [8, 11]}, "geometry": {"type": "MultiLineString", "coordinates": [[[35.74445, 32.06153], [35.746, 32.05995], [35.74747, 32.05751], [35.75506, 32.05408], [35.75798, 32.05348], [35.76095, 32.05337], [35.76667, 32.05059], [35.769, 32.04876], [35.77301, 32.04642], [35.77965, 32.04311], [35.78461, 32.04158], [35.7884, 32.03909], [35.79305, 32.03394], [35.79393, 32.03178], [35.79611, 32.0304], [35.79736, 32.02822], [35.80014, 32.02749], [35.80829, 32.02913], [35.81559, 32.02814], [35.82068, 32.02975], [35.82661, 32.02875], [35.8297, 32.0294], [35.83348, 32.02808], [35.83469, 32.02712], [35.83756, 32.0261], [35.83894, 32.02376], [35.84078, 32.02248], [35.84171, 32.02103], [35.85269, 32.0244], [35.85592, 32.0246], [35.85906, 32.02373], [35.86739, 32.01621], [35.87048, 32.01233], [35.8745, 32.00231], [35.88668, 31.99483], [35.89618, 31.98751], [35.902, 31.98131], [35.90359, 31.97779], [35.90979, 31.97289], [35.90876, 31.9691], [35.91021, 31.96605], [35.91359, 31.96342], [35.91572, 31.96041], [35.91859, 31.95898], [35.92221, 31.95984], [35.9275, 31.95834], [35.92895, 31.95852], [35.9316, 31.95578]]]}}, {"type": "Feature", "properties": {"roadId": "peraea-philadelphia", "nameKo": "베레아–필라델피아 연결로", "nameEn": "Peraea–Philadelphia road", "routeType": "regional", "activeC30": true, "region": "Peraea", "periodStart": null, "periodEnd": null, "via": ["헤스본", "빌라델비아"], "relatedPlaces": ["헤스본", "빌라델비아"], "relatedVerses": ["막 10:1"], "sourceIds": ["itinere-2024", "pleiades", "josephus"], "noteKo": "요단 동편 베레아에서 헤스본을 지나 필라델피아(오늘의 암만)로 오르는 길이다.", "c30Basis": "요세푸스는 베레아가 “필라델피아에서 요단까지” 뻗었다고 적는다(유대 전쟁사 3.47). 리비아스는 안티파스가 서기 13년경 세워 서기 30년에 존재한다.", "license": "Itiner-e (Brughmans, de Soto, Pažout, Bjerregaard Vahlstrup 2024) CC BY 4.0", "id": "peraea-philadelphia#0", "certainty": "confirmed", "segmentName": "Livias-Esbus", "segmentSource": "Isaac 1998, Piccirillo 1996, Graves and Stripling 2011", "lengthKm": 44, "certaintyMix": {"confirmed": 1, "probable": 3}, "walkDays": [1, 2]}, "geometry": {"type": "MultiLineString", "coordinates": [[[35.80807, 31.799], [35.80078, 31.7954], [35.79872, 31.7886], [35.79458, 31.78226], [35.78701, 31.77999], [35.78504, 31.78006], [35.78124, 31.78179], [35.78074, 31.77963], [35.77816, 31.7802], [35.77278, 31.77929], [35.77004, 31.7784], [35.76905, 31.77861], [35.76697, 31.77773], [35.76424, 31.77838], [35.76327, 31.77947], [35.75958, 31.78115], [35.75857, 31.78324], [35.75346, 31.78593], [35.75206, 31.78781], [35.75114, 31.7902], [35.74784, 31.79144], [35.74706, 31.79266], [35.74727, 31.79308], [35.74667, 31.79281], [35.7457, 31.79299], [35.746, 31.79442], [35.74447, 31.79692], [35.7394, 31.79752], [35.73811, 31.79705], [35.73679, 31.79708], [35.73596, 31.79756], [35.7321, 31.79842], [35.728, 31.79815], [35.72638, 31.79717], [35.7249, 31.79706], [35.72252, 31.79789], [35.72134, 31.79766], [35.71657, 31.79808], [35.71592, 31.79909], [35.71523, 31.79872], [35.71357, 31.79985], [35.71274, 31.79909], [35.7118, 31.80002], [35.7106, 31.79946], [35.71067, 31.79994], [35.70951, 31.79973], [35.70676, 31.80051], [35.70593, 31.80209], [35.70543, 31.80233], [35.7048, 31.80198], [35.70445, 31.80274], [35.70311, 31.80292], [35.7024, 31.8038], [35.70242, 31.80495], [35.6997, 31.80683], [35.69787, 31.8076], [35.69689, 31.80836], [35.69674, 31.8091], [35.69595, 31.80936], [35.69302, 31.8087], [35.69153, 31.80983], [35.69009, 31.81036], [35.69077, 31.81183], [35.69252, 31.8141], [35.69328, 31.81441], [35.69367, 31.81543], [35.69188, 31.81711], [35.69267, 31.81857], [35.6926, 31.81972], [35.69139, 31.82139], [35.68923, 31.82179], [35.68536, 31.82365]]]}}, {"type": "Feature", "properties": {"roadId": "peraea-philadelphia", "nameKo": "베레아–필라델피아 연결로", "nameEn": "Peraea–Philadelphia road", "routeType": "regional", "activeC30": true, "region": "Peraea", "periodStart": null, "periodEnd": null, "via": ["헤스본", "빌라델비아"], "relatedPlaces": ["헤스본", "빌라델비아"], "relatedVerses": ["막 10:1"], "sourceIds": ["itinere-2024", "pleiades", "josephus"], "noteKo": "요단 동편 베레아에서 헤스본을 지나 필라델피아(오늘의 암만)로 오르는 길이다.", "c30Basis": "요세푸스는 베레아가 “필라델피아에서 요단까지” 뻗었다고 적는다(유대 전쟁사 3.47). 리비아스는 안티파스가 서기 13년경 세워 서기 30년에 존재한다.", "license": "Itiner-e (Brughmans, de Soto, Pažout, Bjerregaard Vahlstrup 2024) CC BY 4.0", "id": "peraea-philadelphia#1", "certainty": "probable", "segmentName": "Livias-Esbus", "segmentSource": "Isaac 1998, Piccirillo 1996, Graves and Stripling 2011", "lengthKm": 44, "certaintyMix": {"confirmed": 1, "probable": 3}, "walkDays": [1, 2]}, "geometry": {"type": "MultiLineString", "coordinates": [[[35.68536, 31.82365], [35.68342, 31.8252], [35.68191, 31.82537], [35.68122, 31.82615], [35.68293, 31.82774], [35.68207, 31.82996], [35.67923, 31.83448], [35.67509, 31.83998]]]}}, {"type": "Feature", "properties": {"roadId": "peraea-philadelphia", "nameKo": "베레아–필라델피아 연결로", "nameEn": "Peraea–Philadelphia road", "routeType": "regional", "activeC30": true, "region": "Peraea", "periodStart": null, "periodEnd": null, "via": ["헤스본", "빌라델비아"], "relatedPlaces": ["헤스본", "빌라델비아"], "relatedVerses": ["막 10:1"], "sourceIds": ["itinere-2024", "pleiades", "josephus"], "noteKo": "요단 동편 베레아에서 헤스본을 지나 필라델피아(오늘의 암만)로 오르는 길이다.", "c30Basis": "요세푸스는 베레아가 “필라델피아에서 요단까지” 뻗었다고 적는다(유대 전쟁사 3.47). 리비아스는 안티파스가 서기 13년경 세워 서기 30년에 존재한다.", "license": "Itiner-e (Brughmans, de Soto, Pažout, Bjerregaard Vahlstrup 2024) CC BY 4.0", "id": "peraea-philadelphia#2", "certainty": "probable", "segmentName": "Philadelphia-Esbus", "segmentSource": "Brünnow and Domaszewski 1904, Bauzou 1998", "lengthKm": 44, "certaintyMix": {"confirmed": 1, "probable": 3}, "walkDays": [1, 2]}, "geometry": {"type": "MultiLineString", "coordinates": [[[35.80807, 31.799], [35.81015, 31.79949], [35.8171, 31.80712], [35.83482, 31.81748], [35.84559, 31.81802], [35.85922, 31.8138], [35.87149, 31.81571], [35.88239, 31.81925], [35.91211, 31.8397], [35.91755, 31.84413]]]}}, {"type": "Feature", "properties": {"roadId": "peraea-philadelphia", "nameKo": "베레아–필라델피아 연결로", "nameEn": "Peraea–Philadelphia road", "routeType": "regional", "activeC30": true, "region": "Peraea", "periodStart": null, "periodEnd": null, "via": ["헤스본", "빌라델비아"], "relatedPlaces": ["헤스본", "빌라델비아"], "relatedVerses": ["막 10:1"], "sourceIds": ["itinere-2024", "pleiades", "josephus"], "noteKo": "요단 동편 베레아에서 헤스본을 지나 필라델피아(오늘의 암만)로 오르는 길이다.", "c30Basis": "요세푸스는 베레아가 “필라델피아에서 요단까지” 뻗었다고 적는다(유대 전쟁사 3.47). 리비아스는 안티파스가 서기 13년경 세워 서기 30년에 존재한다.", "license": "Itiner-e (Brughmans, de Soto, Pažout, Bjerregaard Vahlstrup 2024) CC BY 4.0", "id": "peraea-philadelphia#3", "certainty": "probable", "segmentName": "Philadelphia-Esbus", "segmentSource": "Brünnow and Domaszewski 1904, Bauzou 1998", "lengthKm": 44, "certaintyMix": {"confirmed": 1, "probable": 3}, "walkDays": [1, 2]}, "geometry": {"type": "MultiLineString", "coordinates": [[[35.91755, 31.84413], [35.92309, 31.8577], [35.92622, 31.8609], [35.92858, 31.86905], [35.93128, 31.8741], [35.93484, 31.88709], [35.93446, 31.88926], [35.93847, 31.89648], [35.93696, 31.9049], [35.93902, 31.9132], [35.93765, 31.92712], [35.93624, 31.93009], [35.93291, 31.93372], [35.93142, 31.93622], [35.92922, 31.9386], [35.92912, 31.94449], [35.92968, 31.94524], [35.93201, 31.94632], [35.93373, 31.94821], [35.93451, 31.95019], [35.9359, 31.95133]]]}}, {"type": "Feature", "properties": {"roadId": "incense-gaza", "nameKo": "나바테아 향료길 (페트라–가사)", "nameEn": "Nabataean incense road (Petra–Gaza)", "routeType": "trade", "activeC30": true, "region": "Negev/Nabataea", "periodStart": null, "periodEnd": null, "via": ["가사"], "relatedPlaces": ["가사"], "relatedVerses": [], "sourceIds": ["itinere-2024", "pleiades", "josephus"], "noteKo": "유일하게 서기 30년 이전부터 확실히 쓰인 나바테아 교역로다. 요단 동편을 남북으로 잇는 Via Nova Traiana 는 서기 111~114년 도로여서 이 층에 넣지 않았다.", "c30Basis": "아라비아의 향료를 페트라에서 지중해 항구 가사로 실어 내던 나바테아 대상로다. 오보다·엘루사 같은 길목 도시가 기원전 1세기~서기 1세기에 쓰였다. 트라야누스가 서기 111~114년에 놓은 Via Nova Traiana 와는 다른 길이다.", "license": "Itiner-e (Brughmans, de Soto, Pažout, Bjerregaard Vahlstrup 2024) CC BY 4.0", "id": "incense-gaza#0", "certainty": "confirmed", "segmentName": "Moyet Awad-Petra", "segmentSource": "TIR Iudaea-Palaestina, Ben David and Isaac 2020, Kennedy 2021", "lengthKm": 229, "certaintyMix": {"confirmed": 4, "probable": 12}, "walkDays": [7, 9]}, "geometry": {"type": "MultiLineString", "coordinates": [[[35.36183, 30.36929], [35.36451, 30.3683], [35.36928, 30.36532], [35.372, 30.36289], [35.37467, 30.36161], [35.37767, 30.36107], [35.37879, 30.35818], [35.3798, 30.35803], [35.38117, 30.35899], [35.38578, 30.35852], [35.38899, 30.35641], [35.39074, 30.35561], [35.39242, 30.35556], [35.39314, 30.35483], [35.39382, 30.35476], [35.39516, 30.35624], [35.39967, 30.35776], [35.40103, 30.35943], [35.40073, 30.36082], [35.40104, 30.36167], [35.40034, 30.36191], [35.39961, 30.36371], [35.40052, 30.36466], [35.40019, 30.36462], [35.40074, 30.3648], [35.40052, 30.36542], [35.40175, 30.3678], [35.40139, 30.36839], [35.40229, 30.36954], [35.40214, 30.37094], [35.40255, 30.37197], [35.40227, 30.3726], [35.40297, 30.37327], [35.40261, 30.3738], [35.40382, 30.37621], [35.40491, 30.37614], [35.40506, 30.37663], [35.40603, 30.3754], [35.4075, 30.37576], [35.4075, 30.37694], [35.40692, 30.37779], [35.40726, 30.37907], [35.40851, 30.38032], [35.40942, 30.38067], [35.40915, 30.38175], [35.41144, 30.38273], [35.41299, 30.38466], [35.41409, 30.38539], [35.41386, 30.38649], [35.41445, 30.38687], [35.41427, 30.38809], [35.41474, 30.38818], [35.4142, 30.38961], [35.41432, 30.38994], [35.41466, 30.38969], [35.41464, 30.39045], [35.41529, 30.39005], [35.41559, 30.39096], [35.4167, 30.39044], [35.42018, 30.39247], [35.42104, 30.39254], [35.42114, 30.39173], [35.42202, 30.39212], [35.42246, 30.39157], [35.42277, 30.3919], [35.42282, 30.3913], [35.42434, 30.39175], [35.42466, 30.39228], [35.42592, 30.39092], [35.4265, 30.38928], [35.42646, 30.38796], [35.42689, 30.38719], [35.42622, 30.38587], [35.42733, 30.38501], [35.42689, 30.38443], [35.42697, 30.3833], [35.4282, 30.38194], [35.42898, 30.38032], [35.4285, 30.3795], [35.42653, 30.37807], [35.42663, 30.37693], [35.42532, 30.3766], [35.42229, 30.37478], [35.42932, 30.37458], [35.42976, 30.37127], [35.42898, 30.37082], [35.42825, 30.36962], [35.42969, 30.36832], [35.42968, 30.36766], [35.43141, 30.3678], [35.43244, 30.36707], [35.43267, 30.36632], [35.43352, 30.36587], [35.43324, 30.36566], [35.4334, 30.36391], [35.43468, 30.36282], [35.43736, 30.36234], [35.43813, 30.36316], [35.43864, 30.36321], [35.43976, 30.36248], [35.44037, 30.36251]]]}}, {"type": "Feature", "properties": {"roadId": "incense-gaza", "nameKo": "나바테아 향료길 (페트라–가사)", "nameEn": "Nabataean incense road (Petra–Gaza)", "routeType": "trade", "activeC30": true, "region": "Negev/Nabataea", "periodStart": null, "periodEnd": null, "via": ["가사"], "relatedPlaces": ["가사"], "relatedVerses": [], "sourceIds": ["itinere-2024", "pleiades", "josephus"], "noteKo": "유일하게 서기 30년 이전부터 확실히 쓰인 나바테아 교역로다. 요단 동편을 남북으로 잇는 Via Nova Traiana 는 서기 111~114년 도로여서 이 층에 넣지 않았다.", "c30Basis": "아라비아의 향료를 페트라에서 지중해 항구 가사로 실어 내던 나바테아 대상로다. 오보다·엘루사 같은 길목 도시가 기원전 1세기~서기 1세기에 쓰였다. 트라야누스가 서기 111~114년에 놓은 Via Nova Traiana 와는 다른 길이다.", "license": "Itiner-e (Brughmans, de Soto, Pažout, Bjerregaard Vahlstrup 2024) CC BY 4.0", "id": "incense-gaza#1", "certainty": "confirmed", "segmentName": "Moyet Awad-Petra", "segmentSource": "TIR Iudaea-Palaestina, Ben David and Isaac 2020, Kennedy 2021", "lengthKm": 229, "certaintyMix": {"confirmed": 4, "probable": 12}, "walkDays": [7, 9]}, "geometry": {"type": "MultiLineString", "coordinates": [[[35.44037, 30.36251], [35.44159, 30.36092], [35.44465, 30.36087], [35.44548, 30.3604], [35.44588, 30.36126], [35.44825, 30.36127], [35.4502, 30.36239], [35.4518, 30.36201], [35.45134, 30.36096], [35.45142, 30.35856], [35.45608, 30.35316], [35.45669, 30.35042], [35.45611, 30.34891], [35.45533, 30.34814], [35.4565, 30.34798], [35.45694, 30.3474], [35.45461, 30.34567], [35.45433, 30.34494], [35.45245, 30.34368], [35.45156, 30.34247], [35.4517, 30.34132], [35.45262, 30.34049], [35.45034, 30.33984], [35.4493, 30.33888], [35.44765, 30.33821], [35.44611, 30.33434], [35.44168, 30.33084], [35.44038, 30.33033], [35.44194, 30.32861]]]}}, {"type": "Feature", "properties": {"roadId": "incense-gaza", "nameKo": "나바테아 향료길 (페트라–가사)", "nameEn": "Nabataean incense road (Petra–Gaza)", "routeType": "trade", "activeC30": true, "region": "Negev/Nabataea", "periodStart": null, "periodEnd": null, "via": ["가사"], "relatedPlaces": ["가사"], "relatedVerses": [], "sourceIds": ["itinere-2024", "pleiades", "josephus"], "noteKo": "유일하게 서기 30년 이전부터 확실히 쓰인 나바테아 교역로다. 요단 동편을 남북으로 잇는 Via Nova Traiana 는 서기 111~114년 도로여서 이 층에 넣지 않았다.", "c30Basis": "아라비아의 향료를 페트라에서 지중해 항구 가사로 실어 내던 나바테아 대상로다. 오보다·엘루사 같은 길목 도시가 기원전 1세기~서기 1세기에 쓰였다. 트라야누스가 서기 111~114년에 놓은 Via Nova Traiana 와는 다른 길이다.", "license": "Itiner-e (Brughmans, de Soto, Pažout, Bjerregaard Vahlstrup 2024) CC BY 4.0", "id": "incense-gaza#2", "certainty": "probable", "segmentName": "Moyet Awad-Petra", "segmentSource": "Roll 2007, Smith 2010, Kennedy 2021", "lengthKm": 229, "certaintyMix": {"confirmed": 4, "probable": 12}, "walkDays": [7, 9]}, "geometry": {"type": "MultiLineString", "coordinates": [[[35.38752, 30.29505], [35.38685, 30.29487], [35.38556, 30.2961], [35.38375, 30.29594], [35.38276, 30.29662], [35.3818, 30.29672], [35.3811, 30.29742], [35.37775, 30.29817], [35.37655, 30.29898], [35.37589, 30.303], [35.37346, 30.30561], [35.37356, 30.30696], [35.37484, 30.30792], [35.37503, 30.30823], [35.37456, 30.30871], [35.37541, 30.30916], [35.37549, 30.30987], [35.37269, 30.31161], [35.37238, 30.31302], [35.37109, 30.31521], [35.37035, 30.31805], [35.36908, 30.31829], [35.36919, 30.31867], [35.36674, 30.32161], [35.36216, 30.32614], [35.35481, 30.32778], [35.35051, 30.33004], [35.34959, 30.33018], [35.34666, 30.32923], [35.34578, 30.32927], [35.34478, 30.32988], [35.34112, 30.33072], [35.34024, 30.33196], [35.33938, 30.33158], [35.33838, 30.33165], [35.33612, 30.3344], [35.33533, 30.33431], [35.33356, 30.33639], [35.33037, 30.33763], [35.32879, 30.3373], [35.32554, 30.33795], [35.32323, 30.33914], [35.32069, 30.34296], [35.31878, 30.34452], [35.31695, 30.34498], [35.3143, 30.34375], [35.3126, 30.34467], [35.3105, 30.34766], [35.30875, 30.34731], [35.30892, 30.34795]]]}}, {"type": "Feature", "properties": {"roadId": "incense-gaza", "nameKo": "나바테아 향료길 (페트라–가사)", "nameEn": "Nabataean incense road (Petra–Gaza)", "routeType": "trade", "activeC30": true, "region": "Negev/Nabataea", "periodStart": null, "periodEnd": null, "via": ["가사"], "relatedPlaces": ["가사"], "relatedVerses": [], "sourceIds": ["itinere-2024", "pleiades", "josephus"], "noteKo": "유일하게 서기 30년 이전부터 확실히 쓰인 나바테아 교역로다. 요단 동편을 남북으로 잇는 Via Nova Traiana 는 서기 111~114년 도로여서 이 층에 넣지 않았다.", "c30Basis": "아라비아의 향료를 페트라에서 지중해 항구 가사로 실어 내던 나바테아 대상로다. 오보다·엘루사 같은 길목 도시가 기원전 1세기~서기 1세기에 쓰였다. 트라야누스가 서기 111~114년에 놓은 Via Nova Traiana 와는 다른 길이다.", "license": "Itiner-e (Brughmans, de Soto, Pažout, Bjerregaard Vahlstrup 2024) CC BY 4.0", "id": "incense-gaza#3", "certainty": "probable", "segmentName": "Moyet Awad-Petra", "segmentSource": "Roll 2007, Smith 2010, Kennedy 2021", "lengthKm": 229, "certaintyMix": {"confirmed": 4, "probable": 12}, "walkDays": [7, 9]}, "geometry": {"type": "MultiLineString", "coordinates": [[[35.30892, 30.34795], [35.31049, 30.35204], [35.31252, 30.3554], [35.31582, 30.35766], [35.31858, 30.35726], [35.32036, 30.3574]]]}}, {"type": "Feature", "properties": {"roadId": "incense-gaza", "nameKo": "나바테아 향료길 (페트라–가사)", "nameEn": "Nabataean incense road (Petra–Gaza)", "routeType": "trade", "activeC30": true, "region": "Negev/Nabataea", "periodStart": null, "periodEnd": null, "via": ["가사"], "relatedPlaces": ["가사"], "relatedVerses": [], "sourceIds": ["itinere-2024", "pleiades", "josephus"], "noteKo": "유일하게 서기 30년 이전부터 확실히 쓰인 나바테아 교역로다. 요단 동편을 남북으로 잇는 Via Nova Traiana 는 서기 111~114년 도로여서 이 층에 넣지 않았다.", "c30Basis": "아라비아의 향료를 페트라에서 지중해 항구 가사로 실어 내던 나바테아 대상로다. 오보다·엘루사 같은 길목 도시가 기원전 1세기~서기 1세기에 쓰였다. 트라야누스가 서기 111~114년에 놓은 Via Nova Traiana 와는 다른 길이다.", "license": "Itiner-e (Brughmans, de Soto, Pažout, Bjerregaard Vahlstrup 2024) CC BY 4.0", "id": "incense-gaza#4", "certainty": "probable", "segmentName": "Moyet Awad-Petra", "segmentSource": "Roll 2007, Smith 2010, Kennedy 2021", "lengthKm": 229, "certaintyMix": {"confirmed": 4, "probable": 12}, "walkDays": [7, 9]}, "geometry": {"type": "MultiLineString", "coordinates": [[[35.32036, 30.3574], [35.32023, 30.3611], [35.32082, 30.36356], [35.32068, 30.36812]]]}}, {"type": "Feature", "properties": {"roadId": "incense-gaza", "nameKo": "나바테아 향료길 (페트라–가사)", "nameEn": "Nabataean incense road (Petra–Gaza)", "routeType": "trade", "activeC30": true, "region": "Negev/Nabataea", "periodStart": null, "periodEnd": null, "via": ["가사"], "relatedPlaces": ["가사"], "relatedVerses": [], "sourceIds": ["itinere-2024", "pleiades", "josephus"], "noteKo": "유일하게 서기 30년 이전부터 확실히 쓰인 나바테아 교역로다. 요단 동편을 남북으로 잇는 Via Nova Traiana 는 서기 111~114년 도로여서 이 층에 넣지 않았다.", "c30Basis": "아라비아의 향료를 페트라에서 지중해 항구 가사로 실어 내던 나바테아 대상로다. 오보다·엘루사 같은 길목 도시가 기원전 1세기~서기 1세기에 쓰였다. 트라야누스가 서기 111~114년에 놓은 Via Nova Traiana 와는 다른 길이다.", "license": "Itiner-e (Brughmans, de Soto, Pažout, Bjerregaard Vahlstrup 2024) CC BY 4.0", "id": "incense-gaza#5", "certainty": "probable", "segmentName": "Moyet Awad-Petra", "segmentSource": "Roll 2007, Smith 2010, Kennedy 2021", "lengthKm": 229, "certaintyMix": {"confirmed": 4, "probable": 12}, "walkDays": [7, 9]}, "geometry": {"type": "MultiLineString", "coordinates": [[[35.32068, 30.36812], [35.31994, 30.37857], [35.31725, 30.3874], [35.316, 30.39425], [35.30095, 30.39854], [35.27635, 30.40846], [35.26091, 30.41841], [35.25459, 30.42146], [35.24383, 30.42741], [35.23723, 30.43041], [35.23612, 30.43154], [35.23467, 30.43227], [35.22951, 30.43353], [35.22764, 30.4344], [35.22614, 30.43574], [35.2212, 30.44203], [35.21816, 30.44507], [35.21518, 30.4474], [35.20459, 30.45406], [35.20253, 30.45702], [35.20237, 30.45824], [35.20287, 30.46021], [35.20073, 30.46189], [35.19885, 30.46303], [35.19564, 30.46373], [35.18934, 30.46368], [35.18795, 30.4646], [35.18453, 30.4687], [35.18444, 30.47328], [35.18517, 30.48081], [35.1848, 30.48524], [35.18229, 30.49381], [35.17897, 30.49682]]]}}, {"type": "Feature", "properties": {"roadId": "incense-gaza", "nameKo": "나바테아 향료길 (페트라–가사)", "nameEn": "Nabataean incense road (Petra–Gaza)", "routeType": "trade", "activeC30": true, "region": "Negev/Nabataea", "periodStart": null, "periodEnd": null, "via": ["가사"], "relatedPlaces": ["가사"], "relatedVerses": [], "sourceIds": ["itinere-2024", "pleiades", "josephus"], "noteKo": "유일하게 서기 30년 이전부터 확실히 쓰인 나바테아 교역로다. 요단 동편을 남북으로 잇는 Via Nova Traiana 는 서기 111~114년 도로여서 이 층에 넣지 않았다.", "c30Basis": "아라비아의 향료를 페트라에서 지중해 항구 가사로 실어 내던 나바테아 대상로다. 오보다·엘루사 같은 길목 도시가 기원전 1세기~서기 1세기에 쓰였다. 트라야누스가 서기 111~114년에 놓은 Via Nova Traiana 와는 다른 길이다.", "license": "Itiner-e (Brughmans, de Soto, Pažout, Bjerregaard Vahlstrup 2024) CC BY 4.0", "id": "incense-gaza#6", "certainty": "probable", "segmentName": "Moyet Awad-Petra", "segmentSource": "Roll 2007, Smith 2010, Kennedy 2021", "lengthKm": 229, "certaintyMix": {"confirmed": 4, "probable": 12}, "walkDays": [7, 9]}, "geometry": {"type": "MultiLineString", "coordinates": [[[35.17897, 30.49682], [35.17612, 30.4976], [35.17288, 30.49717], [35.1702, 30.49729], [35.16743, 30.49986], [35.1616, 30.50072], [35.15767, 30.50044], [35.15592, 30.50102], [35.15333, 30.50387], [35.15183, 30.50486], [35.14843, 30.50536], [35.14233, 30.51019], [35.1422, 30.51192], [35.14421, 30.51704], [35.14646, 30.52073], [35.14721, 30.52393], [35.1499, 30.52721], [35.15252, 30.52773], [35.15315, 30.52833], [35.15511, 30.53184], [35.15693, 30.53317], [35.1589, 30.53544], [35.16033, 30.53913]]]}}, {"type": "Feature", "properties": {"roadId": "incense-gaza", "nameKo": "나바테아 향료길 (페트라–가사)", "nameEn": "Nabataean incense road (Petra–Gaza)", "routeType": "trade", "activeC30": true, "region": "Negev/Nabataea", "periodStart": null, "periodEnd": null, "via": ["가사"], "relatedPlaces": ["가사"], "relatedVerses": [], "sourceIds": ["itinere-2024", "pleiades", "josephus"], "noteKo": "유일하게 서기 30년 이전부터 확실히 쓰인 나바테아 교역로다. 요단 동편을 남북으로 잇는 Via Nova Traiana 는 서기 111~114년 도로여서 이 층에 넣지 않았다.", "c30Basis": "아라비아의 향료를 페트라에서 지중해 항구 가사로 실어 내던 나바테아 대상로다. 오보다·엘루사 같은 길목 도시가 기원전 1세기~서기 1세기에 쓰였다. 트라야누스가 서기 111~114년에 놓은 Via Nova Traiana 와는 다른 길이다.", "license": "Itiner-e (Brughmans, de Soto, Pažout, Bjerregaard Vahlstrup 2024) CC BY 4.0", "id": "incense-gaza#7", "certainty": "probable", "segmentName": "Moyet Awad-Petra", "segmentSource": "TIR Iudaea-Palaestina, Ben David and Isaac 2020, Kennedy 2021", "lengthKm": 229, "certaintyMix": {"confirmed": 4, "probable": 12}, "walkDays": [7, 9]}, "geometry": {"type": "MultiLineString", "coordinates": [[[35.32036, 30.3574], [35.32245, 30.35728], [35.32389, 30.35815], [35.32656, 30.36063], [35.32666, 30.36192], [35.32626, 30.363], [35.32774, 30.36349], [35.33154, 30.36317], [35.3361, 30.3637], [35.33889, 30.36445], [35.34009, 30.36441], [35.34233, 30.36604], [35.34829, 30.36797], [35.34982, 30.36757], [35.3527, 30.36812], [35.35483, 30.36912], [35.36183, 30.36929]]]}}, {"type": "Feature", "properties": {"roadId": "incense-gaza", "nameKo": "나바테아 향료길 (페트라–가사)", "nameEn": "Nabataean incense road (Petra–Gaza)", "routeType": "trade", "activeC30": true, "region": "Negev/Nabataea", "periodStart": null, "periodEnd": null, "via": ["가사"], "relatedPlaces": ["가사"], "relatedVerses": [], "sourceIds": ["itinere-2024", "pleiades", "josephus"], "noteKo": "유일하게 서기 30년 이전부터 확실히 쓰인 나바테아 교역로다. 요단 동편을 남북으로 잇는 Via Nova Traiana 는 서기 111~114년 도로여서 이 층에 넣지 않았다.", "c30Basis": "아라비아의 향료를 페트라에서 지중해 항구 가사로 실어 내던 나바테아 대상로다. 오보다·엘루사 같은 길목 도시가 기원전 1세기~서기 1세기에 쓰였다. 트라야누스가 서기 111~114년에 놓은 Via Nova Traiana 와는 다른 길이다.", "license": "Itiner-e (Brughmans, de Soto, Pažout, Bjerregaard Vahlstrup 2024) CC BY 4.0", "id": "incense-gaza#8", "certainty": "confirmed", "segmentName": "Oboda-Moyet Awad", "segmentSource": "TIR Iudaea-Palaestina, Ben David and Isaac 2020", "lengthKm": 229, "certaintyMix": {"confirmed": 4, "probable": 12}, "walkDays": [7, 9]}, "geometry": {"type": "MultiLineString", "coordinates": [[[34.77366, 30.79421], [34.77582, 30.79505], [34.78514, 30.78993], [34.79081, 30.78368], [34.79314, 30.78019], [34.79899, 30.77436], [34.80286, 30.7671], [34.80273, 30.76194], [34.80437, 30.75827], [34.80595, 30.75644], [34.80724, 30.7539], [34.80976, 30.75308], [34.81053, 30.75326], [34.81188, 30.75288], [34.81604, 30.75073], [34.82401, 30.74525], [34.8371, 30.73771], [34.8413, 30.73591], [34.84956, 30.72994], [34.85106, 30.73099], [34.85414, 30.73139], [34.85487, 30.73105], [34.85826, 30.73132], [34.86391, 30.73207], [34.86691, 30.73377], [34.87114, 30.73026], [34.87469, 30.73027], [34.87611, 30.72853], [34.87893, 30.72851], [34.87955, 30.72819], [34.8797, 30.72703], [34.88094, 30.72704], [34.88179, 30.72621], [34.88231, 30.7267], [34.88345, 30.72652], [34.88386, 30.72761], [34.88449, 30.7277], [34.88475, 30.72737], [34.88439, 30.72642], [34.88531, 30.7238], [34.88903, 30.72271], [34.88895, 30.72223], [34.88821, 30.72177], [34.8884, 30.71994], [34.88755, 30.71849], [34.88931, 30.71734], [34.88963, 30.71635], [34.88847, 30.71362], [34.88873, 30.71223], [34.89047, 30.71089], [34.89055, 30.71023], [34.8884, 30.70953], [34.88773, 30.70892], [34.88771, 30.70802], [34.89449, 30.70676], [34.89621, 30.70593], [34.89661, 30.70475], [34.89861, 30.70371], [34.90243, 30.70297], [34.90338, 30.70299], [34.90548, 30.70382], [34.90693, 30.70315], [34.90909, 30.70123], [34.91274, 30.69987], [34.91398, 30.70038], [34.91561, 30.69996], [34.91701, 30.70018], [34.91779, 30.6986], [34.91915, 30.69794], [34.91921, 30.69706], [34.92126, 30.69324], [34.9221, 30.69285], [34.92327, 30.69288], [34.92487, 30.6919], [34.926, 30.69194], [34.92855, 30.68876], [34.92787, 30.68734], [34.92576, 30.68658], [34.92607, 30.68654], [34.92528, 30.68606], [34.92535, 30.68487], [34.92658, 30.6822], [34.92888, 30.67886], [34.92932, 30.67725], [34.92887, 30.67316], [34.93087, 30.66952], [34.93206, 30.66823], [34.93204, 30.66649], [34.93097, 30.66362], [34.93115, 30.66276], [34.92969, 30.65551], [34.9273, 30.64797], [34.92646, 30.64468], [34.92653, 30.64357], [34.92376, 30.63782], [34.92399, 30.63485], [34.92487, 30.63209], [34.9297, 30.62162], [34.92965, 30.6204], [34.93022, 30.61991], [34.93052, 30.6181], [34.93179, 30.61511], [34.93324, 30.61328], [34.93343, 30.61245], [34.93577, 30.61037], [34.93875, 30.60672], [34.93878, 30.60576], [34.93941, 30.60545], [34.93977, 30.60455], [34.94072, 30.60394], [34.94218, 30.60367], [34.94462, 30.60412], [34.94619, 30.60521], [34.94647, 30.60477], [34.94787, 30.60474], [34.94836, 30.60409], [34.94911, 30.6042], [34.94971, 30.60342], [34.95108, 30.60395], [34.95203, 30.6039], [34.95315, 30.60259], [34.9546, 30.59858], [34.95718, 30.59805], [34.95785, 30.59687], [34.95759, 30.595], [34.95897, 30.59329], [34.96338, 30.59335], [34.96417, 30.59233], [34.96285, 30.58776], [34.96446, 30.58704], [34.96703, 30.58917], [34.96897, 30.58921], [34.97009, 30.58865], [34.97509, 30.59056], [34.97851, 30.58829], [34.98078, 30.58838], [34.98166, 30.58789], [34.98166, 30.58519], [34.98332, 30.58347], [34.98663, 30.58442], [34.99795, 30.58423], [35.00025, 30.58337], [35.0054, 30.57994], [35.00725, 30.57818], [35.00942, 30.57348], [35.01622, 30.57557], [35.02118, 30.57655], [35.02278, 30.57738], [35.02683, 30.57751], [35.02893, 30.5757], [35.03168, 30.57402], [35.03335, 30.57387], [35.04286, 30.57551], [35.04393, 30.5751], [35.04318, 30.57366], [35.04331, 30.57229], [35.04433, 30.57106], [35.0457, 30.57056], [35.05065, 30.56687], [35.05646, 30.56456], [35.06062, 30.56359], [35.06413, 30.56354], [35.06721, 30.56461], [35.0706, 30.56535], [35.07135, 30.56523], [35.07191, 30.56607], [35.07293, 30.56654], [35.07477, 30.56589], [35.07677, 30.56636], [35.07771, 30.56607], [35.07999, 30.56375], [35.08146, 30.56348], [35.08542, 30.56124], [35.08682, 30.56094], [35.08801, 30.55961], [35.0883, 30.55867], [35.08938, 30.55772], [35.08967, 30.55633], [35.08924, 30.5554], [35.0898, 30.55481], [35.09217, 30.55368], [35.0951, 30.55434], [35.09657, 30.55362], [35.0984, 30.55459], [35.10279, 30.55183], [35.10477, 30.54928], [35.10734, 30.54937], [35.10999, 30.54873], [35.11159, 30.54736], [35.11694, 30.54681], [35.12151, 30.54691], [35.12241, 30.54813], [35.12345, 30.54844], [35.12446, 30.54809], [35.12597, 30.54664], [35.12782, 30.54646], [35.13177, 30.54329], [35.13839, 30.54237], [35.13959, 30.54271], [35.13949, 30.54589], [35.14079, 30.54624], [35.14261, 30.54479], [35.14384, 30.54587], [35.14484, 30.54615], [35.14631, 30.54522], [35.14666, 30.54381], [35.14484, 30.54256], [35.14755, 30.53985], [35.15371, 30.53901], [35.16033, 30.53913]]]}}, {"type": "Feature", "properties": {"roadId": "incense-gaza", "nameKo": "나바테아 향료길 (페트라–가사)", "nameEn": "Nabataean incense road (Petra–Gaza)", "routeType": "trade", "activeC30": true, "region": "Negev/Nabataea", "periodStart": null, "periodEnd": null, "via": ["가사"], "relatedPlaces": ["가사"], "relatedVerses": [], "sourceIds": ["itinere-2024", "pleiades", "josephus"], "noteKo": "유일하게 서기 30년 이전부터 확실히 쓰인 나바테아 교역로다. 요단 동편을 남북으로 잇는 Via Nova Traiana 는 서기 111~114년 도로여서 이 층에 넣지 않았다.", "c30Basis": "아라비아의 향료를 페트라에서 지중해 항구 가사로 실어 내던 나바테아 대상로다. 오보다·엘루사 같은 길목 도시가 기원전 1세기~서기 1세기에 쓰였다. 트라야누스가 서기 111~114년에 놓은 Via Nova Traiana 와는 다른 길이다.", "license": "Itiner-e (Brughmans, de Soto, Pažout, Bjerregaard Vahlstrup 2024) CC BY 4.0", "id": "incense-gaza#9", "certainty": "confirmed", "segmentName": "Oboda-Moyet Awad", "segmentSource": "TIR Iudaea-Palaestina, Ben David and Isaac 2020", "lengthKm": 229, "certaintyMix": {"confirmed": 4, "probable": 12}, "walkDays": [7, 9]}, "geometry": {"type": "MultiLineString", "coordinates": [[[35.16033, 30.53913], [35.16192, 30.541]]]}}, {"type": "Feature", "properties": {"roadId": "incense-gaza", "nameKo": "나바테아 향료길 (페트라–가사)", "nameEn": "Nabataean incense road (Petra–Gaza)", "routeType": "trade", "activeC30": true, "region": "Negev/Nabataea", "periodStart": null, "periodEnd": null, "via": ["가사"], "relatedPlaces": ["가사"], "relatedVerses": [], "sourceIds": ["itinere-2024", "pleiades", "josephus"], "noteKo": "유일하게 서기 30년 이전부터 확실히 쓰인 나바테아 교역로다. 요단 동편을 남북으로 잇는 Via Nova Traiana 는 서기 111~114년 도로여서 이 층에 넣지 않았다.", "c30Basis": "아라비아의 향료를 페트라에서 지중해 항구 가사로 실어 내던 나바테아 대상로다. 오보다·엘루사 같은 길목 도시가 기원전 1세기~서기 1세기에 쓰였다. 트라야누스가 서기 111~114년에 놓은 Via Nova Traiana 와는 다른 길이다.", "license": "Itiner-e (Brughmans, de Soto, Pažout, Bjerregaard Vahlstrup 2024) CC BY 4.0", "id": "incense-gaza#10", "certainty": "probable", "segmentName": "Elusa-Oboda", "segmentSource": "TIR Iudaea-Palaestina, Ben David and Isaac 2020", "lengthKm": 229, "certaintyMix": {"confirmed": 4, "probable": 12}, "walkDays": [7, 9]}, "geometry": {"type": "MultiLineString", "coordinates": [[[34.65512, 31.09686], [34.65293, 31.08312], [34.66231, 31.06934], [34.67183, 31.06301], [34.67725, 31.05757], [34.68345, 31.03902], [34.68975, 31.02312], [34.69599, 31.01713], [34.69681, 31.011], [34.69674, 31.00076], [34.6997, 30.99698], [34.69909, 30.98763], [34.6972, 30.97964], [34.69632, 30.97252], [34.69457, 30.96384], [34.69496, 30.95408], [34.69569, 30.94974], [34.69771, 30.94705], [34.70126, 30.94347], [34.70273, 30.94035], [34.70216, 30.93407], [34.70659, 30.93228], [34.71054, 30.93277], [34.71372, 30.93275], [34.71601, 30.93113], [34.72127, 30.9285], [34.72171, 30.92762], [34.72102, 30.92645], [34.71907, 30.92534], [34.71624, 30.92505], [34.71451, 30.92534], [34.7126, 30.92473], [34.70738, 30.92501], [34.70284, 30.92454], [34.70102, 30.922]]]}}, {"type": "Feature", "properties": {"roadId": "incense-gaza", "nameKo": "나바테아 향료길 (페트라–가사)", "nameEn": "Nabataean incense road (Petra–Gaza)", "routeType": "trade", "activeC30": true, "region": "Negev/Nabataea", "periodStart": null, "periodEnd": null, "via": ["가사"], "relatedPlaces": ["가사"], "relatedVerses": [], "sourceIds": ["itinere-2024", "pleiades", "josephus"], "noteKo": "유일하게 서기 30년 이전부터 확실히 쓰인 나바테아 교역로다. 요단 동편을 남북으로 잇는 Via Nova Traiana 는 서기 111~114년 도로여서 이 층에 넣지 않았다.", "c30Basis": "아라비아의 향료를 페트라에서 지중해 항구 가사로 실어 내던 나바테아 대상로다. 오보다·엘루사 같은 길목 도시가 기원전 1세기~서기 1세기에 쓰였다. 트라야누스가 서기 111~114년에 놓은 Via Nova Traiana 와는 다른 길이다.", "license": "Itiner-e (Brughmans, de Soto, Pažout, Bjerregaard Vahlstrup 2024) CC BY 4.0", "id": "incense-gaza#11", "certainty": "probable", "segmentName": "Elusa-Oboda", "segmentSource": "TIR Iudaea-Palaestina, Ben David and Isaac 2020", "lengthKm": 229, "certaintyMix": {"confirmed": 4, "probable": 12}, "walkDays": [7, 9]}, "geometry": {"type": "MultiLineString", "coordinates": [[[34.77042, 30.79322], [34.77267, 30.79301], [34.77366, 30.79421]]]}}, {"type": "Feature", "properties": {"roadId": "incense-gaza", "nameKo": "나바테아 향료길 (페트라–가사)", "nameEn": "Nabataean incense road (Petra–Gaza)", "routeType": "trade", "activeC30": true, "region": "Negev/Nabataea", "periodStart": null, "periodEnd": null, "via": ["가사"], "relatedPlaces": ["가사"], "relatedVerses": [], "sourceIds": ["itinere-2024", "pleiades", "josephus"], "noteKo": "유일하게 서기 30년 이전부터 확실히 쓰인 나바테아 교역로다. 요단 동편을 남북으로 잇는 Via Nova Traiana 는 서기 111~114년 도로여서 이 층에 넣지 않았다.", "c30Basis": "아라비아의 향료를 페트라에서 지중해 항구 가사로 실어 내던 나바테아 대상로다. 오보다·엘루사 같은 길목 도시가 기원전 1세기~서기 1세기에 쓰였다. 트라야누스가 서기 111~114년에 놓은 Via Nova Traiana 와는 다른 길이다.", "license": "Itiner-e (Brughmans, de Soto, Pažout, Bjerregaard Vahlstrup 2024) CC BY 4.0", "id": "incense-gaza#12", "certainty": "probable", "segmentName": "Elusa-Oboda", "segmentSource": "TIR Iudaea-Palaestina, Ben David and Isaac 2020", "lengthKm": 229, "certaintyMix": {"confirmed": 4, "probable": 12}, "walkDays": [7, 9]}, "geometry": {"type": "MultiLineString", "coordinates": [[[34.70102, 30.922], [34.70142, 30.92091], [34.70398, 30.91832], [34.70632, 30.91714], [34.70913, 30.9178], [34.71011, 30.91719], [34.71173, 30.91422], [34.71161, 30.911], [34.71784, 30.90828], [34.72021, 30.90815], [34.72127, 30.90749], [34.72503, 30.90706], [34.7271, 30.90567], [34.72839, 30.90342], [34.72966, 30.90358], [34.73131, 30.9029], [34.73318, 30.90099], [34.7329, 30.89766], [34.73322, 30.89713], [34.73496, 30.89661], [34.73685, 30.89704], [34.74078, 30.89931], [34.7432, 30.90137], [34.74529, 30.90256], [34.74688, 30.90293], [34.74791, 30.9027], [34.7483, 30.90209], [34.74968, 30.90133], [34.75058, 30.89674], [34.75283, 30.89557], [34.75515, 30.89164], [34.75393, 30.88649], [34.75148, 30.88063], [34.7463, 30.87436], [34.74595, 30.87207]]]}}, {"type": "Feature", "properties": {"roadId": "incense-gaza", "nameKo": "나바테아 향료길 (페트라–가사)", "nameEn": "Nabataean incense road (Petra–Gaza)", "routeType": "trade", "activeC30": true, "region": "Negev/Nabataea", "periodStart": null, "periodEnd": null, "via": ["가사"], "relatedPlaces": ["가사"], "relatedVerses": [], "sourceIds": ["itinere-2024", "pleiades", "josephus"], "noteKo": "유일하게 서기 30년 이전부터 확실히 쓰인 나바테아 교역로다. 요단 동편을 남북으로 잇는 Via Nova Traiana 는 서기 111~114년 도로여서 이 층에 넣지 않았다.", "c30Basis": "아라비아의 향료를 페트라에서 지중해 항구 가사로 실어 내던 나바테아 대상로다. 오보다·엘루사 같은 길목 도시가 기원전 1세기~서기 1세기에 쓰였다. 트라야누스가 서기 111~114년에 놓은 Via Nova Traiana 와는 다른 길이다.", "license": "Itiner-e (Brughmans, de Soto, Pažout, Bjerregaard Vahlstrup 2024) CC BY 4.0", "id": "incense-gaza#13", "certainty": "probable", "segmentName": "Elusa-Oboda", "segmentSource": "TIR Iudaea-Palaestina, Ben David and Isaac 2020", "lengthKm": 229, "certaintyMix": {"confirmed": 4, "probable": 12}, "walkDays": [7, 9]}, "geometry": {"type": "MultiLineString", "coordinates": [[[34.74025, 30.8315], [34.74194, 30.83086], [34.74459, 30.83117], [34.74819, 30.83045], [34.74901, 30.82934], [34.74829, 30.82843], [34.74833, 30.82664], [34.75042, 30.82593], [34.75178, 30.82488], [34.75299, 30.82321], [34.75452, 30.81968], [34.75681, 30.81628], [34.75981, 30.81294], [34.76256, 30.80462], [34.76479, 30.79979], [34.76774, 30.79471], [34.77042, 30.79322]]]}}, {"type": "Feature", "properties": {"roadId": "incense-gaza", "nameKo": "나바테아 향료길 (페트라–가사)", "nameEn": "Nabataean incense road (Petra–Gaza)", "routeType": "trade", "activeC30": true, "region": "Negev/Nabataea", "periodStart": null, "periodEnd": null, "via": ["가사"], "relatedPlaces": ["가사"], "relatedVerses": [], "sourceIds": ["itinere-2024", "pleiades", "josephus"], "noteKo": "유일하게 서기 30년 이전부터 확실히 쓰인 나바테아 교역로다. 요단 동편을 남북으로 잇는 Via Nova Traiana 는 서기 111~114년 도로여서 이 층에 넣지 않았다.", "c30Basis": "아라비아의 향료를 페트라에서 지중해 항구 가사로 실어 내던 나바테아 대상로다. 오보다·엘루사 같은 길목 도시가 기원전 1세기~서기 1세기에 쓰였다. 트라야누스가 서기 111~114년에 놓은 Via Nova Traiana 와는 다른 길이다.", "license": "Itiner-e (Brughmans, de Soto, Pažout, Bjerregaard Vahlstrup 2024) CC BY 4.0", "id": "incense-gaza#14", "certainty": "probable", "segmentName": "Elusa-Oboda", "segmentSource": "TIR Iudaea-Palaestina, Ben David and Isaac 2020", "lengthKm": 229, "certaintyMix": {"confirmed": 4, "probable": 12}, "walkDays": [7, 9]}, "geometry": {"type": "MultiLineString", "coordinates": [[[34.74595, 30.87207], [34.74551, 30.86923], [34.74353, 30.86521], [34.73991, 30.86196], [34.73635, 30.85754], [34.7307, 30.85474], [34.72876, 30.84932], [34.72782, 30.84456], [34.72898, 30.84272], [34.73886, 30.83519], [34.73948, 30.83452], [34.73955, 30.83212], [34.74025, 30.8315]]]}}, {"type": "Feature", "properties": {"roadId": "incense-gaza", "nameKo": "나바테아 향료길 (페트라–가사)", "nameEn": "Nabataean incense road (Petra–Gaza)", "routeType": "trade", "activeC30": true, "region": "Negev/Nabataea", "periodStart": null, "periodEnd": null, "via": ["가사"], "relatedPlaces": ["가사"], "relatedVerses": [], "sourceIds": ["itinere-2024", "pleiades", "josephus"], "noteKo": "유일하게 서기 30년 이전부터 확실히 쓰인 나바테아 교역로다. 요단 동편을 남북으로 잇는 Via Nova Traiana 는 서기 111~114년 도로여서 이 층에 넣지 않았다.", "c30Basis": "아라비아의 향료를 페트라에서 지중해 항구 가사로 실어 내던 나바테아 대상로다. 오보다·엘루사 같은 길목 도시가 기원전 1세기~서기 1세기에 쓰였다. 트라야누스가 서기 111~114년에 놓은 Via Nova Traiana 와는 다른 길이다.", "license": "Itiner-e (Brughmans, de Soto, Pažout, Bjerregaard Vahlstrup 2024) CC BY 4.0", "id": "incense-gaza#15", "certainty": "probable", "segmentName": "Gaza-Elusa", "segmentSource": "TIR Iudaea-Palaestina, Ben David and Isaac 2020", "lengthKm": 229, "certaintyMix": {"confirmed": 4, "probable": 12}, "walkDays": [7, 9]}, "geometry": {"type": "MultiLineString", "coordinates": [[[34.46713, 31.50265], [34.47542, 31.47837], [34.47933, 31.47165], [34.48735, 31.44648], [34.49406, 31.43194], [34.50115, 31.4215], [34.50339, 31.41329], [34.50171, 31.40882], [34.50189, 31.3939], [34.50451, 31.37899], [34.50693, 31.35419], [34.52576, 31.3169], [34.53378, 31.30347], [34.54515, 31.27662], [34.54702, 31.26227], [34.54894, 31.25338], [34.54923, 31.23852], [34.55075, 31.23243], [34.55746, 31.22162], [34.56231, 31.21174], [34.572, 31.1985], [34.57573, 31.19496], [34.58393, 31.19086], [34.59904, 31.16662], [34.60127, 31.15935], [34.60668, 31.1517], [34.61582, 31.14517], [34.62514, 31.13399], [34.62924, 31.12709], [34.63428, 31.11721], [34.64062, 31.10732], [34.64357, 31.09845], [34.65512, 31.09686]]]}}, {"type": "Feature", "properties": {"roadId": "via-nova-traiana", "nameKo": "Via Nova Traiana (서기 111~114년)", "nameEn": "Via Nova Traiana (서기 111~114년)", "routeType": "later", "activeC30": false, "region": "later", "periodStart": 111, "periodEnd": null, "via": [], "relatedPlaces": [], "relatedVerses": [], "sourceIds": ["itinere-2024"], "noteKo": "서기 30년 이후에 놓인 길이라 기준 화면에서는 숨긴다.", "c30Basis": "", "license": "Itiner-e CC BY 4.0", "id": "via-nova-traiana#0", "certainty": "probable", "segmentName": "Characmoba-Thornia", "segmentSource": "Thomsen 1917, Brünnow and Domaszewski 1904", "lengthKm": 269, "certaintyMix": {"confirmed": 14, "probable": 14}, "walkDays": [8, 11]}, "geometry": {"type": "MultiLineString", "coordinates": [[[35.73014, 31.16994], [35.73071, 31.16026], [35.72459, 31.14573], [35.71811, 31.13429], [35.71031, 31.1187], [35.70449, 31.10236]]]}}, {"type": "Feature", "properties": {"roadId": "via-nova-traiana", "nameKo": "Via Nova Traiana (서기 111~114년)", "nameEn": "Via Nova Traiana (서기 111~114년)", "routeType": "later", "activeC30": false, "region": "later", "periodStart": 111, "periodEnd": null, "via": [], "relatedPlaces": [], "relatedVerses": [], "sourceIds": ["itinere-2024"], "noteKo": "서기 30년 이후에 놓인 길이라 기준 화면에서는 숨긴다.", "c30Basis": "", "license": "Itiner-e CC BY 4.0", "id": "via-nova-traiana#1", "certainty": "probable", "segmentName": "Characmoba-Thornia", "segmentSource": "Thomsen 1917, Brünnow and Domaszewski 1904", "lengthKm": 269, "certaintyMix": {"confirmed": 14, "probable": 14}, "walkDays": [8, 11]}, "geometry": {"type": "MultiLineString", "coordinates": [[[35.70449, 31.10236], [35.70407, 31.0842], [35.70724, 31.0661], [35.70882, 31.05012], [35.71359, 31.03551]]]}}, {"type": "Feature", "properties": {"roadId": "via-nova-traiana", "nameKo": "Via Nova Traiana (서기 111~114년)", "nameEn": "Via Nova Traiana (서기 111~114년)", "routeType": "later", "activeC30": false, "region": "later", "periodStart": 111, "periodEnd": null, "via": [], "relatedPlaces": [], "relatedVerses": [], "sourceIds": ["itinere-2024"], "noteKo": "서기 30년 이후에 놓인 길이라 기준 화면에서는 숨긴다.", "c30Basis": "", "license": "Itiner-e CC BY 4.0", "id": "via-nova-traiana#2", "certainty": "probable", "segmentName": "Characmoba-Thornia", "segmentSource": "Thomsen 1917, Brünnow and Domaszewski 1904", "lengthKm": 269, "certaintyMix": {"confirmed": 14, "probable": 14}, "walkDays": [8, 11]}, "geometry": {"type": "MultiLineString", "coordinates": [[[35.7178, 31.02784], [35.74747, 31.00895], [35.7628, 31.00182], [35.7721, 30.99278], [35.78239, 30.98187]]]}}, {"type": "Feature", "properties": {"roadId": "via-nova-traiana", "nameKo": "Via Nova Traiana (서기 111~114년)", "nameEn": "Via Nova Traiana (서기 111~114년)", "routeType": "later", "activeC30": false, "region": "later", "periodStart": 111, "periodEnd": null, "via": [], "relatedPlaces": [], "relatedVerses": [], "sourceIds": ["itinere-2024"], "noteKo": "서기 30년 이후에 놓인 길이라 기준 화면에서는 숨긴다.", "c30Basis": "", "license": "Itiner-e CC BY 4.0", "id": "via-nova-traiana#3", "certainty": "probable", "segmentName": "Characmoba-Thornia", "segmentSource": "Thomsen 1917, Brünnow and Domaszewski 1904", "lengthKm": 269, "certaintyMix": {"confirmed": 14, "probable": 14}, "walkDays": [8, 11]}, "geometry": {"type": "MultiLineString", "coordinates": [[[35.71359, 31.03551], [35.7178, 31.02784]]]}}, {"type": "Feature", "properties": {"roadId": "via-nova-traiana", "nameKo": "Via Nova Traiana (서기 111~114년)", "nameEn": "Via Nova Traiana (서기 111~114년)", "routeType": "later", "activeC30": false, "region": "later", "periodStart": 111, "periodEnd": null, "via": [], "relatedPlaces": [], "relatedVerses": [], "sourceIds": ["itinere-2024"], "noteKo": "서기 30년 이후에 놓인 길이라 기준 화면에서는 숨긴다.", "c30Basis": "", "license": "Itiner-e CC BY 4.0", "id": "via-nova-traiana#4", "certainty": "confirmed", "segmentName": "Characmoba-Thornia", "segmentSource": "Thomsen 1917, Brünnow and Domaszewski 1904", "lengthKm": 269, "certaintyMix": {"confirmed": 14, "probable": 14}, "walkDays": [8, 11]}, "geometry": {"type": "MultiLineString", "coordinates": [[[35.77193, 30.95589], [35.77272, 30.95545], [35.77288, 30.95389], [35.77068, 30.94963], [35.77176, 30.94784], [35.7726, 30.94749], [35.77463, 30.94815], [35.77476, 30.94744], [35.77522, 30.94754], [35.77514, 30.94717], [35.77579, 30.94696], [35.77595, 30.94556], [35.77437, 30.94412], [35.77528, 30.94234], [35.7757, 30.93994], [35.77632, 30.93973], [35.77563, 30.93944], [35.77581, 30.93907], [35.7754, 30.93858], [35.7744, 30.93918], [35.77365, 30.93913], [35.77331, 30.93828], [35.7741, 30.9378], [35.7742, 30.93493], [35.77294, 30.9355], [35.77335, 30.93448], [35.77103, 30.93373], [35.77227, 30.92931], [35.77233, 30.92779], [35.77174, 30.92773], [35.76922, 30.92941], [35.7686, 30.92892], [35.76874, 30.92834], [35.76822, 30.9284], [35.76684, 30.92684], [35.7656, 30.92663], [35.76456, 30.92587], [35.76306, 30.92584], [35.76245, 30.92467], [35.76112, 30.92411], [35.76095, 30.92292], [35.75873, 30.92097], [35.75948, 30.91951], [35.75924, 30.91771], [35.76065, 30.91423], [35.76001, 30.91241], [35.7594, 30.90617], [35.75852, 30.90451], [35.75777, 30.89876], [35.75581, 30.89473], [35.75577, 30.89379], [35.75681, 30.89247], [35.75833, 30.88666], [35.76081, 30.87974], [35.76297, 30.87717], [35.76496, 30.87143], [35.76389, 30.86491], [35.76213, 30.8637], [35.76224, 30.86264], [35.76132, 30.86015], [35.7617, 30.85867], [35.76079, 30.85778], [35.76124, 30.8563], [35.76176, 30.85583], [35.76214, 30.85314], [35.76101, 30.85045], [35.76061, 30.84791], [35.76, 30.84703], [35.76128, 30.84577], [35.76392, 30.83764], [35.76279, 30.83622], [35.76239, 30.8344], [35.76073, 30.83231], [35.75987, 30.83333], [35.75913, 30.83531], [35.7577, 30.83298], [35.75059, 30.82484], [35.75002, 30.82465], [35.74899, 30.82297], [35.75031, 30.81943], [35.7499, 30.81756], [35.74896, 30.81639], [35.74866, 30.81406], [35.74793, 30.81234], [35.74855, 30.81105], [35.74781, 30.8057], [35.74023, 30.78626], [35.73031, 30.77011], [35.72827, 30.76608], [35.72613, 30.76367], [35.72577, 30.76197], [35.72618, 30.76106], [35.72592, 30.75956], [35.7282, 30.75728], [35.72873, 30.75514], [35.72856, 30.75402], [35.7266, 30.75041]]]}}, {"type": "Feature", "properties": {"roadId": "via-nova-traiana", "nameKo": "Via Nova Traiana (서기 111~114년)", "nameEn": "Via Nova Traiana (서기 111~114년)", "routeType": "later", "activeC30": false, "region": "later", "periodStart": 111, "periodEnd": null, "via": [], "relatedPlaces": [], "relatedVerses": [], "sourceIds": ["itinere-2024"], "noteKo": "서기 30년 이후에 놓인 길이라 기준 화면에서는 숨긴다.", "c30Basis": "", "license": "Itiner-e CC BY 4.0", "id": "via-nova-traiana#5", "certainty": "probable", "segmentName": "Characmoba-Thornia", "segmentSource": "Thomsen 1917, Brünnow and Domaszewski 1904", "lengthKm": 269, "certaintyMix": {"confirmed": 14, "probable": 14}, "walkDays": [8, 11]}, "geometry": {"type": "MultiLineString", "coordinates": [[[35.78239, 30.98187], [35.7838, 30.97961], [35.78305, 30.97968], [35.78364, 30.97908], [35.78034, 30.97972], [35.78109, 30.9788], [35.77981, 30.97898], [35.78148, 30.97811], [35.78062, 30.97781], [35.78064, 30.97695], [35.77851, 30.97623], [35.77831, 30.97488], [35.77772, 30.9748], [35.77776, 30.97377], [35.77868, 30.97319], [35.77885, 30.97266], [35.77825, 30.97049], [35.77697, 30.97018], [35.77421, 30.97032], [35.77368, 30.96928], [35.77427, 30.96235], [35.77381, 30.96089], [35.77304, 30.96015], [35.77193, 30.95589]]]}}, {"type": "Feature", "properties": {"roadId": "via-nova-traiana", "nameKo": "Via Nova Traiana (서기 111~114년)", "nameEn": "Via Nova Traiana (서기 111~114년)", "routeType": "later", "activeC30": false, "region": "later", "periodStart": 111, "periodEnd": null, "via": [], "relatedPlaces": [], "relatedVerses": [], "sourceIds": ["itinere-2024"], "noteKo": "서기 30년 이후에 놓인 길이라 기준 화면에서는 숨긴다.", "c30Basis": "", "license": "Itiner-e CC BY 4.0", "id": "via-nova-traiana#6", "certainty": "probable", "segmentName": "Thornia-Negla", "segmentSource": "Thomsen 1917, Brünnow and Domaszewski 1904", "lengthKm": 269, "certaintyMix": {"confirmed": 14, "probable": 14}, "walkDays": [8, 11]}, "geometry": {"type": "MultiLineString", "coordinates": [[[35.7266, 30.75041], [35.72445, 30.74941], [35.72327, 30.74733], [35.72445, 30.74476], [35.7248, 30.74218], [35.72278, 30.73864], [35.72306, 30.73106], [35.72419, 30.72948], [35.72343, 30.72775], [35.72112, 30.72535], [35.71903, 30.71925], [35.71587, 30.71574], [35.71336, 30.71223], [35.71115, 30.71168], [35.70742, 30.70971], [35.69776, 30.70935], [35.69488, 30.70864], [35.69349, 30.70781], [35.69315, 30.70502], [35.69414, 30.70303], [35.69406, 30.70166], [35.69465, 30.70084], [35.69423, 30.70001], [35.69181, 30.6999], [35.69101, 30.69941], [35.69098, 30.69876], [35.68987, 30.69756], [35.68996, 30.69523], [35.68831, 30.69062], [35.68734, 30.68919], [35.68591, 30.6882], [35.68554, 30.68689], [35.68369, 30.68515], [35.67837, 30.6831], [35.67609, 30.68102], [35.67128, 30.67407], [35.66751, 30.67039], [35.66554, 30.66763], [35.66451, 30.66696], [35.66378, 30.66337], [35.66125, 30.66021], [35.65691, 30.64866]]]}}, {"type": "Feature", "properties": {"roadId": "via-nova-traiana", "nameKo": "Via Nova Traiana (서기 111~114년)", "nameEn": "Via Nova Traiana (서기 111~114년)", "routeType": "later", "activeC30": false, "region": "later", "periodStart": 111, "periodEnd": null, "via": [], "relatedPlaces": [], "relatedVerses": [], "sourceIds": ["itinere-2024"], "noteKo": "서기 30년 이후에 놓인 길이라 기준 화면에서는 숨긴다.", "c30Basis": "", "license": "Itiner-e CC BY 4.0", "id": "via-nova-traiana#7", "certainty": "confirmed", "segmentName": "Thornia-Negla", "segmentSource": "Brünnow and Domaszewski 1904, Abudanah et al 2021", "lengthKm": 269, "certaintyMix": {"confirmed": 14, "probable": 14}, "walkDays": [8, 11]}, "geometry": {"type": "MultiLineString", "coordinates": [[[35.63739, 30.58332], [35.63129, 30.56987], [35.6284, 30.55924], [35.62746, 30.55032], [35.62863, 30.54559], [35.62871, 30.5434], [35.6282, 30.54102], [35.61753, 30.53155], [35.60931, 30.5294], [35.60533, 30.52905], [35.59992, 30.53183], [35.5915, 30.5294], [35.59018, 30.52845], [35.5852, 30.5264], [35.5834, 30.52517], [35.58155, 30.52486], [35.5811, 30.52392], [35.58024, 30.52331], [35.57806, 30.52281], [35.57687, 30.52194], [35.57661, 30.52102]]]}}, {"type": "Feature", "properties": {"roadId": "via-nova-traiana", "nameKo": "Via Nova Traiana (서기 111~114년)", "nameEn": "Via Nova Traiana (서기 111~114년)", "routeType": "later", "activeC30": false, "region": "later", "periodStart": 111, "periodEnd": null, "via": [], "relatedPlaces": [], "relatedVerses": [], "sourceIds": ["itinere-2024"], "noteKo": "서기 30년 이후에 놓인 길이라 기준 화면에서는 숨긴다.", "c30Basis": "", "license": "Itiner-e CC BY 4.0", "id": "via-nova-traiana#8", "certainty": "confirmed", "segmentName": "Thornia-Negla", "segmentSource": "Brünnow and Domaszewski 1904, Abudanah et al 2021", "lengthKm": 269, "certaintyMix": {"confirmed": 14, "probable": 14}, "walkDays": [8, 11]}, "geometry": {"type": "MultiLineString", "coordinates": [[[35.57661, 30.52102], [35.57216, 30.5185], [35.56865, 30.51824], [35.56661, 30.51718], [35.56389, 30.51794], [35.56191, 30.51693], [35.55929, 30.51719], [35.55746, 30.51784], [35.55639, 30.51962], [35.55472, 30.52113], [35.55154, 30.52142], [35.5501, 30.52189], [35.54827, 30.52095], [35.54679, 30.52107], [35.54577, 30.52066], [35.54427, 30.51948], [35.54158, 30.51928], [35.54094, 30.51778], [35.53898, 30.51749], [35.53597, 30.51639], [35.53589, 30.51551]]]}}, {"type": "Feature", "properties": {"roadId": "via-nova-traiana", "nameKo": "Via Nova Traiana (서기 111~114년)", "nameEn": "Via Nova Traiana (서기 111~114년)", "routeType": "later", "activeC30": false, "region": "later", "periodStart": 111, "periodEnd": null, "via": [], "relatedPlaces": [], "relatedVerses": [], "sourceIds": ["itinere-2024"], "noteKo": "서기 30년 이후에 놓인 길이라 기준 화면에서는 숨긴다.", "c30Basis": "", "license": "Itiner-e CC BY 4.0", "id": "via-nova-traiana#9", "certainty": "probable", "segmentName": "Thornia-Negla", "segmentSource": "Thomsen 1917, Brünnow and Domaszewski 1904", "lengthKm": 269, "certaintyMix": {"confirmed": 14, "probable": 14}, "walkDays": [8, 11]}, "geometry": {"type": "MultiLineString", "coordinates": [[[35.65691, 30.64866], [35.65147, 30.63009], [35.6497, 30.60895], [35.64395, 30.60282], [35.63739, 30.58332]]]}}, {"type": "Feature", "properties": {"roadId": "via-nova-traiana", "nameKo": "Via Nova Traiana (서기 111~114년)", "nameEn": "Via Nova Traiana (서기 111~114년)", "routeType": "later", "activeC30": false, "region": "later", "periodStart": 111, "periodEnd": null, "via": [], "relatedPlaces": [], "relatedVerses": [], "sourceIds": ["itinere-2024"], "noteKo": "서기 30년 이후에 놓인 길이라 기준 화면에서는 숨긴다.", "c30Basis": "", "license": "Itiner-e CC BY 4.0", "id": "via-nova-traiana#10", "certainty": "confirmed", "segmentName": "Petra-Zodocatha", "segmentSource": "Abudanah et al 2016, Kennedy 2021", "lengthKm": 269, "certaintyMix": {"confirmed": 14, "probable": 14}, "walkDays": [8, 11]}, "geometry": {"type": "MultiLineString", "coordinates": [[[35.49764, 30.32376], [35.49812, 30.32196], [35.49765, 30.32092], [35.4978, 30.31994], [35.49871, 30.31882], [35.49873, 30.31703], [35.49988, 30.3148], [35.50013, 30.3097], [35.50327, 30.29856], [35.50494, 30.29768], [35.50774, 30.2938], [35.507, 30.29249], [35.50797, 30.28946], [35.50902, 30.28881], [35.50758, 30.28555], [35.50891, 30.28256], [35.5091, 30.27974], [35.50973, 30.27864], [35.50928, 30.2771], [35.50906, 30.27281], [35.50845, 30.27079], [35.5085, 30.26761], [35.50795, 30.26712], [35.50852, 30.26576], [35.50809, 30.26161], [35.50702, 30.25905], [35.50801, 30.25394], [35.50909, 30.2519], [35.51147, 30.24964], [35.51257, 30.24677], [35.5134, 30.24564], [35.51406, 30.24533], [35.51721, 30.24157], [35.52004, 30.23959], [35.52382, 30.23356], [35.52718, 30.23167], [35.53303, 30.23013]]]}}, {"type": "Feature", "properties": {"roadId": "via-nova-traiana", "nameKo": "Via Nova Traiana (서기 111~114년)", "nameEn": "Via Nova Traiana (서기 111~114년)", "routeType": "later", "activeC30": false, "region": "later", "periodStart": 111, "periodEnd": null, "via": [], "relatedPlaces": [], "relatedVerses": [], "sourceIds": ["itinere-2024"], "noteKo": "서기 30년 이후에 놓인 길이라 기준 화면에서는 숨긴다.", "c30Basis": "", "license": "Itiner-e CC BY 4.0", "id": "via-nova-traiana#11", "certainty": "confirmed", "segmentName": "Petra-Zodocatha", "segmentSource": "Abudanah et al 2016, Kennedy 2021", "lengthKm": 269, "certaintyMix": {"confirmed": 14, "probable": 14}, "walkDays": [8, 11]}, "geometry": {"type": "MultiLineString", "coordinates": [[[35.53303, 30.23013], [35.53279, 30.22774], [35.53098, 30.22594], [35.53225, 30.22491], [35.5328, 30.2238], [35.53134, 30.22036], [35.52973, 30.21911], [35.52971, 30.21768], [35.52841, 30.21352], [35.52866, 30.21268], [35.53016, 30.21157], [35.52925, 30.20972], [35.53283, 30.20617], [35.5314, 30.20243], [35.52708, 30.19633], [35.52258, 30.19127], [35.52051, 30.19127], [35.51886, 30.19085], [35.51549, 30.19123], [35.51258, 30.18835], [35.51418, 30.18729], [35.51444, 30.18641], [35.51357, 30.18541], [35.51207, 30.18502], [35.51137, 30.18426], [35.5114, 30.18299], [35.51076, 30.18141], [35.50795, 30.17643], [35.504, 30.17113], [35.50346, 30.16959], [35.49974, 30.16541], [35.49436, 30.16233]]]}}, {"type": "Feature", "properties": {"roadId": "via-nova-traiana", "nameKo": "Via Nova Traiana (서기 111~114년)", "nameEn": "Via Nova Traiana (서기 111~114년)", "routeType": "later", "activeC30": false, "region": "later", "periodStart": 111, "periodEnd": null, "via": [], "relatedPlaces": [], "relatedVerses": [], "sourceIds": ["itinere-2024"], "noteKo": "서기 30년 이후에 놓인 길이라 기준 화면에서는 숨긴다.", "c30Basis": "", "license": "Itiner-e CC BY 4.0", "id": "via-nova-traiana#12", "certainty": "confirmed", "segmentName": "Petra-Zodocatha", "segmentSource": "Graf 1995, Kennedy 2021", "lengthKm": 269, "certaintyMix": {"confirmed": 14, "probable": 14}, "walkDays": [8, 11]}, "geometry": {"type": "MultiLineString", "coordinates": [[[35.48228, 30.31798], [35.48231, 30.3152], [35.48505, 30.31136], [35.4845, 30.31078], [35.48289, 30.31156], [35.48057, 30.31178], [35.48282, 30.30871], [35.48415, 30.30562], [35.48517, 30.30453], [35.48583, 30.30206], [35.4854, 30.29802], [35.48643, 30.29475], [35.48421, 30.29384], [35.48565, 30.29285], [35.48598, 30.28934], [35.4849, 30.28829], [35.48352, 30.28569], [35.48377, 30.28466], [35.48343, 30.28251], [35.48414, 30.28097], [35.484, 30.27897], [35.48462, 30.2771], [35.4862, 30.27611], [35.48766, 30.27419], [35.48674, 30.27292], [35.48665, 30.27176], [35.48617, 30.27144], [35.48488, 30.26836], [35.48524, 30.26706], [35.48395, 30.26196], [35.48407, 30.25966], [35.48291, 30.25656], [35.4829, 30.25507], [35.47975, 30.24718], [35.48091, 30.24287], [35.47949, 30.23983], [35.48031, 30.23863], [35.47897, 30.23904], [35.47828, 30.24011], [35.4783, 30.24126], [35.47576, 30.24216], [35.47523, 30.24203], [35.47432, 30.24069], [35.47183, 30.24008], [35.467, 30.24157], [35.46497, 30.24043], [35.46329, 30.24021], [35.46181, 30.23898], [35.46292, 30.23738], [35.46485, 30.23667], [35.46678, 30.23541], [35.46768, 30.2342], [35.46798, 30.23169], [35.46982, 30.22807], [35.47142, 30.22154], [35.47117, 30.21992], [35.47285, 30.21369], [35.47268, 30.21233]]]}}, {"type": "Feature", "properties": {"roadId": "via-nova-traiana", "nameKo": "Via Nova Traiana (서기 111~114년)", "nameEn": "Via Nova Traiana (서기 111~114년)", "routeType": "later", "activeC30": false, "region": "later", "periodStart": 111, "periodEnd": null, "via": [], "relatedPlaces": [], "relatedVerses": [], "sourceIds": ["itinere-2024"], "noteKo": "서기 30년 이후에 놓인 길이라 기준 화면에서는 숨긴다.", "c30Basis": "", "license": "Itiner-e CC BY 4.0", "id": "via-nova-traiana#13", "certainty": "confirmed", "segmentName": "Petra-Zodocatha", "segmentSource": "Graf 1995, Kennedy 2021", "lengthKm": 269, "certaintyMix": {"confirmed": 14, "probable": 14}, "walkDays": [8, 11]}, "geometry": {"type": "MultiLineString", "coordinates": [[[35.47268, 30.21233], [35.47379, 30.20978], [35.47486, 30.20928], [35.47627, 30.20614], [35.47653, 30.19993], [35.47683, 30.19855], [35.47809, 30.19627], [35.47872, 30.19547], [35.48309, 30.19301], [35.48499, 30.19043], [35.49075, 30.1855], [35.49183, 30.18376], [35.49307, 30.17912], [35.49284, 30.17683], [35.49228, 30.17642], [35.49283, 30.17617], [35.49351, 30.17398], [35.49343, 30.17237], [35.49412, 30.16925], [35.49355, 30.16768], [35.49395, 30.1654], [35.4946, 30.16413], [35.49436, 30.16233]]]}}, {"type": "Feature", "properties": {"roadId": "via-nova-traiana", "nameKo": "Via Nova Traiana (서기 111~114년)", "nameEn": "Via Nova Traiana (서기 111~114년)", "routeType": "later", "activeC30": false, "region": "later", "periodStart": 111, "periodEnd": null, "via": [], "relatedPlaces": [], "relatedVerses": [], "sourceIds": ["itinere-2024"], "noteKo": "서기 30년 이후에 놓인 길이라 기준 화면에서는 숨긴다.", "c30Basis": "", "license": "Itiner-e CC BY 4.0", "id": "via-nova-traiana#14", "certainty": "confirmed", "segmentName": "Petra-Zodocatha", "segmentSource": "Abudanah et al 2016, Kennedy 2021", "lengthKm": 269, "certaintyMix": {"confirmed": 14, "probable": 14}, "walkDays": [8, 11]}, "geometry": {"type": "MultiLineString", "coordinates": [[[35.49764, 30.32376], [35.49697, 30.3247], [35.49392, 30.32635]]]}}, {"type": "Feature", "properties": {"roadId": "via-nova-traiana", "nameKo": "Via Nova Traiana (서기 111~114년)", "nameEn": "Via Nova Traiana (서기 111~114년)", "routeType": "later", "activeC30": false, "region": "later", "periodStart": 111, "periodEnd": null, "via": [], "relatedPlaces": [], "relatedVerses": [], "sourceIds": ["itinere-2024"], "noteKo": "서기 30년 이후에 놓인 길이라 기준 화면에서는 숨긴다.", "c30Basis": "", "license": "Itiner-e CC BY 4.0", "id": "via-nova-traiana#15", "certainty": "confirmed", "segmentName": "Petra-Zodocatha", "segmentSource": "Abudanah et al 2016, Kennedy 2021", "lengthKm": 269, "certaintyMix": {"confirmed": 14, "probable": 14}, "walkDays": [8, 11]}, "geometry": {"type": "MultiLineString", "coordinates": [[[35.48228, 30.31798], [35.4814, 30.31873], [35.4811, 30.32036], [35.48037, 30.32158], [35.47847, 30.32223], [35.47811, 30.32291], [35.47561, 30.32417], [35.47474, 30.32498], [35.47495, 30.3261], [35.47422, 30.32618], [35.47263, 30.32504], [35.46953, 30.32497], [35.46808, 30.32402], [35.467, 30.32159], [35.46425, 30.32197], [35.46231, 30.32091], [35.46066, 30.32188], [35.46, 30.32187], [35.4592, 30.32116], [35.45859, 30.3224], [35.45685, 30.32344], [35.45529, 30.32286], [35.45507, 30.32235], [35.45337, 30.32313], [35.45201, 30.32241], [35.45136, 30.32248], [35.44942, 30.32336], [35.44912, 30.32404], [35.44752, 30.32468], [35.44762, 30.32754], [35.44674, 30.32845], [35.44271, 30.32918], [35.44194, 30.32861]]]}}, {"type": "Feature", "properties": {"roadId": "via-nova-traiana", "nameKo": "Via Nova Traiana (서기 111~114년)", "nameEn": "Via Nova Traiana (서기 111~114년)", "routeType": "later", "activeC30": false, "region": "later", "periodStart": 111, "periodEnd": null, "via": [], "relatedPlaces": [], "relatedVerses": [], "sourceIds": ["itinere-2024"], "noteKo": "서기 30년 이후에 놓인 길이라 기준 화면에서는 숨긴다.", "c30Basis": "", "license": "Itiner-e CC BY 4.0", "id": "via-nova-traiana#16", "certainty": "confirmed", "segmentName": "Petra-Zodocatha", "segmentSource": "Abudanah et al 2016, Kennedy 2021", "lengthKm": 269, "certaintyMix": {"confirmed": 14, "probable": 14}, "walkDays": [8, 11]}, "geometry": {"type": "MultiLineString", "coordinates": [[[35.49392, 30.32635], [35.4913, 30.32555], [35.49022, 30.32563], [35.48688, 30.32326], [35.48371, 30.32201], [35.48327, 30.32157], [35.48294, 30.31873], [35.48228, 30.31798]]]}}, {"type": "Feature", "properties": {"roadId": "via-nova-traiana", "nameKo": "Via Nova Traiana (서기 111~114년)", "nameEn": "Via Nova Traiana (서기 111~114년)", "routeType": "later", "activeC30": false, "region": "later", "periodStart": 111, "periodEnd": null, "via": [], "relatedPlaces": [], "relatedVerses": [], "sourceIds": ["itinere-2024"], "noteKo": "서기 30년 이후에 놓인 길이라 기준 화면에서는 숨긴다.", "c30Basis": "", "license": "Itiner-e CC BY 4.0", "id": "via-nova-traiana#17", "certainty": "probable", "segmentName": "Dibon-Aeropolis", "segmentSource": "Thomsen 1917, Brünnow and Domaszewski 1904", "lengthKm": 269, "certaintyMix": {"confirmed": 14, "probable": 14}, "walkDays": [8, 11]}, "geometry": {"type": "MultiLineString", "coordinates": [[[35.77989, 31.49456], [35.7803, 31.49334], [35.77862, 31.47628], [35.78136, 31.47418], [35.78125, 31.47219], [35.7816, 31.47147], [35.7811, 31.47057], [35.78138, 31.46973], [35.78097, 31.46942], [35.78168, 31.46895], [35.78133, 31.46869], [35.78209, 31.46858], [35.78168, 31.46822], [35.78236, 31.46765], [35.78277, 31.46828], [35.78349, 31.4683], [35.78304, 31.4678], [35.78304, 31.46681], [35.78397, 31.46738], [35.78385, 31.46706], [35.78485, 31.46704], [35.78604, 31.46589], [35.78606, 31.46437], [35.78895, 31.46407], [35.7902, 31.46449], [35.79311, 31.46433], [35.7939, 31.46367], [35.7975, 31.46309], [35.79815, 31.4615], [35.80033, 31.46113], [35.80098, 31.46018], [35.79937, 31.45868], [35.79928, 31.45785], [35.80146, 31.45704], [35.80232, 31.45377], [35.80185, 31.45299], [35.8026, 31.45269], [35.80236, 31.45229], [35.80282, 31.45212], [35.80237, 31.45162], [35.8027, 31.45095], [35.80238, 31.45012], [35.8011, 31.45056], [35.80094, 31.45008], [35.8012, 31.44891], [35.80185, 31.44813], [35.80168, 31.44552], [35.80054, 31.44499], [35.79985, 31.44509], [35.79986, 31.44433], [35.79805, 31.44383], [35.79451, 31.43857], [35.79522, 31.43885], [35.7947, 31.43584], [35.79661, 31.43714], [35.79519, 31.43459], [35.79311, 31.43253], [35.79037, 31.4281]]]}}, {"type": "Feature", "properties": {"roadId": "via-nova-traiana", "nameKo": "Via Nova Traiana (서기 111~114년)", "nameEn": "Via Nova Traiana (서기 111~114년)", "routeType": "later", "activeC30": false, "region": "later", "periodStart": 111, "periodEnd": null, "via": [], "relatedPlaces": [], "relatedVerses": [], "sourceIds": ["itinere-2024"], "noteKo": "서기 30년 이후에 놓인 길이라 기준 화면에서는 숨긴다.", "c30Basis": "", "license": "Itiner-e CC BY 4.0", "id": "via-nova-traiana#18", "certainty": "probable", "segmentName": "Dibon-Aeropolis", "segmentSource": "Thomsen 1917, Brünnow and Domaszewski 1904", "lengthKm": 269, "certaintyMix": {"confirmed": 14, "probable": 14}, "walkDays": [8, 11]}, "geometry": {"type": "MultiLineString", "coordinates": [[[35.79037, 31.4281], [35.77463, 31.41096], [35.75387, 31.38686], [35.74337, 31.37277], [35.74114, 31.36461], [35.74151, 31.35633], [35.7404, 31.3462], [35.7422, 31.32267], [35.74395, 31.31835], [35.74372, 31.3088], [35.7395, 31.2741], [35.736, 31.27202]]]}}, {"type": "Feature", "properties": {"roadId": "via-nova-traiana", "nameKo": "Via Nova Traiana (서기 111~114년)", "nameEn": "Via Nova Traiana (서기 111~114년)", "routeType": "later", "activeC30": false, "region": "later", "periodStart": 111, "periodEnd": null, "via": [], "relatedPlaces": [], "relatedVerses": [], "sourceIds": ["itinere-2024"], "noteKo": "서기 30년 이후에 놓인 길이라 기준 화면에서는 숨긴다.", "c30Basis": "", "license": "Itiner-e CC BY 4.0", "id": "via-nova-traiana#19", "certainty": "confirmed", "segmentName": "Dibon-Aeropolis", "segmentSource": "Thomsen 1917, Brünnow and Domaszewski 1904", "lengthKm": 269, "certaintyMix": {"confirmed": 14, "probable": 14}, "walkDays": [8, 11]}, "geometry": {"type": "MultiLineString", "coordinates": [[[35.77997, 31.4997], [35.77989, 31.49456]]]}}, {"type": "Feature", "properties": {"roadId": "via-nova-traiana", "nameKo": "Via Nova Traiana (서기 111~114년)", "nameEn": "Via Nova Traiana (서기 111~114년)", "routeType": "later", "activeC30": false, "region": "later", "periodStart": 111, "periodEnd": null, "via": [], "relatedPlaces": [], "relatedVerses": [], "sourceIds": ["itinere-2024"], "noteKo": "서기 30년 이후에 놓인 길이라 기준 화면에서는 숨긴다.", "c30Basis": "", "license": "Itiner-e CC BY 4.0", "id": "via-nova-traiana#20", "certainty": "confirmed", "segmentName": "Negla-Petra", "segmentSource": "Thomsen 1917, Brünnow and Domaszewski 1904, Abudanah et al 2021, Kennedy 2021", "lengthKm": 269, "certaintyMix": {"confirmed": 14, "probable": 14}, "walkDays": [8, 11]}, "geometry": {"type": "MultiLineString", "coordinates": [[[35.53589, 30.51551], [35.5348, 30.5153], [35.53385, 30.51328], [35.53119, 30.51162], [35.52994, 30.50633], [35.52884, 30.50406], [35.52704, 30.50164], [35.52601, 30.48875], [35.52324, 30.46755], [35.52441, 30.4646], [35.52448, 30.45682], [35.52541, 30.45482], [35.52547, 30.45154], [35.52328, 30.44647], [35.5191, 30.44049], [35.51266, 30.42334], [35.50819, 30.41539], [35.50795, 30.41227], [35.50435, 30.40702], [35.50358, 30.40346]]]}}, {"type": "Feature", "properties": {"roadId": "via-nova-traiana", "nameKo": "Via Nova Traiana (서기 111~114년)", "nameEn": "Via Nova Traiana (서기 111~114년)", "routeType": "later", "activeC30": false, "region": "later", "periodStart": 111, "periodEnd": null, "via": [], "relatedPlaces": [], "relatedVerses": [], "sourceIds": ["itinere-2024"], "noteKo": "서기 30년 이후에 놓인 길이라 기준 화면에서는 숨긴다.", "c30Basis": "", "license": "Itiner-e CC BY 4.0", "id": "via-nova-traiana#21", "certainty": "confirmed", "segmentName": "Negla-Petra", "segmentSource": "Thomsen 1917, Brünnow and Domaszewski 1904, Abudanah et al 2021, Kennedy 2021", "lengthKm": 269, "certaintyMix": {"confirmed": 14, "probable": 14}, "walkDays": [8, 11]}, "geometry": {"type": "MultiLineString", "coordinates": [[[35.50358, 30.40346], [35.50317, 30.39647], [35.50516, 30.39364], [35.50596, 30.39309], [35.51108, 30.39167], [35.51358, 30.3901], [35.51559, 30.38656], [35.51512, 30.38422], [35.5159, 30.3821], [35.51571, 30.38051], [35.51506, 30.37736], [35.5115, 30.37408], [35.51156, 30.3712], [35.51056, 30.36864], [35.50806, 30.36616], [35.5076, 30.36055], [35.5086, 30.35688], [35.50984, 30.35524], [35.5099, 30.35389], [35.50373, 30.3502], [35.50043, 30.34667], [35.50022, 30.34425], [35.49977, 30.34377], [35.49982, 30.34181], [35.50028, 30.34076], [35.49967, 30.33904], [35.49991, 30.33601], [35.49802, 30.33513], [35.49728, 30.33402], [35.49422, 30.33226], [35.49388, 30.33096], [35.49235, 30.33029], [35.49273, 30.32966], [35.49232, 30.32872], [35.49159, 30.32854], [35.48919, 30.33072], [35.48908, 30.32982], [35.49139, 30.32758], [35.49346, 30.32772], [35.49392, 30.32635]]]}}, {"type": "Feature", "properties": {"roadId": "via-nova-traiana", "nameKo": "Via Nova Traiana (서기 111~114년)", "nameEn": "Via Nova Traiana (서기 111~114년)", "routeType": "later", "activeC30": false, "region": "later", "periodStart": 111, "periodEnd": null, "via": [], "relatedPlaces": [], "relatedVerses": [], "sourceIds": ["itinere-2024"], "noteKo": "서기 30년 이후에 놓인 길이라 기준 화면에서는 숨긴다.", "c30Basis": "", "license": "Itiner-e CC BY 4.0", "id": "via-nova-traiana#22", "certainty": "probable", "segmentName": "Zodocatha-Auara", "segmentSource": "Graf 1995", "lengthKm": 269, "certaintyMix": {"confirmed": 14, "probable": 14}, "walkDays": [8, 11]}, "geometry": {"type": "MultiLineString", "coordinates": [[[35.49436, 30.16233], [35.4936, 30.16037], [35.495, 30.1564], [35.49525, 30.15341], [35.49451, 30.14907], [35.49438, 30.14486], [35.49145, 30.14031], [35.4908, 30.13858], [35.49064, 30.13502], [35.48979, 30.13224], [35.48591, 30.12458], [35.4854, 30.11899], [35.48633, 30.11608], [35.48404, 30.11486], [35.47953, 30.11394], [35.47809, 30.11265], [35.47621, 30.10827], [35.47527, 30.10491], [35.47433, 30.09748], [35.4734, 30.09467], [35.47386, 30.09017], [35.4757, 30.08923], [35.47719, 30.08771], [35.47688, 30.08575], [35.47355, 30.08321], [35.47308, 30.082], [35.47109, 30.08067], [35.4705, 30.07906], [35.46471, 30.07621], [35.46327, 30.07449], [35.4632, 30.07198], [35.46087, 30.06904], [35.46063, 30.06817], [35.46045, 30.06633], [35.46147, 30.06327], [35.46475, 30.05861], [35.46644, 30.05795], [35.46687, 30.0573], [35.46953, 30.05662], [35.47669, 30.05162], [35.47611, 30.05052], [35.47739, 30.04809], [35.47371, 30.03728], [35.47172, 30.035], [35.46425, 30.03305]]]}}, {"type": "Feature", "properties": {"roadId": "via-nova-traiana", "nameKo": "Via Nova Traiana (서기 111~114년)", "nameEn": "Via Nova Traiana (서기 111~114년)", "routeType": "later", "activeC30": false, "region": "later", "periodStart": 111, "periodEnd": null, "via": [], "relatedPlaces": [], "relatedVerses": [], "sourceIds": ["itinere-2024"], "noteKo": "서기 30년 이후에 놓인 길이라 기준 화면에서는 숨긴다.", "c30Basis": "", "license": "Itiner-e CC BY 4.0", "id": "via-nova-traiana#23", "certainty": "probable", "segmentName": "Zodocatha-Auara", "segmentSource": "Graf 1995", "lengthKm": 269, "certaintyMix": {"confirmed": 14, "probable": 14}, "walkDays": [8, 11]}, "geometry": {"type": "MultiLineString", "coordinates": [[[35.46425, 30.03305], [35.4616, 30.03067], [35.46026, 30.03031], [35.45601, 30.0305], [35.45483, 30.0309], [35.4538, 30.03012], [35.45305, 30.02871], [35.45191, 30.02838], [35.44882, 30.02918], [35.44768, 30.03018], [35.44609, 30.02951], [35.44572, 30.02827], [35.44402, 30.02939], [35.44206, 30.0292], [35.43893, 30.02979], [35.43836, 30.02954], [35.44044, 30.03079], [35.44163, 30.03241], [35.44172, 30.03312], [35.44264, 30.03354], [35.44248, 30.03523], [35.44153, 30.0348], [35.44163, 30.03393], [35.44081, 30.03301], [35.43992, 30.03346], [35.43719, 30.03361], [35.43653, 30.03297], [35.43236, 30.03413], [35.43238, 30.03363], [35.43203, 30.03356], [35.43092, 30.03382], [35.42893, 30.03364], [35.42783, 30.03406], [35.42597, 30.034], [35.42486, 30.03449], [35.42398, 30.03395], [35.42292, 30.03401], [35.42025, 30.03319], [35.41825, 30.03157], [35.41765, 30.02841], [35.41603, 30.02523], [35.41636, 30.02375], [35.41768, 30.0234], [35.41804, 30.02197], [35.4173, 30.02168], [35.41741, 30.0212], [35.41818, 30.02077], [35.41718, 30.02038], [35.41729, 30.01995], [35.41816, 30.01976], [35.41786, 30.01905], [35.41876, 30.01763], [35.41952, 30.0175], [35.41988, 30.01689], [35.42062, 30.01691], [35.42077, 30.01647], [35.42195, 30.01669], [35.42204, 30.01638], [35.42297, 30.01643], [35.42235, 30.0154], [35.42177, 30.01517]]]}}, {"type": "Feature", "properties": {"roadId": "via-nova-traiana", "nameKo": "Via Nova Traiana (서기 111~114년)", "nameEn": "Via Nova Traiana (서기 111~114년)", "routeType": "later", "activeC30": false, "region": "later", "periodStart": 111, "periodEnd": null, "via": [], "relatedPlaces": [], "relatedVerses": [], "sourceIds": ["itinere-2024"], "noteKo": "서기 30년 이후에 놓인 길이라 기준 화면에서는 숨긴다.", "c30Basis": "", "license": "Itiner-e CC BY 4.0", "id": "via-nova-traiana#24", "certainty": "confirmed", "segmentName": "Zodocatha-Auara", "segmentSource": "Graf 1995", "lengthKm": 269, "certaintyMix": {"confirmed": 14, "probable": 14}, "walkDays": [8, 11]}, "geometry": {"type": "MultiLineString", "coordinates": [[[35.42177, 30.01517], [35.4194, 30.01283], [35.41897, 30.01027], [35.41735, 30.00721], [35.41772, 30.00595], [35.41565, 30.00415], [35.41544, 30.00291], [35.41507, 30.00246], [35.41042, 30.00073], [35.4094, 29.99702], [35.40847, 29.99637], [35.40683, 29.996], [35.40212, 29.99269], [35.40167, 29.99229], [35.40124, 29.99058], [35.39579, 29.98644], [35.39547, 29.98411], [35.39392, 29.98191], [35.39349, 29.97986], [35.39208, 29.97842], [35.38693, 29.97492], [35.38564, 29.97463], [35.38396, 29.97518], [35.38214, 29.97679], [35.38047, 29.97767], [35.37688, 29.97693], [35.37366, 29.97672], [35.37124, 29.97766], [35.37005, 29.97709], [35.36765, 29.97539], [35.36132, 29.96897], [35.36123, 29.968], [35.35955, 29.96456], [35.35867, 29.96412], [35.35785, 29.96425], [35.35355, 29.96058], [35.34886, 29.95553], [35.3481, 29.9532]]]}}, {"type": "Feature", "properties": {"roadId": "via-nova-traiana", "nameKo": "Via Nova Traiana (서기 111~114년)", "nameEn": "Via Nova Traiana (서기 111~114년)", "routeType": "later", "activeC30": false, "region": "later", "periodStart": 111, "periodEnd": null, "via": [], "relatedPlaces": [], "relatedVerses": [], "sourceIds": ["itinere-2024"], "noteKo": "서기 30년 이후에 놓인 길이라 기준 화면에서는 숨긴다.", "c30Basis": "", "license": "Itiner-e CC BY 4.0", "id": "via-nova-traiana#25", "certainty": "probable", "segmentName": "Aeropolis-Characmoba", "segmentSource": "Thomsen 1917, Brünnow and Domaszewski 1904", "lengthKm": 269, "certaintyMix": {"confirmed": 14, "probable": 14}, "walkDays": [8, 11]}, "geometry": {"type": "MultiLineString", "coordinates": [[[35.736, 31.27202], [35.73843, 31.26847], [35.73598, 31.2499], [35.73815, 31.23512], [35.73851, 31.22768], [35.73754, 31.21406], [35.73769, 31.19636], [35.73942, 31.18354], [35.73815, 31.17954], [35.73659, 31.17807], [35.73814, 31.17269], [35.73014, 31.16994]]]}}, {"type": "Feature", "properties": {"roadId": "via-nova-traiana", "nameKo": "Via Nova Traiana (서기 111~114년)", "nameEn": "Via Nova Traiana (서기 111~114년)", "routeType": "later", "activeC30": false, "region": "later", "periodStart": 111, "periodEnd": null, "via": [], "relatedPlaces": [], "relatedVerses": [], "sourceIds": ["itinere-2024"], "noteKo": "서기 30년 이후에 놓인 길이라 기준 화면에서는 숨긴다.", "c30Basis": "", "license": "Itiner-e CC BY 4.0", "id": "via-nova-traiana#26", "certainty": "probable", "segmentName": "Aeropolis-Characmoba", "segmentSource": "Thomsen 1917, Brünnow and Domaszewski 1904", "lengthKm": 269, "certaintyMix": {"confirmed": 14, "probable": 14}, "walkDays": [8, 11]}, "geometry": {"type": "MultiLineString", "coordinates": [[[35.73014, 31.16994], [35.72469, 31.1721], [35.72198, 31.17191], [35.7178, 31.17375], [35.71333, 31.17847], [35.70795, 31.18029], [35.70548, 31.17946], [35.7032, 31.17964], [35.70802, 31.18316], [35.7057, 31.18434]]]}}, {"type": "Feature", "properties": {"roadId": "via-nova-traiana", "nameKo": "Via Nova Traiana (서기 111~114년)", "nameEn": "Via Nova Traiana (서기 111~114년)", "routeType": "later", "activeC30": false, "region": "later", "periodStart": 111, "periodEnd": null, "via": [], "relatedPlaces": [], "relatedVerses": [], "sourceIds": ["itinere-2024"], "noteKo": "서기 30년 이후에 놓인 길이라 기준 화면에서는 숨긴다.", "c30Basis": "", "license": "Itiner-e CC BY 4.0", "id": "via-nova-traiana#27", "certainty": "probable", "segmentName": "Aeropolis-Betthorus", "segmentSource": "Graf 1997", "lengthKm": 269, "certaintyMix": {"confirmed": 14, "probable": 14}, "walkDays": [8, 11]}, "geometry": {"type": "MultiLineString", "coordinates": [[[35.736, 31.27202], [35.74387, 31.27039], [35.75293, 31.26921], [35.75625, 31.26777], [35.76322, 31.26306], [35.76974, 31.26273], [35.77367, 31.261], [35.79516, 31.25678], [35.79659, 31.25547], [35.80831, 31.25342], [35.81625, 31.25111], [35.82049, 31.25151], [35.82893, 31.25041], [35.83553, 31.24689], [35.84059, 31.24516], [35.84783, 31.24451], [35.85693, 31.24471], [35.86052, 31.24387], [35.86831, 31.23695]]]}}, {"type": "Feature", "properties": {"roadId": "later-hula", "nameKo": "율리아스–파네아스 도로 (서기 130년)", "nameEn": "율리아스–파네아스 도로 (서기 130년)", "routeType": "later", "activeC30": false, "region": "later", "periodStart": 130, "periodEnd": null, "via": [], "relatedPlaces": [], "relatedVerses": [], "sourceIds": ["itinere-2024"], "noteKo": "서기 30년 이후에 놓인 길이라 기준 화면에서는 숨긴다.", "c30Basis": "", "license": "Itiner-e CC BY 4.0", "id": "later-hula#0", "certainty": "confirmed", "segmentName": "Julias-Caesarea Paneas", "segmentSource": "Urman 1985, TIR Iudaea-Palaestina", "lengthKm": 42, "certaintyMix": {"confirmed": 1}, "walkDays": [1, 2]}, "geometry": {"type": "MultiLineString", "coordinates": [[[35.61913, 32.89335], [35.61983, 32.89561], [35.62563, 32.90512], [35.62971, 32.91301], [35.63588, 32.92606], [35.63497, 32.9335], [35.63397, 32.93585], [35.63397, 32.94066], [35.63908, 32.94854], [35.63763, 32.96171], [35.63798, 32.97227], [35.63717, 32.98057], [35.63432, 32.99136], [35.63411, 32.99195], [35.63349, 32.99223], [35.63359, 32.99514], [35.63496, 32.99774], [35.63494, 33.00441], [35.63468, 33.00989], [35.63327, 33.01399], [35.63321, 33.01817], [35.63361, 33.02397], [35.63778, 33.03992], [35.6376, 33.04681], [35.64059, 33.0528], [35.6414, 33.05642], [35.63968, 33.0635], [35.63849, 33.06618], [35.63847, 33.06881], [35.63943, 33.07119], [35.64133, 33.07217], [35.64304, 33.07972], [35.64159, 33.08443], [35.64209, 33.08731], [35.64404, 33.09081], [35.64402, 33.09235], [35.6417, 33.09555], [35.64187, 33.09853], [35.64416, 33.10419], [35.64431, 33.10746], [35.64576, 33.11489], [35.64422, 33.1197], [35.64367, 33.12351], [35.64648, 33.12931], [35.6473, 33.13937], [35.64213, 33.15243], [35.64347, 33.15818], [35.64684, 33.1614], [35.64955, 33.16994], [35.64765, 33.17612], [35.65069, 33.17914], [35.65189, 33.18504], [35.65226, 33.19392], [35.65143, 33.20226], [35.65209, 33.20739], [35.653, 33.21103], [35.6592, 33.21877], [35.66085, 33.21978], [35.66492, 33.2211], [35.67229, 33.226], [35.67332, 33.22708], [35.67403, 33.22866], [35.67731, 33.23208], [35.68242, 33.23506], [35.68498, 33.2388], [35.68998, 33.24382], [35.69234, 33.24447]]]}}, {"type": "Feature", "properties": {"roadId": "later-jer-eleuth", "nameKo": "예루살렘–엘레우테로폴리스 도로 (서기 130년)", "nameEn": "예루살렘–엘레우테로폴리스 도로 (서기 130년)", "routeType": "later", "activeC30": false, "region": "later", "periodStart": 130, "periodEnd": null, "via": [], "relatedPlaces": [], "relatedVerses": [], "sourceIds": ["itinere-2024"], "noteKo": "서기 30년 이후에 놓인 길이라 기준 화면에서는 숨긴다.", "c30Basis": "", "license": "Itiner-e CC BY 4.0", "id": "later-jer-eleuth#0", "certainty": "confirmed", "segmentName": "Jerusalem-Eleutheropolis", "segmentSource": "Ben David 2013, Dagan 2011, Thomsen 1917, SWP", "lengthKm": 54, "certaintyMix": {"confirmed": 2, "probable": 1}, "walkDays": [2, 2]}, "geometry": {"type": "MultiLineString", "coordinates": [[[34.89374, 31.60845], [34.89575, 31.60889], [34.90403, 31.61275], [34.90848, 31.62184], [34.9195, 31.63217], [34.9204, 31.63678], [34.92557, 31.64751], [34.92746, 31.65391], [34.92869, 31.65622], [34.92936, 31.65972], [34.92936, 31.66269], [34.93531, 31.67185], [34.93827, 31.67353], [34.94142, 31.67647], [34.94527, 31.67661], [34.94629, 31.67784], [34.94733, 31.68732], [34.95901, 31.68894], [34.96865, 31.68676], [34.97108, 31.68516], [34.97399, 31.68445], [34.97668, 31.68308], [34.98104, 31.68368], [34.98927, 31.68403], [34.99697, 31.68558], [35.00101, 31.6872], [35.00996, 31.69322], [35.01128, 31.69631]]]}}, {"type": "Feature", "properties": {"roadId": "later-jer-eleuth", "nameKo": "예루살렘–엘레우테로폴리스 도로 (서기 130년)", "nameEn": "예루살렘–엘레우테로폴리스 도로 (서기 130년)", "routeType": "later", "activeC30": false, "region": "later", "periodStart": 130, "periodEnd": null, "via": [], "relatedPlaces": [], "relatedVerses": [], "sourceIds": ["itinere-2024"], "noteKo": "서기 30년 이후에 놓인 길이라 기준 화면에서는 숨긴다.", "c30Basis": "", "license": "Itiner-e CC BY 4.0", "id": "later-jer-eleuth#1", "certainty": "confirmed", "segmentName": "Jerusalem-Eleutheropolis", "segmentSource": "Ben David 2013, Dagan 2011, Thomsen 1917, SWP", "lengthKm": 54, "certaintyMix": {"confirmed": 2, "probable": 1}, "walkDays": [2, 2]}, "geometry": {"type": "MultiLineString", "coordinates": [[[35.01128, 31.69631], [35.01281, 31.69909], [35.01439, 31.70082], [35.01584, 31.70387], [35.01733, 31.70471], [35.01845, 31.70662], [35.02593, 31.70927], [35.04141, 31.70928], [35.04724, 31.71152], [35.05084, 31.71047], [35.05208, 31.71046], [35.05449, 31.7115], [35.06265, 31.71301], [35.0668, 31.71428], [35.06764, 31.71532], [35.06853, 31.71574], [35.06966, 31.71556], [35.07151, 31.71658], [35.07312, 31.71654], [35.07444, 31.71694], [35.07593, 31.71676], [35.07922, 31.71794], [35.08098, 31.71942], [35.08207, 31.7195], [35.08608, 31.72138], [35.08855, 31.72078], [35.09177, 31.72251], [35.09424, 31.72275], [35.0995, 31.71995], [35.10444, 31.71926], [35.10631, 31.71836], [35.10937, 31.71891], [35.11643, 31.71823], [35.11965, 31.71682], [35.12331, 31.71244], [35.12237, 31.7108], [35.12239, 31.70962], [35.1236, 31.70829], [35.12697, 31.70612], [35.1286, 31.70601], [35.13058, 31.70493], [35.13191, 31.70538], [35.13297, 31.70649], [35.13998, 31.70673], [35.14129, 31.70766], [35.14227, 31.70745], [35.14364, 31.70503], [35.14453, 31.70443], [35.14541, 31.70467], [35.14588, 31.70557], [35.14593, 31.70705], [35.14668, 31.70814], [35.14751, 31.70829], [35.1482, 31.70773], [35.14887, 31.70633], [35.14972, 31.70685], [35.15072, 31.70634], [35.15166, 31.70678], [35.15258, 31.70791], [35.15344, 31.70781], [35.15695, 31.70463], [35.15933, 31.70448], [35.16003, 31.70287], [35.16187, 31.70229]]]}}, {"type": "Feature", "properties": {"roadId": "later-jer-eleuth", "nameKo": "예루살렘–엘레우테로폴리스 도로 (서기 130년)", "nameEn": "예루살렘–엘레우테로폴리스 도로 (서기 130년)", "routeType": "later", "activeC30": false, "region": "later", "periodStart": 130, "periodEnd": null, "via": [], "relatedPlaces": [], "relatedVerses": [], "sourceIds": ["itinere-2024"], "noteKo": "서기 30년 이후에 놓인 길이라 기준 화면에서는 숨긴다.", "c30Basis": "", "license": "Itiner-e CC BY 4.0", "id": "later-jer-eleuth#2", "certainty": "probable", "segmentName": "Jerusalem-Eleutheropolis", "segmentSource": "Thomsen 1917, SWP", "lengthKm": 54, "certaintyMix": {"confirmed": 2, "probable": 1}, "walkDays": [2, 2]}, "geometry": {"type": "MultiLineString", "coordinates": [[[35.22766, 31.77645], [35.22192, 31.77369], [35.21745, 31.7706], [35.21711, 31.76693], [35.2131, 31.76258], [35.20576, 31.75857], [35.20209, 31.75822], [35.19762, 31.75662], [35.19292, 31.75685], [35.1888, 31.75478], [35.1833, 31.75536], [35.17975, 31.75662], [35.1747, 31.75696], [35.16861, 31.75647], [35.16641, 31.75665], [35.16521, 31.75615], [35.16344, 31.75727], [35.16161, 31.75666], [35.15983, 31.75696], [35.1573, 31.75679], [35.15627, 31.75606], [35.15533, 31.75426], [35.15253, 31.75405], [35.15005, 31.75183], [35.14709, 31.75252], [35.14289, 31.75188], [35.14072, 31.75099], [35.13812, 31.75157], [35.13585, 31.75033], [35.1349, 31.7503], [35.13414, 31.7507], [35.12922, 31.75044], [35.1278, 31.75075], [35.12647, 31.74908], [35.12419, 31.74785], [35.11646, 31.74555], [35.11471, 31.74538], [35.114, 31.74598], [35.11089, 31.74631], [35.10844, 31.74952], [35.10562, 31.74846], [35.1041, 31.74727], [35.10072, 31.74574], [35.09961, 31.74633], [35.09874, 31.7461], [35.09903, 31.74497], [35.09736, 31.74521], [35.09743, 31.74427], [35.09653, 31.74319], [35.09691, 31.74253], [35.09575, 31.74252], [35.09503, 31.74353], [35.095, 31.74268], [35.09333, 31.74202], [35.0935, 31.74059], [35.09297, 31.74027], [35.0931, 31.73885], [35.09471, 31.73757], [35.09312, 31.73797], [35.09294, 31.73724], [35.09469, 31.73498], [35.09773, 31.73229], [35.09837, 31.73108], [35.10074, 31.73003], [35.10222, 31.72857], [35.10281, 31.72705], [35.10275, 31.72593], [35.10228, 31.72585], [35.10157, 31.72391], [35.10351, 31.71948]]]}}, {"type": "Feature", "properties": {"roadId": "later-golan", "nameKo": "갈릴리 호수 동편 도로 (서기 162년)", "nameEn": "갈릴리 호수 동편 도로 (서기 162년)", "routeType": "later", "activeC30": false, "region": "later", "periodStart": 162, "periodEnd": null, "via": [], "relatedPlaces": [], "relatedVerses": [], "sourceIds": ["itinere-2024"], "noteKo": "서기 30년 이후에 놓인 길이라 기준 화면에서는 숨긴다.", "c30Basis": "", "license": "Itiner-e CC BY 4.0", "id": "later-golan#0", "certainty": "confirmed", "segmentName": "Sea of Galilee-Neue", "segmentSource": "Pažout Staab and Eisenberg 2020, TIR Iudaea-Palaestina", "lengthKm": 90, "certaintyMix": {"confirmed": 4, "probable": 1}, "walkDays": [3, 4]}, "geometry": {"type": "MultiLineString", "coordinates": [[[35.69181, 32.84806], [35.70295, 32.8489], [35.70816, 32.84982], [35.72674, 32.86004], [35.73556, 32.86674], [35.73933, 32.86907], [35.75399, 32.87355], [35.75805, 32.87371], [35.77871, 32.87832]]]}}, {"type": "Feature", "properties": {"roadId": "later-golan", "nameKo": "갈릴리 호수 동편 도로 (서기 162년)", "nameEn": "갈릴리 호수 동편 도로 (서기 162년)", "routeType": "later", "activeC30": false, "region": "later", "periodStart": 162, "periodEnd": null, "via": [], "relatedPlaces": [], "relatedVerses": [], "sourceIds": ["itinere-2024"], "noteKo": "서기 30년 이후에 놓인 길이라 기준 화면에서는 숨긴다.", "c30Basis": "", "license": "Itiner-e CC BY 4.0", "id": "later-golan#1", "certainty": "confirmed", "segmentName": "Sea of Galilee-Neue", "segmentSource": "Pažout Staab and Eisenberg 2020, TIR Iudaea-Palaestina", "lengthKm": 90, "certaintyMix": {"confirmed": 4, "probable": 1}, "walkDays": [3, 4]}, "geometry": {"type": "MultiLineString", "coordinates": [[[35.8331, 32.89147], [35.84757, 32.8946], [35.86345, 32.89568], [35.88099, 32.89957], [35.89043, 32.9], [35.91948, 32.90334], [35.97, 32.89941], [35.9815, 32.89865], [35.99464, 32.89831], [35.99734, 32.89781], [36.00993, 32.89721], [36.04224, 32.88916]]]}}, {"type": "Feature", "properties": {"roadId": "later-golan", "nameKo": "갈릴리 호수 동편 도로 (서기 162년)", "nameEn": "갈릴리 호수 동편 도로 (서기 162년)", "routeType": "later", "activeC30": false, "region": "later", "periodStart": 162, "periodEnd": null, "via": [], "relatedPlaces": [], "relatedVerses": [], "sourceIds": ["itinere-2024"], "noteKo": "서기 30년 이후에 놓인 길이라 기준 화면에서는 숨긴다.", "c30Basis": "", "license": "Itiner-e CC BY 4.0", "id": "later-golan#2", "certainty": "confirmed", "segmentName": "Sea of Galilee-Neue", "segmentSource": "Pažout Staab and Eisenberg 2020, TIR Iudaea-Palaestina", "lengthKm": 90, "certaintyMix": {"confirmed": 4, "probable": 1}, "walkDays": [3, 4]}, "geometry": {"type": "MultiLineString", "coordinates": [[[35.77871, 32.87832], [35.82598, 32.89047], [35.8331, 32.89147]]]}}, {"type": "Feature", "properties": {"roadId": "later-golan", "nameKo": "갈릴리 호수 동편 도로 (서기 162년)", "nameEn": "갈릴리 호수 동편 도로 (서기 162년)", "routeType": "later", "activeC30": false, "region": "later", "periodStart": 162, "periodEnd": null, "via": [], "relatedPlaces": [], "relatedVerses": [], "sourceIds": ["itinere-2024"], "noteKo": "서기 30년 이후에 놓인 길이라 기준 화면에서는 숨긴다.", "c30Basis": "", "license": "Itiner-e CC BY 4.0", "id": "later-golan#3", "certainty": "probable", "segmentName": "Sea of Galilee-Neue", "segmentSource": "Pažout Staab and Eisenberg 2020, TIR Iudaea-Palaestina", "lengthKm": 90, "certaintyMix": {"confirmed": 4, "probable": 1}, "walkDays": [3, 4]}, "geometry": {"type": "MultiLineString", "coordinates": [[[35.64635, 32.85951], [35.65675, 32.86047], [35.66203, 32.85959], [35.66866, 32.85674], [35.66981, 32.85508], [35.67242, 32.85421], [35.68057, 32.84887], [35.68249, 32.84835], [35.68759, 32.84906], [35.68922, 32.84859], [35.69141, 32.84854], [35.69181, 32.84806]]]}}, {"type": "Feature", "properties": {"roadId": "later-golan", "nameKo": "갈릴리 호수 동편 도로 (서기 162년)", "nameEn": "갈릴리 호수 동편 도로 (서기 162년)", "routeType": "later", "activeC30": false, "region": "later", "periodStart": 162, "periodEnd": null, "via": [], "relatedPlaces": [], "relatedVerses": [], "sourceIds": ["itinere-2024"], "noteKo": "서기 30년 이후에 놓인 길이라 기준 화면에서는 숨긴다.", "c30Basis": "", "license": "Itiner-e CC BY 4.0", "id": "later-golan#4", "certainty": "confirmed", "segmentName": "Dionysias-Phaena", "segmentSource": "Bauzou 2003", "lengthKm": 90, "certaintyMix": {"confirmed": 4, "probable": 1}, "walkDays": [3, 4]}, "geometry": {"type": "MultiLineString", "coordinates": [[[36.55675, 32.7039], [36.55404, 32.72133], [36.52061, 32.80819], [36.50114, 32.86074], [36.48686, 32.8967], [36.46658, 32.95361], [36.46414, 32.96189], [36.46656, 32.96487], [36.46946, 32.96979], [36.47042, 32.97624], [36.47006, 32.97945], [36.47038, 32.98146], [36.4682, 32.98616], [36.46691, 32.99007], [36.46578, 32.9914], [36.46529, 32.99384], [36.46387, 32.99716], [36.46284, 33.00296], [36.46169, 33.00474], [36.46089, 33.00866], [36.45973, 33.01035], [36.45799, 33.01459], [36.44232, 33.04308], [36.43878, 33.04565], [36.43779, 33.04819], [36.43747, 33.05167], [36.43298, 33.06113], [36.43319, 33.06244], [36.43248, 33.0648], [36.42716, 33.0727], [36.42722, 33.0742], [36.42276, 33.08485], [36.42122, 33.08591], [36.4173, 33.09253], [36.41102, 33.10456], [36.4037, 33.11713], [36.40402, 33.12056], [36.40132, 33.12453], [36.39506, 33.12976], [36.39263, 33.13094]]]}}, {"type": "Feature", "properties": {"roadId": "later-gerasa-bostra", "nameKo": "게라사–보스트라 도로 (서기 162년)", "nameEn": "게라사–보스트라 도로 (서기 162년)", "routeType": "later", "activeC30": false, "region": "later", "periodStart": 162, "periodEnd": null, "via": [], "relatedPlaces": [], "relatedVerses": [], "sourceIds": ["itinere-2024"], "noteKo": "서기 30년 이후에 놓인 길이라 기준 화면에서는 숨긴다.", "c30Basis": "", "license": "Itiner-e CC BY 4.0", "id": "later-gerasa-bostra#0", "certainty": "probable", "segmentName": "Gerasa-Bostra", "segmentSource": "Bauzou 1998, Schumacher 1920, Thomsen 1917", "lengthKm": 54, "certaintyMix": {"confirmed": 1, "probable": 1}, "walkDays": [2, 2]}, "geometry": {"type": "MultiLineString", "coordinates": [[[35.89269, 32.30154], [35.9018, 32.30664], [35.90773, 32.30768], [35.91165, 32.30786], [35.91541, 32.30646], [35.91814, 32.3045], [35.92047, 32.30201], [35.92273, 32.30166], [35.92312, 32.30007], [35.92463, 32.29967], [35.92907, 32.30007], [35.92911, 32.30162], [35.92954, 32.30197], [35.9306, 32.30542], [35.93065, 32.30825], [35.93317, 32.31186], [35.93396, 32.3114], [35.93636, 32.31178], [35.94133, 32.30984], [35.94681, 32.3094], [35.94927, 32.30841], [35.95039, 32.30733], [35.95374, 32.30893], [35.95606, 32.30812], [35.9568, 32.30841], [35.96097, 32.30846], [35.96376, 32.31184], [35.96567, 32.31273], [35.96765, 32.3128], [35.96989, 32.31207], [35.97233, 32.3125], [35.97423, 32.31727], [35.97385, 32.31806], [35.97437, 32.32145], [35.97813, 32.32182], [35.98558, 32.32097], [35.98861, 32.31897], [35.98861, 32.31807], [35.9915, 32.31855], [35.99576, 32.31588], [35.99572, 32.3152], [35.99868, 32.31299], [36.00378, 32.31274], [36.00665, 32.31175], [36.00879, 32.31342], [36.00978, 32.31335], [36.01131, 32.31479], [36.01346, 32.31547], [36.01458, 32.31501], [36.01605, 32.31559], [36.03198, 32.31484], [36.0365, 32.3163], [36.04147, 32.31552], [36.04469, 32.3158], [36.04803, 32.31684], [36.04933, 32.31613], [36.05348, 32.31658], [36.05528, 32.31636], [36.05675, 32.31662], [36.05775, 32.31759], [36.06127, 32.31813], [36.06609, 32.31779], [36.08337, 32.32055], [36.08837, 32.32101], [36.09284, 32.32311]]]}}, {"type": "Feature", "properties": {"roadId": "later-gerasa-bostra", "nameKo": "게라사–보스트라 도로 (서기 162년)", "nameEn": "게라사–보스트라 도로 (서기 162년)", "routeType": "later", "activeC30": false, "region": "later", "periodStart": 162, "periodEnd": null, "via": [], "relatedPlaces": [], "relatedVerses": [], "sourceIds": ["itinere-2024"], "noteKo": "서기 30년 이후에 놓인 길이라 기준 화면에서는 숨긴다.", "c30Basis": "", "license": "Itiner-e CC BY 4.0", "id": "later-gerasa-bostra#1", "certainty": "confirmed", "segmentName": "Gerasa-Bostra", "segmentSource": "Bauzou 1998, Schumacher 1920, Thomsen 1917", "lengthKm": 54, "certaintyMix": {"confirmed": 1, "probable": 1}, "walkDays": [2, 2]}, "geometry": {"type": "MultiLineString", "coordinates": [[[36.09284, 32.32311], [36.10245, 32.32661], [36.11318, 32.32929], [36.12673, 32.33082], [36.13887, 32.33057], [36.14922, 32.33108], [36.15548, 32.33351], [36.16839, 32.33683], [36.18526, 32.34105], [36.19428, 32.34263], [36.20177, 32.34441], [36.25191, 32.37179], [36.27408, 32.38457], [36.28486, 32.38856], [36.31002, 32.40633], [36.33259, 32.41733], [36.38232, 32.44529]]]}}, {"type": "Feature", "properties": {"roadId": "later-caesarea-legio", "nameKo": "가이사랴–레기오 도로 (서기 70년 이후)", "nameEn": "가이사랴–레기오 도로 (서기 70년 이후)", "routeType": "later", "activeC30": false, "region": "later", "periodStart": 70, "periodEnd": null, "via": [], "relatedPlaces": [], "relatedVerses": [], "sourceIds": ["itinere-2024"], "noteKo": "서기 30년 이후에 놓인 길이라 기준 화면에서는 숨긴다.", "c30Basis": "", "license": "Itiner-e CC BY 4.0", "id": "later-caesarea-legio#0", "certainty": "probable", "segmentName": "Caesarea Maritima-Legio", "segmentSource": "Isaac and Roll 1982, TIR Iudaea-Palaestina, Tepper 2007", "lengthKm": 51, "certaintyMix": {"confirmed": 3, "probable": 3}, "walkDays": [1, 2]}, "geometry": {"type": "MultiLineString", "coordinates": [[[35.0742, 32.50353], [35.08453, 32.50453], [35.10353, 32.5072], [35.11078, 32.50878], [35.11747, 32.51254], [35.1202, 32.51462], [35.12326, 32.51776], [35.1269, 32.5192], [35.12997, 32.52284], [35.13461, 32.52351], [35.13888, 32.52542], [35.14568, 32.53106], [35.15313, 32.53843], [35.15647, 32.54195], [35.15521, 32.54295], [35.15549, 32.54376], [35.15419, 32.54913]]]}}, {"type": "Feature", "properties": {"roadId": "later-caesarea-legio", "nameKo": "가이사랴–레기오 도로 (서기 70년 이후)", "nameEn": "가이사랴–레기오 도로 (서기 70년 이후)", "routeType": "later", "activeC30": false, "region": "later", "periodStart": 70, "periodEnd": null, "via": [], "relatedPlaces": [], "relatedVerses": [], "sourceIds": ["itinere-2024"], "noteKo": "서기 30년 이후에 놓인 길이라 기준 화면에서는 숨긴다.", "c30Basis": "", "license": "Itiner-e CC BY 4.0", "id": "later-caesarea-legio#1", "certainty": "confirmed", "segmentName": "Caesarea Maritima-Legio", "segmentSource": "Isaac and Roll 1982, TIR Iudaea-Palaestina, HA 120, HA 128", "lengthKm": 51, "certaintyMix": {"confirmed": 3, "probable": 3}, "walkDays": [1, 2]}, "geometry": {"type": "MultiLineString", "coordinates": [[[34.90042, 32.50183], [34.91171, 32.50476]]]}}, {"type": "Feature", "properties": {"roadId": "later-caesarea-legio", "nameKo": "가이사랴–레기오 도로 (서기 70년 이후)", "nameEn": "가이사랴–레기오 도로 (서기 70년 이후)", "routeType": "later", "activeC30": false, "region": "later", "periodStart": 70, "periodEnd": null, "via": [], "relatedPlaces": [], "relatedVerses": [], "sourceIds": ["itinere-2024"], "noteKo": "서기 30년 이후에 놓인 길이라 기준 화면에서는 숨긴다.", "c30Basis": "", "license": "Itiner-e CC BY 4.0", "id": "later-caesarea-legio#2", "certainty": "confirmed", "segmentName": "Caesarea Maritima-Legio", "segmentSource": "Isaac and Roll 1982, TIR Iudaea-Palaestina, HA 120, HA 128", "lengthKm": 51, "certaintyMix": {"confirmed": 3, "probable": 3}, "walkDays": [1, 2]}, "geometry": {"type": "MultiLineString", "coordinates": [[[34.91171, 32.50476], [34.93114, 32.50674], [34.94271, 32.50914], [34.96701, 32.51212], [34.9944, 32.51673], [35.00592, 32.52123], [35.01126, 32.52466], [35.02082, 32.5276], [35.02998, 32.52864]]]}}, {"type": "Feature", "properties": {"roadId": "later-caesarea-legio", "nameKo": "가이사랴–레기오 도로 (서기 70년 이후)", "nameEn": "가이사랴–레기오 도로 (서기 70년 이후)", "routeType": "later", "activeC30": false, "region": "later", "periodStart": 70, "periodEnd": null, "via": [], "relatedPlaces": [], "relatedVerses": [], "sourceIds": ["itinere-2024"], "noteKo": "서기 30년 이후에 놓인 길이라 기준 화면에서는 숨긴다.", "c30Basis": "", "license": "Itiner-e CC BY 4.0", "id": "later-caesarea-legio#3", "certainty": "confirmed", "segmentName": "Caesarea Maritima-Legio", "segmentSource": "Isaac and Roll 1982, TIR Iudaea-Palaestina, Tepper 2007", "lengthKm": 51, "certaintyMix": {"confirmed": 3, "probable": 3}, "walkDays": [1, 2]}, "geometry": {"type": "MultiLineString", "coordinates": [[[35.1542, 32.5491], [35.15592, 32.55146], [35.15839, 32.55292], [35.15876, 32.55381], [35.16045, 32.55458], [35.15977, 32.55828], [35.16091, 32.55913], [35.16429, 32.56038], [35.16529, 32.56188], [35.16734, 32.56297], [35.16834, 32.56416], [35.16923, 32.56454], [35.17099, 32.56716], [35.17258, 32.56805], [35.17374, 32.56992], [35.18126, 32.57352], [35.18638, 32.57529]]]}}, {"type": "Feature", "properties": {"roadId": "later-caesarea-legio", "nameKo": "가이사랴–레기오 도로 (서기 70년 이후)", "nameEn": "가이사랴–레기오 도로 (서기 70년 이후)", "routeType": "later", "activeC30": false, "region": "later", "periodStart": 70, "periodEnd": null, "via": [], "relatedPlaces": [], "relatedVerses": [], "sourceIds": ["itinere-2024"], "noteKo": "서기 30년 이후에 놓인 길이라 기준 화면에서는 숨긴다.", "c30Basis": "", "license": "Itiner-e CC BY 4.0", "id": "later-caesarea-legio#4", "certainty": "probable", "segmentName": "Caesarea Maritima-Legio", "segmentSource": "Tepper 2007, Paz and Paz 2006", "lengthKm": 51, "certaintyMix": {"confirmed": 3, "probable": 3}, "walkDays": [1, 2]}, "geometry": {"type": "MultiLineString", "coordinates": [[[35.18638, 32.57529], [35.17848, 32.57533], [35.17073, 32.57492], [35.16698, 32.57546], [35.16612, 32.57661], [35.16627, 32.57756], [35.16515, 32.57789], [35.16446, 32.57758], [35.16439, 32.57706], [35.16369, 32.57712], [35.16389, 32.57581], [35.16218, 32.5757], [35.16053, 32.57646], [35.15994, 32.5764], [35.15381, 32.57356], [35.15113, 32.57327], [35.14885, 32.57373], [35.14474, 32.57278], [35.14155, 32.57442], [35.13798, 32.5773], [35.13443, 32.57801], [35.13054, 32.57758], [35.12888, 32.57805], [35.1248, 32.57698], [35.12368, 32.57636], [35.12192, 32.57603], [35.11865, 32.57622], [35.11657, 32.57552], [35.11599, 32.57299], [35.11347, 32.57018], [35.11073, 32.56976], [35.10708, 32.57047], [35.10275, 32.56855], [35.09796, 32.56889], [35.09731, 32.56833], [35.09546, 32.56799], [35.09007, 32.56782], [35.08973, 32.56742], [35.08647, 32.56672], [35.08086, 32.5637], [35.08024, 32.55746], [35.07913, 32.55698], [35.0766, 32.55208], [35.07442, 32.54895], [35.06899, 32.54522], [35.06627, 32.54467], [35.06118, 32.54042], [35.05776, 32.53899], [35.05361, 32.53562], [35.05195, 32.53508], [35.04919, 32.53335], [35.03998, 32.52883], [35.03751, 32.52825], [35.02998, 32.52864]]]}}, {"type": "Feature", "properties": {"roadId": "later-caesarea-legio", "nameKo": "가이사랴–레기오 도로 (서기 70년 이후)", "nameEn": "가이사랴–레기오 도로 (서기 70년 이후)", "routeType": "later", "activeC30": false, "region": "later", "periodStart": 70, "periodEnd": null, "via": [], "relatedPlaces": [], "relatedVerses": [], "sourceIds": ["itinere-2024"], "noteKo": "서기 30년 이후에 놓인 길이라 기준 화면에서는 숨긴다.", "c30Basis": "", "license": "Itiner-e CC BY 4.0", "id": "later-caesarea-legio#5", "certainty": "probable", "segmentName": "Caesarea Maritima-Legio", "segmentSource": "Isaac and Roll 1982, TIR Iudaea-Palaestina, Tepper 2007", "lengthKm": 51, "certaintyMix": {"confirmed": 3, "probable": 3}, "walkDays": [1, 2]}, "geometry": {"type": "MultiLineString", "coordinates": [[[35.02998, 32.52864], [35.03669, 32.52125], [35.03982, 32.51929], [35.04209, 32.51286], [35.05074, 32.50787], [35.06307, 32.50461], [35.06648, 32.50404], [35.06856, 32.50207], [35.0742, 32.50353]]]}}]}