{"type":"FeatureCollection","attribution":"© OpenStreetMap contributors (ODbL)","note":"오늘의 도로다. 1세기 노선이 아니다.","features":[{"type":"Feature","properties":{"cls":"motorway"},"geometry":{"type":"MultiLineString","coordinates":[[[36.23503,33.489],[36.28396,33.49179]],[[36.51003,33.41027],[36.50954,33.40896],[36.50305,33.40408],[36.49792,33.40121],[36.49045,33.39953],[36.48307,33.40011],[36.46892,33.40466],[36.45026,33.41297],[36.412,33.42791],[36.39391,33.43743]],[[36.31684,33.50403],[36.32613,33.48964]],[[36.22564,33.48812],[36.23371,33.48891]],[[35.68502,33.79943],[35.68261,33.79859],[35.68094,33.79919]],[[36.0772,32.01856],[36.07873,32.01398],[36.08478,32.0097],[36.08702,32.00156],[36.08543,31.99678],[36.08607,31.99418]],[[35.8595,31.9458],[35.85889,31.9519]],[[35.85856,31.95327],[35.85937,31.94577]],[[35.8592,31.94511],[35.85424,31.93791]],[[36.28512,33.49204],[36.23542,33.48922]],[[36.39431,33.43702],[36.41232,33.42765],[36.47752,33.40155],[36.48446,33.39972],[36.49047,33.39943],[36.49717,33.40081],[36.50232,33.40341]],[[36.3245,33.49239],[36.31682,33.50425]],[[34.98778,29.40243],[34.98397,29.3983]],[[34.99961,29.38068],[34.99773,29.38378],[34.99156,29.38566],[34.98866,29.38797],[34.98467,29.39552],[34.98466,29.3972],[34.98608,29.39919]],[[35.85479,31.93498],[35.85434,31.93783],[35.85591,31.94074]],[[34.99644,29.36397],[34.99741,29.3669],[34.99654,29.3724],[34.99726,29.37468]],[[34.9993,29.37949],[34.9973,29.37512]],[[34.98389,29.39792],[34.98874,29.38765],[34.99143,29.38559],[34.99747,29.3838],[34.99946,29.38061]],[[35.86201,31.93357],[35.85923,31.93362],[35.85459,31.93724]],[[35.85457,31.93549],[35.85645,31.93614],[35.85912,31.93354],[35.86157,31.93334]],[[36.08651,31.99356],[36.08554,31.99665],[36.08711,32.00184],[36.08489,32.00975],[36.08355,32.01144],[36.07883,32.01407],[36.0773,32.01875]],[[35.85591,31.94074],[35.85937,31.94523]],[[35.51386,33.89702],[35.51905,33.8967]],[[34.99715,29.37482],[34.99639,29.37242],[34.99723,29.36675],[34.99587,29.36421]],[[34.99741,29.37497],[34.9995,29.3796]],[[36.32704,33.48871],[36.3406,33.48273],[36.35832,33.47174],[36.36472,33.46558],[36.37504,33.45206],[36.39055,33.43957]],[[36.39055,33.43957],[36.39431,33.43702]],[[36.38974,33.44037],[36.37412,33.45317],[36.36482,33.46564],[36.35858,33.47169],[36.34135,33.48248],[36.3263,33.48964]],[[36.39391,33.43743],[36.38974,33.44037]],[[36.50311,33.40395],[36.50969,33.40883],[36.5113,33.40908]]]}},{"type":"Feature","properties":{"cls":"motorway","ref":"1"},"geometry":{"type":"MultiLineString","coordinates":[[[35.02412,31.81522],[35.01926,31.82038],[35.01372,31.82368],[35.00456,31.82619],[34.99501,31.82636],[34.99097,31.82844],[34.9892,31.83122],[34.98141,31.85788],[34.97935,31.86165],[34.97645,31.86419],[34.95609,31.87569],[34.94028,31.89304],[34.93531,31.90945],[34.92859,31.92213],[34.92743,31.92688],[34.9308,31.94666],[34.93675,31.95742],[34.93567,31.96172],[34.93234,31.96412],[34.91732,31.9692],[34.89611,31.98342],[34.88794,31.98683],[34.8825,31.99276]],[[34.78509,32.05672],[34.78437,32.05047],[34.79022,32.0404],[34.83739,32.00648],[34.84312,32.00008],[34.85003,31.99766],[34.85659,31.99249],[34.86166,31.99049],[34.86638,31.99117],[34.87355,31.99537],[34.87913,31.99501],[34.88787,31.9867],[34.89612,31.98317],[34.91728,31.96902],[34.93167,31.96416],[34.93405,31.96262],[34.93543,31.9603],[34.93548,31.95783],[34.93137,31.95113],[34.92601,31.92694],[34.9351,31.90944],[34.9403,31.89264],[34.95598,31.8756],[34.97631,31.86409],[34.97932,31.86146],[34.98115,31.85822],[34.98905,31.83118],[34.99085,31.82835],[34.99498,31.82623],[35.00453,31.82606],[35.01374,31.82353],[35.01915,31.82028],[35.02518,31.81429]],[[34.78592,32.05724],[34.78541,32.05024],[34.79181,32.03992],[34.84138,32.00444],[34.84703,31.99956],[34.85275,31.99683],[34.85785,31.99224],[34.86109,31.9909],[34.86422,31.99085],[34.87193,31.99516],[34.87583,31.99596],[34.87957,31.99516],[34.8825,31.99276],[34.87922,31.99517],[34.87525,31.9958],[34.87201,31.99503],[34.8652,31.99095],[34.86223,31.99061],[34.8587,31.99157],[34.85286,31.99663],[34.84692,31.99951],[34.79204,32.03958],[34.78801,32.04632]],[[34.93121,31.9506],[34.92685,31.93082]]]}},{"type":"Feature","properties":{"cls":"motorway","ref":"15"},"geometry":{"type":"MultiLineString","coordinates":[[[34.98628,29.46945],[34.98765,29.46796],[34.98892,29.454],[34.98509,29.44811],[34.98505,29.43585],[34.99292,29.42037],[34.99268,29.40912],[34.98571,29.39906],[34.97865,29.39719],[34.97669,29.39289]],[[35.92055,31.79382],[35.93501,31.80238],[35.94299,31.8051],[35.9505,31.8057],[35.96677,31.80405],[35.98254,31.80413],[36.00051,31.80821],[36.00779,31.81111],[36.01662,31.81805],[36.02347,31.82795],[36.03537,31.83947],[36.04941,31.85772],[36.06591,31.87358],[36.07996,31.9087],[36.07763,31.92378],[36.0851,31.94397],[36.08545,31.95302],[36.09367,31.96456],[36.0925,31.98003],[36.08651,31.99356],[36.08635,31.996],[36.09271,32.0041],[36.09864,32.00622],[36.10191,32.00982],[36.10233,32.01875],[36.10703,32.02399],[36.1077,32.02596],[36.10685,32.02849],[36.10255,32.03255],[36.10242,32.03471],[36.10408,32.03746]],[[34.97703,29.39286],[34.97868,29.39694],[34.98608,29.39919],[34.9928,29.40917],[34.99304,29.42038],[34.98516,29.436],[34.98519,29.448],[34.98903,29.45392],[34.98761,29.46994]],[[35.9089,31.8123],[35.92963,31.78037],[35.9395,31.76065],[35.94104,31.75458],[35.9418,31.74099],[35.94768,31.72046]],[[35.94792,31.72013],[35.94199,31.74091],[35.94119,31.75461],[35.93934,31.76146],[35.92951,31.78088],[35.90882,31.81272]],[[36.10579,32.03964],[36.10202,32.03571],[36.10146,32.03355],[36.10699,32.0281],[36.10751,32.02542],[36.10211,32.0186],[36.1016,32.00947],[36.09852,32.0063],[36.09288,32.0044],[36.08929,31.99981],[36.0849,31.99703],[36.09219,31.98073],[36.09353,31.96461],[36.08529,31.95302],[36.0849,31.94383],[36.0775,31.92377],[36.07969,31.90818],[36.06543,31.87319],[36.04929,31.85776],[36.0354,31.83969],[36.02402,31.8288],[36.01579,31.81732],[36.00766,31.81116],[35.99998,31.80817],[35.98198,31.80418],[35.96706,31.80415],[35.95038,31.80581],[35.94373,31.80534],[35.9363,31.80311],[35.92754,31.79816]]]}},{"type":"Feature","properties":{"cls":"motorway","ref":"2"},"geometry":{"type":"MultiLineString","coordinates":[[[34.80254,32.14418],[34.80424,32.1491],[34.81369,32.16481],[34.81617,32.17617],[34.81561,32.18673],[34.8198,32.20228],[34.82809,32.21317],[34.83162,32.2241],[34.83618,32.25453],[34.83965,32.26518],[34.84231,32.26852],[34.85226,32.27152],[34.85575,32.27543],[34.86211,32.29528],[34.86815,32.32643],[34.87849,32.35004],[34.87745,32.35414],[34.86638,32.36124],[34.86323,32.36501],[34.86293,32.36753],[34.86581,32.38292],[34.87127,32.39442],[34.88319,32.41022],[34.88746,32.42789],[34.89252,32.44157],[34.89372,32.45322],[34.89849,32.47008],[34.91632,32.48787],[34.918,32.49118],[34.91785,32.49618],[34.91182,32.51123],[34.91546,32.5285],[34.91584,32.54019],[34.91732,32.54791],[34.92075,32.55785],[34.92043,32.56988],[34.92186,32.57794],[34.9275,32.58961],[34.9271,32.6052],[34.92861,32.61719],[34.93657,32.63994],[34.93573,32.65739],[34.93835,32.67302],[34.94054,32.67806],[34.94929,32.6875],[34.95181,32.69381],[34.9521,32.71026],[34.94764,32.72044],[34.94725,32.72394],[34.9517,32.74553],[34.95227,32.75451],[34.95632,32.77802],[34.95673,32.78939],[34.9621,32.79568]],[[34.96127,32.79951],[34.96169,32.79483],[34.95664,32.78964],[34.95614,32.77814],[34.95213,32.75447],[34.95152,32.74552],[34.94711,32.72395],[34.94747,32.7204],[34.95195,32.71038],[34.95163,32.69387],[34.94915,32.68762],[34.94043,32.67814],[34.9382,32.67304],[34.93558,32.6574],[34.93639,32.63996],[34.92838,32.61726],[34.92694,32.60472],[34.92737,32.58982],[34.92147,32.57667],[34.92033,32.57021],[34.92062,32.55792],[34.91665,32.54537],[34.91521,32.52768],[34.91165,32.51202],[34.91786,32.49576],[34.9179,32.49136],[34.91587,32.48752],[34.89778,32.46929],[34.89334,32.45231],[34.89238,32.44168],[34.88722,32.4276],[34.883,32.41012],[34.871,32.39429],[34.86569,32.38303],[34.86281,32.36775],[34.86314,32.36479],[34.8661,32.3613],[34.87692,32.35437],[34.87823,32.35011],[34.86768,32.32561],[34.86193,32.29528],[34.85548,32.27536],[34.85148,32.27125],[34.84271,32.26891],[34.83973,32.26605],[34.83595,32.25469],[34.83173,32.22833],[34.82825,32.21406],[34.81967,32.20238],[34.81549,32.18677],[34.81599,32.17619],[34.81355,32.16493],[34.80444,32.14997],[34.80238,32.14442]]]}},{"type":"Feature","properties":{"cls":"motorway","ref":"20"},"geometry":{"type":"MultiLineString","coordinates":[[[34.8157,32.16034],[34.80951,32.14225],[34.80996,32.11277],[34.8028,32.10113],[34.7974,32.08083],[34.79356,32.07578],[34.79196,32.06752],[34.78646,32.06113],[34.78273,32.04341],[34.7802,32.03995],[34.77464,32.03645],[34.7715,32.03621],[34.76322,32.0385],[34.76095,32.03775],[34.7596,32.03585],[34.7617,32.01071],[34.75878,31.99884],[34.75564,31.97691],[34.75883,31.95828],[34.75753,31.95481],[34.75132,31.94847]],[[34.75452,31.95069],[34.75787,31.95367],[34.75952,31.95781],[34.75605,31.97696],[34.75937,32.00006],[34.7621,32.01129],[34.76002,32.03577],[34.76121,32.0375],[34.7633,32.03819],[34.77165,32.0358],[34.77456,32.03601],[34.77979,32.03916],[34.78248,32.04202],[34.78704,32.06096],[34.79253,32.06734],[34.79389,32.0749],[34.79813,32.08106],[34.80329,32.101],[34.81079,32.11271],[34.81054,32.14422],[34.81772,32.16351],[34.82859,32.18518],[34.83374,32.20221],[34.83948,32.21319],[34.83867,32.21631],[34.83186,32.2225],[34.83221,32.2299]],[[34.83173,32.22833],[34.83158,32.22255],[34.837,32.21696],[34.8376,32.2136],[34.83225,32.20178],[34.82785,32.18538],[34.8186,32.16734],[34.81459,32.15716]]]}},{"type":"Feature","properties":{"cls":"motorway","ref":"22"},"geometry":{"type":"MultiLineString","coordinates":[[[35.00534,32.80992],[35.01262,32.80792],[35.02459,32.79894],[35.02986,32.79768],[35.04594,32.80053],[35.05245,32.80435],[35.0666,32.80611],[35.07651,32.81052],[35.08557,32.81157],[35.08943,32.81339],[35.0915,32.81607],[35.09427,32.8245],[35.10102,32.83772],[35.10109,32.84772],[35.10414,32.86442],[35.10114,32.87209],[35.09736,32.87628],[35.09612,32.88206]],[[35.09613,32.88102],[35.09721,32.87623],[35.10107,32.87193],[35.1037,32.8665],[35.10388,32.86406],[35.10084,32.84768],[35.10073,32.8377],[35.0949,32.82647],[35.09115,32.81593],[35.0891,32.81338],[35.08526,32.81164],[35.07625,32.81066],[35.06595,32.80617],[35.05238,32.80449],[35.04553,32.8006],[35.02974,32.79785],[35.02478,32.79898],[35.0129,32.80793],[35.00716,32.80938],[35.00489,32.81149]]]}},{"type":"Feature","properties":{"cls":"motorway","ref":"30"},"geometry":{"type":"MultiLineString","coordinates":[[[36.86164,31.65532],[36.86668,31.64802]],[[36.8693,31.64499],[36.86219,31.65458],[36.86057,31.66055]],[[36.79389,31.78076],[36.78816,31.78389],[36.76554,31.78797],[36.74365,31.80397],[36.74002,31.80787],[36.73841,31.81189],[36.73826,31.81564],[36.74709,31.85479],[36.74688,31.85871],[36.73563,31.87907],[36.71288,31.90125],[36.70895,31.90258],[36.67611,31.90667],[36.64322,31.90492],[36.62284,31.91089],[36.6073,31.91323],[36.56181,31.92257],[36.55858,31.92452],[36.5193,31.95936],[36.49208,31.97558],[36.47401,31.9818],[36.46655,31.98334],[36.46317,31.98508],[36.4604,31.98872],[36.45795,32.00212],[36.45517,32.00587],[36.4209,32.02025],[36.38784,32.03992],[36.37272,32.0461],[36.36938,32.04886],[36.3652,32.05711],[36.36203,32.05972],[36.35703,32.06076],[36.33354,32.05833],[36.29307,32.05983],[36.26487,32.07772],[36.23675,32.08639]],[[36.23656,32.08629],[36.26534,32.07722],[36.28951,32.06104],[36.29316,32.05952],[36.33372,32.05804],[36.35674,32.06045],[36.36186,32.05947],[36.3647,32.05722],[36.36841,32.04965],[36.37196,32.04618],[36.38802,32.03949],[36.4206,32.02006],[36.45487,32.00569],[36.45756,32.00213],[36.45997,31.98894],[36.46232,31.98536],[36.46668,31.98299],[36.47382,31.98156],[36.49158,31.97549],[36.51905,31.95917],[36.5615,31.92258],[36.60751,31.91308],[36.62299,31.91075],[36.64227,31.90494],[36.67581,31.90639],[36.7088,31.90231],[36.71272,31.901],[36.73584,31.87828],[36.74654,31.8587],[36.74667,31.85438],[36.73795,31.81592],[36.73811,31.81164],[36.73982,31.8076],[36.7431,31.80399],[36.76534,31.7877],[36.78905,31.78331],[36.79326,31.78085],[36.7969,31.77682]]]}},{"type":"Feature","properties":{"cls":"motorway","ref":"35"},"geometry":{"type":"MultiLineString","coordinates":[[[35.90882,31.81272],[35.89468,31.83427],[35.89131,31.84185],[35.88996,31.85057],[35.89198,31.86387],[35.89093,31.87241],[35.888,31.87558],[35.87695,31.88157],[35.87234,31.88681],[35.87057,31.89131],[35.86909,31.90498],[35.86677,31.9076],[35.86077,31.91046],[35.85916,31.91277],[35.85997,31.9274],[35.85886,31.93015],[35.85479,31.93498]],[[35.8547,31.93486],[35.85868,31.9301],[35.85983,31.92722],[35.85892,31.91293],[35.86067,31.91034],[35.86675,31.9074],[35.86877,31.90522],[35.87042,31.8912],[35.87215,31.88681],[35.8774,31.88102],[35.88807,31.87536],[35.89068,31.87257],[35.89183,31.86429],[35.88984,31.85056],[35.89116,31.84187],[35.89458,31.83422],[35.9089,31.8123]]]}},{"type":"Feature","properties":{"cls":"motorway","ref":"4"},"geometry":{"type":"MultiLineString","coordinates":[[[34.69978,31.82665],[34.70708,31.83291],[34.70907,31.83573],[34.71003,31.83887],[34.71093,31.85416],[34.71229,31.85928],[34.71708,31.87045],[34.72942,31.88903],[34.73776,31.90648],[34.74161,31.9346],[34.74387,31.94025],[34.75431,31.95106],[34.75803,31.95372],[34.78125,31.9597],[34.78444,31.96162],[34.79126,31.97437],[34.80084,31.99648],[34.8093,32.0034],[34.81776,32.01391]],[[34.82094,32.01769],[34.81534,32.01193],[34.80914,32.00349],[34.8004,31.99622],[34.79105,31.97448],[34.78435,31.96179],[34.78098,31.95981],[34.75697,31.95337],[34.74362,31.94036],[34.74134,31.93463],[34.73747,31.90649],[34.72908,31.88886],[34.71695,31.8706],[34.71211,31.85933],[34.7107,31.85382],[34.70907,31.83618],[34.70696,31.83305],[34.70012,31.8275],[34.69839,31.82296]]]}},{"type":"Feature","properties":{"cls":"motorway","ref":"41"},"geometry":{"type":"MultiLineString","coordinates":[[[34.69551,31.83011],[34.70674,31.8227]],[[34.70685,31.82286],[34.69889,31.82804]]]}},{"type":"Feature","properties":{"cls":"motorway","ref":"42"},"geometry":{"type":"MultiLineString","coordinates":[[[34.78466,31.96275],[34.78538,31.95871]],[[34.78564,31.95932],[34.78656,31.96498]]]}},{"type":"Feature","properties":{"cls":"motorway","ref":"431"},"geometry":{"type":"MultiLineString","coordinates":[[[34.96144,31.89316],[34.94713,31.89583],[34.93561,31.90078],[34.91544,31.90404],[34.89948,31.91049],[34.87834,31.91022],[34.86068,31.91783],[34.83738,31.92207],[34.82882,31.92791],[34.81882,31.93214],[34.81688,31.93491],[34.81521,31.94256],[34.81237,31.94583],[34.78051,31.95479],[34.75898,31.96856],[34.75641,31.97372]],[[34.75585,31.97282],[34.75745,31.9691],[34.78039,31.95465],[34.81236,31.94537],[34.8148,31.94243],[34.81646,31.93482],[34.81834,31.93206],[34.82861,31.92757],[34.83759,31.92163],[34.86028,31.91757],[34.87849,31.90987],[34.89929,31.91019],[34.91476,31.90384],[34.93569,31.90037],[34.94797,31.89503],[34.96256,31.89239]]]}},{"type":"Feature","properties":{"cls":"motorway","ref":"471"},"geometry":{"type":"MultiLineString","coordinates":[[[34.84423,32.06507],[34.84856,32.06697],[34.86846,32.07107],[34.88569,32.07059],[34.90311,32.06659],[34.93349,32.06803]],[[34.93343,32.06814],[34.90312,32.06675],[34.8857,32.07076],[34.86894,32.07124],[34.84898,32.06725],[34.84564,32.06582]]]}},{"type":"Feature","properties":{"cls":"motorway","ref":"5"},"geometry":{"type":"MultiLineString","coordinates":[[[34.80808,32.14021],[34.81258,32.13853],[34.81902,32.13852],[34.82872,32.13675],[34.8364,32.13265],[34.86165,32.12185],[34.87583,32.11771],[34.88063,32.11791],[34.88861,32.12149],[34.89496,32.12227],[34.91153,32.1202],[34.92415,32.11663],[34.94213,32.11559],[34.94854,32.11379]],[[34.94887,32.11383],[34.94097,32.1159],[34.92415,32.11683],[34.91161,32.12038],[34.89469,32.12259],[34.88884,32.12186],[34.88058,32.11805],[34.87585,32.11792],[34.86177,32.122],[34.83648,32.13276],[34.82969,32.13657],[34.81985,32.13871],[34.81213,32.13872],[34.80147,32.14173]],[[36.7969,31.77682],[36.80402,31.76831],[36.81852,31.74637],[36.85628,31.70913],[36.85869,31.70551],[36.86035,31.69931],[36.86035,31.66123],[36.86164,31.65532]],[[36.86057,31.66055],[36.86066,31.69932],[36.85847,31.7066],[36.85547,31.71048],[36.8188,31.74654],[36.80343,31.76974],[36.79389,31.78076]]]}},{"type":"Feature","properties":{"cls":"motorway","ref":"50"},"geometry":{"type":"MultiLineString","coordinates":[[[35.20867,31.8575],[35.21057,31.85412],[35.21131,31.83176],[35.21404,31.82556],[35.21428,31.82266],[35.21197,31.81703],[35.21153,31.81237],[35.20512,31.80486],[35.20444,31.80045],[35.2029,31.79927],[35.19906,31.7988],[35.19754,31.79717],[35.20003,31.78664],[35.19404,31.77817],[35.19486,31.76956],[35.1929,31.76448],[35.19368,31.76002],[35.18882,31.75115],[35.19006,31.74834],[35.19879,31.74259],[35.20216,31.73834],[35.20284,31.73256],[35.1997,31.72842]],[[35.19979,31.72825],[35.20297,31.73254],[35.20235,31.73838],[35.19862,31.74292],[35.19004,31.74852],[35.18901,31.75115],[35.1939,31.76024],[35.19308,31.76448],[35.19505,31.76973],[35.1942,31.77806],[35.20019,31.78662],[35.1978,31.79709],[35.19905,31.79849],[35.20286,31.79906],[35.20462,31.8004],[35.20528,31.8048],[35.21191,31.81286],[35.21209,31.81692],[35.21438,31.82244],[35.21435,31.82515],[35.21139,31.83224],[35.21072,31.85413],[35.20886,31.85759]]]}},{"type":"Feature","properties":{"cls":"motorway","ref":"531"},"geometry":{"type":"MultiLineString","coordinates":[[[34.95896,32.14004],[34.94311,32.15049],[34.92923,32.16263],[34.92456,32.16545],[34.89194,32.17275],[34.86529,32.17258],[34.85851,32.17721],[34.84732,32.18212],[34.83429,32.19391]],[[34.84001,32.18808],[34.84738,32.18156],[34.85829,32.1769],[34.86551,32.17217],[34.89152,32.1726],[34.92379,32.16545],[34.9282,32.16305],[34.94295,32.15034],[34.95888,32.13997]]]}},{"type":"Feature","properties":{"cls":"motorway","ref":"6"},"geometry":{"type":"MultiLineString","coordinates":[[[34.92843,31.93613],[34.92613,31.92564],[34.92279,31.92119],[34.91882,31.91902],[34.90295,31.91449],[34.88953,31.90553],[34.88547,31.90163],[34.88331,31.89768],[34.88032,31.88571],[34.87441,31.87006],[34.87109,31.85369],[34.85356,31.82951],[34.84041,31.81595],[34.8307,31.80254],[34.82998,31.79609],[34.8329,31.77731],[34.82378,31.75213],[34.82046,31.72264],[34.82007,31.70874],[34.80769,31.68164],[34.80613,31.67532],[34.80637,31.66992],[34.81503,31.62788],[34.81276,31.59787],[34.80866,31.5866],[34.80469,31.567],[34.79643,31.53937],[34.79266,31.53166],[34.78419,31.51984],[34.78231,31.51551],[34.78174,31.51041],[34.78329,31.50024],[34.78009,31.4946],[34.77547,31.48247],[34.77463,31.47845],[34.77566,31.4712],[34.77034,31.46265],[34.76933,31.45913],[34.77286,31.43682],[34.77479,31.43378],[34.78268,31.42712],[34.78484,31.4233],[34.78863,31.40567],[34.78898,31.39756],[34.79049,31.39406],[34.79408,31.39126],[34.81687,31.38178],[34.83045,31.36815],[34.83458,31.36695],[34.84424,31.36688],[34.85319,31.3624],[34.85967,31.35055],[34.87304,31.33663],[34.8883,31.32339],[34.89081,31.31959],[34.89168,31.31211],[34.88941,31.30275],[34.88614,31.29641]],[[34.93056,31.94588],[34.93234,31.95108],[34.93789,31.95908],[34.95664,31.96896],[34.95994,31.97213],[34.96128,31.97521],[34.96339,31.99037],[34.96623,31.99947],[34.96712,32.01723],[34.96628,32.02058],[34.961,32.02763],[34.95201,32.03677],[34.94049,32.05366],[34.93312,32.07618],[34.93616,32.10962],[34.93931,32.11807],[34.95859,32.13875],[34.96267,32.14754],[34.96284,32.15396],[34.95629,32.19179],[34.95762,32.19997],[34.97424,32.22226],[34.98429,32.24361],[34.99799,32.27733],[35.00895,32.29362],[35.01169,32.30139],[35.01283,32.31917],[35.00821,32.33927],[35.00885,32.34274],[35.01581,32.3588],[35.01449,32.37165],[35.01982,32.387],[35.02157,32.41362],[35.02128,32.42571],[35.02365,32.43057],[35.03543,32.44381],[35.03705,32.45404],[35.03507,32.46587],[35.03736,32.47469],[35.03692,32.4788],[35.03488,32.48239],[35.02824,32.48983],[35.02669,32.49415],[35.02715,32.53534],[35.03104,32.54364],[35.03234,32.55519],[35.04102,32.565],[35.04752,32.58478],[35.04754,32.58897],[35.04438,32.59986],[35.04598,32.6066],[35.05167,32.61549],[35.06188,32.62749],[35.06634,32.63861],[35.0686,32.64007],[35.07785,32.64278],[35.08482,32.64946],[35.09817,32.65551],[35.10227,32.65989],[35.10263,32.66316],[35.10137,32.66988],[35.10562,32.67678],[35.10632,32.68054],[35.10183,32.70005],[35.0991,32.71939],[35.10741,32.73845],[35.11016,32.75163],[35.11831,32.75992],[35.12176,32.77126],[35.13024,32.77729]],[[35.13046,32.77764],[35.12146,32.77122],[35.11836,32.76073],[35.10977,32.7517],[35.10712,32.7388],[35.09889,32.7196],[35.10163,32.69971],[35.10611,32.68047],[35.10533,32.6769],[35.10097,32.66982],[35.10229,32.66295],[35.10187,32.65984],[35.09812,32.65571],[35.08452,32.64948],[35.07772,32.64291],[35.06873,32.64029],[35.06621,32.63868],[35.06179,32.62773],[35.05138,32.61551],[35.04601,32.60712],[35.04409,32.60049],[35.04735,32.5887],[35.04716,32.5844],[35.04048,32.56466],[35.03195,32.55486],[35.0307,32.54324],[35.02694,32.5353],[35.02646,32.49384],[35.0283,32.48926],[35.03503,32.48183],[35.03674,32.47852],[35.03723,32.47522],[35.03479,32.46494],[35.03678,32.45413],[35.03489,32.44332],[35.02341,32.43071],[35.0208,32.42458],[35.02131,32.41346],[35.01963,32.38751],[35.01426,32.37243],[35.01561,32.3588],[35.00799,32.33996],[35.01271,32.31827],[35.01115,32.30005],[35.00753,32.2916],[34.99773,32.27747],[34.98411,32.24375],[34.97406,32.22237],[34.95707,32.19929],[34.95603,32.19182],[34.96267,32.15315],[34.96247,32.14786],[34.95889,32.13954],[34.93893,32.11797],[34.93688,32.11388],[34.93562,32.10751],[34.93275,32.07627],[34.94035,32.05333],[34.95173,32.03646],[34.96066,32.02753],[34.96581,32.02054],[34.96642,32.01712],[34.96525,31.99686],[34.9628,31.98889],[34.96102,31.97563],[34.95949,31.97203],[34.95569,31.96873],[34.93787,31.95937],[34.93218,31.9523],[34.93091,31.94893]],[[34.88825,31.29827],[34.89141,31.30055],[34.8906,31.30382],[34.89244,31.31458],[34.8908,31.32076],[34.88791,31.32448],[34.87708,31.33369],[34.85986,31.35071],[34.85327,31.36265],[34.84369,31.36726],[34.83482,31.36725],[34.83095,31.36824],[34.82793,31.37034],[34.82068,31.37908],[34.81698,31.38198],[34.79419,31.39144],[34.7907,31.39417],[34.78922,31.39758],[34.7889,31.406],[34.78498,31.42371],[34.78257,31.42759],[34.77503,31.43389],[34.77316,31.43676],[34.76968,31.45909],[34.77052,31.46219],[34.7758,31.47117],[34.77682,31.48396],[34.78355,31.50025],[34.78207,31.51051],[34.78267,31.51587],[34.78464,31.52009],[34.79346,31.5326],[34.79687,31.53976],[34.80492,31.56697],[34.80892,31.58645],[34.813,31.59756],[34.81525,31.62902],[34.80664,31.66992],[34.8064,31.67533],[34.80815,31.68204],[34.82035,31.70861],[34.82081,31.72263],[34.82397,31.75184],[34.83359,31.77877],[34.83344,31.7839],[34.83061,31.7962],[34.83134,31.80246],[34.83336,31.8062],[34.85478,31.83063],[34.87023,31.85177],[34.87228,31.85626],[34.87581,31.87387],[34.88,31.88399],[34.88362,31.8976],[34.88602,31.90181],[34.88923,31.90506],[34.90291,31.91419],[34.91888,31.91875],[34.92325,31.92124],[34.92675,31.92668],[34.92871,31.93608]]]}},{"type":"Feature","properties":{"cls":"motorway","ref":"7"},"geometry":{"type":"MultiLineString","coordinates":[[[34.70674,31.8227],[34.71111,31.82161],[34.72231,31.82303],[34.72656,31.82256],[34.74193,31.81228],[34.75026,31.81045],[34.78001,31.79857],[34.78577,31.79702],[34.7912,31.79666],[34.79736,31.79746],[34.82081,31.80489],[34.83523,31.80479]],[[34.83523,31.80492],[34.82065,31.80501],[34.79673,31.79753],[34.78621,31.79714],[34.78024,31.79862],[34.75087,31.81043],[34.74199,31.81239],[34.72681,31.82267],[34.72246,31.82322],[34.71111,31.82179],[34.70685,31.82286]]]}},{"type":"Feature","properties":{"cls":"motorway","ref":"70"},"geometry":{"type":"MultiLineString","coordinates":[[[35.14664,32.80611],[35.13737,32.78441],[35.13046,32.77764]],[[35.13024,32.77729],[35.13475,32.78097],[35.1389,32.78661],[35.14681,32.80607]]]}},{"type":"Feature","properties":{"cls":"motorway","ref":"77"},"geometry":{"type":"MultiLineString","coordinates":[[[35.11095,32.68327],[35.1228,32.68651],[35.12607,32.6883],[35.13475,32.69919],[35.13605,32.70469],[35.13832,32.70717],[35.1422,32.70828],[35.15422,32.70756],[35.16419,32.71414]],[[35.16053,32.71164],[35.15383,32.70762],[35.14217,32.70845],[35.13851,32.7075],[35.13586,32.70476],[35.13456,32.69928],[35.12593,32.68842],[35.12273,32.68668],[35.11092,32.68338]]]}},{"type":"Feature","properties":{"cls":"motorway","ref":"9"},"geometry":{"type":"MultiLineString","coordinates":[[[35.00591,32.4138],[34.9974,32.41425],[34.9774,32.40689],[34.95983,32.40553],[34.95592,32.40591],[34.93747,32.41117],[34.91864,32.41387],[34.91376,32.41333],[34.90741,32.4097],[34.90359,32.40954],[34.90748,32.40954],[34.91373,32.41308],[34.9189,32.41368],[34.93706,32.41102],[34.95585,32.4057],[34.96088,32.40534],[34.9774,32.40662],[34.99747,32.41403],[35.00593,32.4136]]]}},{"type":"Feature","properties":{"cls":"motorway","ref":"A30"},"geometry":{"type":"MultiLineString","coordinates":[[[35.58267,33.82929],[35.58207,33.83068],[35.58302,33.83169],[35.58298,33.83067],[35.58653,33.83011],[35.58786,33.82906],[35.58735,33.82815]]]}},{"type":"Feature","properties":{"cls":"motorway","ref":"M1 RING"},"geometry":{"type":"MultiLineString","coordinates":[[[35.52142,33.89818],[35.51851,33.89665],[35.51349,33.89717]]]}},{"type":"Feature","properties":{"cls":"motorway","ref":"M2"},"geometry":{"type":"MultiLineString","coordinates":[[[35.97729,33.66117],[35.97777,33.65653]],[[35.97781,33.65909],[35.97733,33.66299]],[[36.22564,33.48834],[36.21431,33.48627],[36.20141,33.48565],[36.19372,33.49072],[36.18642,33.49158],[36.18343,33.49356],[36.17605,33.49579],[36.17064,33.49441],[36.15711,33.49608],[36.13747,33.49487],[36.13292,33.49553],[36.12665,33.49842],[36.11898,33.51488],[36.08821,33.54656],[36.07983,33.55646],[36.08014,33.56118],[36.08743,33.57098],[36.09099,33.57972],[36.08964,33.58401],[36.08565,33.58866],[36.08222,33.59095]],[[35.97797,33.65608],[35.97781,33.65909],[35.97796,33.65683]],[[35.97773,33.65704],[35.97734,33.66081],[35.97781,33.65607]],[[35.97781,33.656],[35.98002,33.64623],[35.97872,33.63509],[35.98217,33.63181],[35.98751,33.62868],[35.99024,33.62535],[35.99346,33.62439],[35.99735,33.62454],[36.00283,33.62238],[36.01458,33.6204],[36.0202,33.6176],[36.02563,33.61327],[36.02988,33.61206],[36.03597,33.60783],[36.03851,33.6036],[36.042,33.60138],[36.04485,33.60058],[36.05226,33.60094],[36.06109,33.59732],[36.07013,33.59708],[36.07552,33.59516],[36.0861,33.58801],[36.09002,33.58311],[36.09073,33.57867],[36.08725,33.57086],[36.08043,33.56203],[36.07936,33.55912],[36.07969,33.55647],[36.08868,33.54591],[36.11868,33.51499],[36.12499,33.50014],[36.12659,33.49833],[36.13537,33.49487],[36.15737,33.49586],[36.17097,33.49432],[36.17605,33.49569],[36.18287,33.4937],[36.18619,33.49152],[36.19412,33.49044],[36.19929,33.48624],[36.20179,33.48539],[36.21463,33.48613],[36.22564,33.48812]],[[35.96392,33.67937],[35.96414,33.67599],[35.96597,33.6724],[35.97282,33.67124],[35.9765,33.66924],[35.97729,33.66126]],[[36.08193,33.59112],[36.07564,33.59522],[36.069,33.5976],[36.05934,33.59792],[36.05161,33.60115],[36.04286,33.60112],[36.03866,33.60361],[36.03548,33.60836],[36.02934,33.61252],[36.02548,33.6135],[36.01919,33.6188],[36.01385,33.62103],[36.00917,33.62135],[35.99806,33.62475],[35.9936,33.62469],[35.99024,33.62576],[35.98775,33.62892],[35.9824,33.63198],[35.97922,33.63502],[35.98017,33.64687],[35.97832,33.65161],[35.97797,33.65601]],[[35.97732,33.66308],[35.97633,33.66967],[35.97207,33.67158],[35.96597,33.67253],[35.96437,33.67565],[35.96403,33.67942]]]}},{"type":"Feature","properties":{"cls":"motorway","ref":"M30"},"geometry":{"type":"MultiLineString","coordinates":[[[35.92931,33.70101],[35.93662,33.7009],[35.94597,33.69941],[35.95143,33.69692],[35.95762,33.69576],[35.95878,33.6942],[35.95897,33.69066],[35.96186,33.68705],[35.96392,33.67937]],[[35.5332,33.8893],[35.53139,33.88136],[35.52888,33.87633],[35.5312,33.87132],[35.53012,33.86237],[35.53679,33.8528],[35.53942,33.85104],[35.54911,33.84883],[35.55404,33.84925],[35.5585,33.84075],[35.56746,33.83431],[35.56963,33.83043],[35.57487,33.82873],[35.57968,33.82821],[35.58243,33.82876],[35.58267,33.82929],[35.57984,33.8283],[35.57416,33.82889],[35.56974,33.83049],[35.5676,33.83437],[35.5586,33.84085],[35.55414,33.84932],[35.54947,33.84888],[35.53985,33.85107],[35.53755,33.85244],[35.53061,33.86143],[35.53137,33.87144],[35.52907,33.87617],[35.53846,33.90165],[35.5332,33.8893]],[[35.67316,33.80047],[35.66935,33.80061],[35.66101,33.80659],[35.64054,33.80866],[35.63969,33.81297],[35.63627,33.81193],[35.63006,33.8134],[35.62648,33.81206],[35.62444,33.81375],[35.62221,33.81294],[35.62226,33.81436],[35.6202,33.81367],[35.61769,33.81531],[35.60895,33.81435],[35.60636,33.81843],[35.59308,33.82924],[35.59042,33.82795],[35.5895,33.82403],[35.5872,33.82798],[35.58951,33.82393],[35.59057,33.82798],[35.59309,33.82914],[35.60641,33.81829],[35.60898,33.81418],[35.61764,33.81522],[35.62128,33.81223],[35.62409,33.81374],[35.62647,33.81199],[35.63013,33.81332],[35.63522,33.81195],[35.63964,33.81219],[35.64051,33.80857],[35.66104,33.8065],[35.66945,33.80045],[35.6733,33.80038]],[[35.73455,33.79932],[35.71526,33.80386],[35.71247,33.80328],[35.70822,33.80081],[35.69944,33.79963],[35.69218,33.7969],[35.69006,33.79712],[35.68847,33.79843]],[[35.68418,33.79884],[35.68728,33.79891],[35.69005,33.79701],[35.69203,33.79674],[35.70021,33.79968],[35.70814,33.80065],[35.71242,33.80311],[35.71528,33.80371],[35.73224,33.79919],[35.73439,33.79927]],[[35.96403,33.67942],[35.96187,33.6874],[35.95908,33.6907],[35.95888,33.69422],[35.95742,33.69601],[35.95118,33.69707],[35.94603,33.69947],[35.93664,33.70099],[35.92933,33.70111]],[[35.91588,33.73763],[35.89524,33.76925],[35.88693,33.78686],[35.878,33.7966],[35.86191,33.8093]],[[35.89096,33.77912],[35.89511,33.76921],[35.91362,33.74182],[35.91603,33.73675]],[[35.86536,33.80591],[35.87457,33.79932],[35.8816,33.79296],[35.8878,33.78539],[35.89095,33.77916]],[[35.68088,33.79915],[35.68305,33.79853],[35.68604,33.80004]]]}},{"type":"Feature","properties":{"cls":"motorway","ref":"M301"},"geometry":{"type":"MultiLineString","coordinates":[[[35.53028,33.86505],[35.52644,33.86928],[35.52379,33.87552],[35.52022,33.87966]],[[35.52014,33.87958],[35.52353,33.87577],[35.52625,33.86934],[35.52987,33.86517]]]}},{"type":"Feature","properties":{"cls":"motorway","ref":"M5"},"geometry":{"type":"MultiLineString","coordinates":[[[36.28856,33.49186],[36.30004,33.49206],[36.31989,33.49045],[36.3244,33.49141],[36.32772,33.4936]],[[36.32791,33.49404],[36.32398,33.49146],[36.32,33.49062],[36.30155,33.49225],[36.28512,33.49204]],[[36.3549,33.55295],[36.35743,33.55928],[36.36441,33.56659],[36.36988,33.5772],[36.3736,33.58062],[36.38502,33.58454],[36.40014,33.59206],[36.41328,33.59458],[36.42383,33.59805],[36.43917,33.60161],[36.44355,33.60403],[36.45816,33.61537],[36.46382,33.61789],[36.47843,33.62159],[36.48408,33.62483],[36.49354,33.63478],[36.5003,33.63893],[36.50762,33.64512],[36.5175,33.65099],[36.52096,33.65906],[36.53455,33.66938],[36.53764,33.67383],[36.54284,33.68509],[36.55712,33.69894],[36.57124,33.71697],[36.5815,33.73344],[36.59783,33.75494],[36.60025,33.76159],[36.60077,33.77063],[36.59984,33.77281],[36.59744,33.77405],[36.58112,33.77635],[36.57539,33.7751],[36.57125,33.77605],[36.56876,33.77908],[36.56808,33.78552],[36.57077,33.78961],[36.57838,33.79228],[36.58994,33.8002],[36.59678,33.80678],[36.60788,33.81887],[36.62047,33.83736],[36.63556,33.85272],[36.63933,33.86026],[36.64624,33.8679],[36.64858,33.87649],[36.65084,33.88014],[36.6541,33.88278],[36.66837,33.89044],[36.67573,33.89593],[36.69598,33.91735],[36.70216,33.92567],[36.72269,33.97958],[36.72322,33.98763],[36.72242,33.99426],[36.71353,34.01794],[36.71333,34.0228],[36.71582,34.02698],[36.73608,34.04986],[36.74203,34.06232]],[[36.20843,32.68973],[36.2045,32.6999],[36.19677,32.71141],[36.19297,32.71919],[36.19087,32.72733],[36.19062,32.73553],[36.193,32.74632],[36.20101,32.7633],[36.20457,32.78218],[36.21009,32.79626],[36.21279,32.80781],[36.21317,32.83678],[36.21655,32.85644],[36.21645,32.88147],[36.22037,32.91195],[36.22376,32.92285],[36.23451,32.94016],[36.23693,32.94897],[36.23683,32.95716],[36.23329,32.97278],[36.23399,32.98506],[36.23601,32.99156],[36.24016,32.99929],[36.25393,33.01474],[36.25908,33.02291],[36.27551,33.06364],[36.28448,33.09985],[36.28882,33.10753],[36.30415,33.12807],[36.30729,33.13508],[36.30905,33.14286],[36.30922,33.15028],[36.30813,33.15708],[36.30101,33.17404],[36.29908,33.18265],[36.29908,33.19046],[36.30267,33.20853],[36.30188,33.21962],[36.29505,33.23811],[36.2905,33.25478],[36.27473,33.28718],[36.27031,33.30835],[36.26092,33.33289],[36.25974,33.34194],[36.26126,33.35685],[36.25949,33.37454],[36.25745,33.38104],[36.24988,33.39437],[36.2473,33.40421],[36.24762,33.41194],[36.25015,33.42005],[36.26336,33.44125],[36.26741,33.44994],[36.27591,33.46119],[36.28136,33.47793],[36.28593,33.48654]],[[36.20094,32.53057],[36.20189,32.54778],[36.20702,32.57137],[36.20322,32.5928],[36.20591,32.6174],[36.20173,32.63461],[36.20108,32.64282],[36.20179,32.64869],[36.20901,32.67503],[36.20947,32.68218],[36.20849,32.68947]],[[36.74177,34.0624],[36.73552,34.04965],[36.71512,34.02649],[36.713,34.02247],[36.71312,34.01845],[36.72207,33.99421],[36.72239,33.97988],[36.71933,33.96986],[36.70098,33.92437],[36.69608,33.91794],[36.67416,33.89502],[36.65063,33.88037],[36.64834,33.87672],[36.64572,33.86766],[36.62862,33.85243],[36.60896,33.82068],[36.59471,33.80475],[36.58865,33.79934],[36.57834,33.79236],[36.57112,33.79004],[36.56805,33.78576],[36.56858,33.7791],[36.57118,33.77591],[36.57568,33.77497],[36.58137,33.77619],[36.59731,33.77397],[36.59948,33.77295],[36.60061,33.77087],[36.60009,33.76157],[36.59811,33.75576],[36.58123,33.73333],[36.57108,33.71703],[36.55663,33.69857],[36.54289,33.68534],[36.5346,33.66965],[36.52052,33.65874],[36.51686,33.65053],[36.50758,33.64527],[36.50032,33.63909],[36.49347,33.63489],[36.48397,33.62492],[36.47707,33.62124],[36.46572,33.6186],[36.45923,33.61614],[36.43999,33.60208],[36.42522,33.59857],[36.41462,33.59503],[36.39878,33.59175],[36.3849,33.58463],[36.37314,33.58052],[36.36989,33.57743],[36.36488,33.56748],[36.35682,33.55861],[36.35453,33.55237]],[[36.28579,33.48657],[36.28124,33.47804],[36.27557,33.46078],[36.26728,33.45002],[36.26333,33.44158],[36.24986,33.41998],[36.24744,33.41189],[36.24711,33.40434],[36.24923,33.39537],[36.25651,33.38262],[36.25934,33.37454],[36.26103,33.35739],[36.25953,33.34088],[36.26086,33.33239],[36.27003,33.30855],[36.27429,33.28782],[36.29028,33.25474],[36.29491,33.2378],[36.30161,33.2199],[36.30251,33.20888],[36.29908,33.19215],[36.2988,33.18342],[36.30089,33.17377],[36.30774,33.15769],[36.30901,33.14462],[36.30772,33.13699],[36.30423,33.12855],[36.28748,33.1059],[36.28365,33.09851],[36.27566,33.06479],[36.25828,33.02182],[36.25347,33.01454],[36.24188,33.00192],[36.2357,32.99133],[36.23344,32.9834],[36.23286,32.97662],[36.23677,32.9561],[36.23629,32.94636],[36.2333,32.93814],[36.22382,32.92348],[36.22001,32.91116],[36.21622,32.88155],[36.21632,32.85612],[36.21291,32.83645],[36.2126,32.80805],[36.21006,32.79696],[36.20403,32.78108],[36.20063,32.76293],[36.19237,32.74526],[36.19039,32.73526],[36.19067,32.72731],[36.19251,32.71976],[36.19664,32.71118],[36.20565,32.69704],[36.20782,32.69139],[36.20919,32.68343],[36.20851,32.67339],[36.20091,32.64391],[36.20128,32.63601],[36.20569,32.61776],[36.20557,32.61022],[36.203,32.59288],[36.20679,32.57134],[36.20151,32.54568],[36.20038,32.54452],[36.19987,32.53771],[36.20095,32.53648],[36.20069,32.53057]],[[36.28605,33.48676],[36.29103,33.49452]],[[36.29127,33.49597],[36.28592,33.4868]]]}},{"type":"Feature","properties":{"cls":"motorway","ref":"M51"},"geometry":{"type":"MultiLineString","coordinates":[[[35.38754,33.59046],[35.38929,33.59644],[35.39136,33.59881],[35.39193,33.60412],[35.39412,33.6056],[35.40238,33.60753],[35.4055,33.61114],[35.40221,33.62373],[35.40291,33.63875],[35.40173,33.64626],[35.40441,33.64833],[35.41613,33.65036],[35.41926,33.65193],[35.42313,33.6551],[35.42798,33.66451],[35.428,33.67288],[35.42321,33.6789],[35.42495,33.68439],[35.4235,33.68865],[35.42394,33.69134],[35.42625,33.69341],[35.43907,33.69888],[35.45026,33.71176],[35.4519,33.71758],[35.45392,33.73526],[35.45281,33.75058],[35.45951,33.76132],[35.46738,33.76909],[35.48166,33.79113],[35.4828,33.79353],[35.48287,33.79771],[35.50555,33.82739],[35.50519,33.82858],[35.49972,33.83268],[35.49525,33.83476],[35.49437,33.83627],[35.49353,33.85531],[35.49525,33.87908],[35.50118,33.89218]],[[35.64708,34.00037],[35.63868,33.98439],[35.63057,33.97808],[35.62807,33.97781],[35.621,33.97927],[35.61348,33.97532],[35.60971,33.97156],[35.60339,33.96046],[35.59919,33.95653],[35.59405,33.95488],[35.5851,33.91992],[35.57945,33.91012],[35.56641,33.89711],[35.55095,33.8938],[35.52707,33.89938],[35.52446,33.89929],[35.51872,33.89639],[35.51289,33.89695]],[[35.50969,33.89765],[35.5186,33.89624],[35.5245,33.89916],[35.52669,33.89927],[35.55096,33.89368],[35.56648,33.897],[35.57946,33.90989],[35.58381,33.91682],[35.58882,33.93126],[35.59265,33.94668],[35.59291,33.9519],[35.59471,33.95512]],[[35.50105,33.8922],[35.49515,33.8792],[35.49337,33.85531],[35.49425,33.83628],[35.49515,33.83466],[35.49974,33.83255],[35.50544,33.82741],[35.48275,33.79774],[35.48197,33.79189],[35.46726,33.76913],[35.45939,33.76139],[35.45283,33.75102],[35.45229,33.748],[35.45379,33.73566],[35.45166,33.71701],[35.45003,33.71147],[35.43862,33.69874],[35.42662,33.69377],[35.42358,33.69106],[35.42332,33.6887],[35.42477,33.6844],[35.42306,33.67871],[35.42781,33.673],[35.42783,33.66454],[35.42298,33.65516],[35.41942,33.6522],[35.41531,33.65032],[35.40412,33.64837],[35.40163,33.64638],[35.40275,33.63877],[35.40209,33.62336],[35.40535,33.6111],[35.40218,33.60759],[35.39455,33.60586],[35.39191,33.60433],[35.39074,33.60202],[35.39086,33.59866],[35.3892,33.59649],[35.38741,33.59049]],[[35.25984,33.31771],[35.26351,33.32167],[35.2652,33.32579],[35.26536,33.34315],[35.26998,33.35536],[35.2691,33.37116],[35.27653,33.39633],[35.28448,33.40506],[35.2917,33.41628],[35.30554,33.42614],[35.30674,33.43732],[35.31295,33.44219],[35.3147,33.44503],[35.31715,33.46184],[35.32048,33.46522],[35.33422,33.47248],[35.33762,33.4752],[35.33958,33.47928],[35.34384,33.49948],[35.3629,33.51919],[35.36621,33.52846],[35.37213,33.53732],[35.37165,33.5395]],[[35.37155,33.53949],[35.37203,33.53743],[35.36658,33.52945],[35.36287,33.51942],[35.34364,33.49947],[35.33954,33.47982],[35.33782,33.47573],[35.33422,33.47265],[35.32043,33.46536],[35.31705,33.46195],[35.31446,33.44485],[35.31256,33.44206],[35.30644,33.43709],[35.30552,33.42642],[35.29094,33.41569],[35.28421,33.40497],[35.27635,33.39644],[35.26894,33.37121],[35.2698,33.35531],[35.26512,33.3426],[35.26502,33.32573],[35.26337,33.32176],[35.2592,33.31738]],[[35.59987,33.95682],[35.60392,33.96087],[35.60976,33.9714],[35.61333,33.97513],[35.6211,33.97919],[35.6279,33.97772],[35.63059,33.97795],[35.63893,33.98445],[35.64711,34.00008]],[[35.59725,33.95556],[35.59987,33.95682],[35.59471,33.95512],[35.59725,33.95556]]]}},{"type":"Feature","properties":{"cls":"motorway","ref":"M510"},"geometry":{"type":"MultiLineString","coordinates":[[[35.48564,33.85733],[35.48636,33.87741]],[[35.48421,33.82886],[35.48626,33.82067],[35.48311,33.81667],[35.48122,33.80541],[35.47801,33.79755],[35.47928,33.79211]],[[35.47952,33.79219],[35.47814,33.79745],[35.48135,33.80539],[35.48315,33.81638],[35.48645,33.82083],[35.48433,33.82888]],[[35.48621,33.8774],[35.48552,33.85734]]]}},{"type":"Feature","properties":{"cls":"motorway","ref":"M511"},"geometry":{"type":"MultiLineString","coordinates":[[[35.50971,33.89248],[35.50505,33.89244],[35.49792,33.89488],[35.49566,33.89919]],[[35.49554,33.89919],[35.4962,33.89499],[35.50501,33.89232],[35.50968,33.89235]],[[35.54751,33.88668],[35.54177,33.88888],[35.53072,33.89063]],[[35.53026,33.8905],[35.54139,33.88889],[35.54746,33.88658]]]}},{"type":"Feature","properties":{"cls":"motorway","ref":"M90"},"geometry":{"type":"MultiLineString","coordinates":[[[35.56475,33.89968],[35.56744,33.89633],[35.57304,33.89427],[35.57462,33.8928],[35.58363,33.89066],[35.59132,33.89101],[35.60109,33.89581],[35.60152,33.89485],[35.59492,33.89038],[35.595,33.88906],[35.59645,33.88875],[35.60318,33.89101],[35.60817,33.88804],[35.6156,33.89061],[35.62447,33.89104],[35.6275,33.88991],[35.62772,33.89281],[35.63215,33.89393],[35.63329,33.89766],[35.63914,33.89822],[35.64078,33.90037],[35.64217,33.90074],[35.64661,33.89891],[35.65055,33.89521],[35.65682,33.89457],[35.65742,33.89228],[35.66184,33.88986]],[[35.66179,33.88998],[35.65928,33.89204],[35.65743,33.89242],[35.65696,33.8946],[35.6537,33.89553],[35.65074,33.89531],[35.64655,33.89908],[35.64208,33.90085],[35.64055,33.90032],[35.63918,33.89835],[35.63314,33.89767],[35.63194,33.89388],[35.62762,33.89285],[35.62748,33.89001],[35.62454,33.89114],[35.61559,33.89072],[35.60836,33.88813],[35.60331,33.8911],[35.59625,33.88883],[35.59495,33.88926],[35.59505,33.89037],[35.60161,33.8948],[35.60114,33.8959],[35.593,33.89166],[35.5837,33.89074],[35.57518,33.89285],[35.56633,33.8974]]]}},{"type":"Feature","properties":{"cls":"primary"},"geometry":{"type":"MultiLineString","coordinates":[[[36.29345,33.49227],[36.29455,33.49948]],[[36.73712,33.80531],[36.74105,33.79802]],[[36.20352,32.72655],[36.20002,32.71891],[36.19346,32.71618]],[[36.30312,33.47426],[36.30783,33.46433]],[[36.31842,33.46931],[36.30831,33.47482]],[[36.26474,33.52221],[36.25395,33.52435],[36.24771,33.53231]],[[36.22323,33.54598],[36.21899,33.55493],[36.21659,33.55586]],[[36.30177,33.5785],[36.3047,33.58318],[36.30537,33.5914],[36.31019,33.59908],[36.3104,33.60256],[36.30567,33.60958]],[[36.30567,33.60958],[36.31026,33.60252],[36.31013,33.59916],[36.30526,33.59143],[36.30466,33.58344],[36.30136,33.57772]],[[36.31998,33.563],[36.3104,33.56872],[36.30601,33.56748],[36.30659,33.57087],[36.30149,33.57764]],[[36.4191,33.57453],[36.43839,33.58371],[36.46418,33.60079],[36.48501,33.61136],[36.49262,33.61659],[36.49794,33.62339]],[[36.22438,32.35323],[36.21671,32.34734]],[[35.01377,29.56745],[35.00162,29.56725],[34.99839,29.56455],[34.99709,29.53386]],[[36.22789,33.49179],[36.22761,33.50131],[36.2298,33.50545],[36.23665,33.50917],[36.23588,33.51374]],[[35.53974,33.35578],[35.54351,33.36043],[35.5418,33.36508],[35.5454,33.3733],[35.56099,33.39733],[35.561,33.40471]],[[35.3398,33.24092],[35.32964,33.24274],[35.32646,33.24815],[35.32136,33.24569],[35.30366,33.2448]],[[35.64668,33.69553],[35.6553,33.69692],[35.66404,33.70446],[35.67176,33.70583]],[[35.57992,33.54521],[35.56321,33.54956],[35.55985,33.55721],[35.55628,33.54963],[35.54856,33.55034],[35.5354,33.55512],[35.53016,33.55107]],[[35.17679,33.10523],[35.19808,33.09913],[35.21543,33.10745],[35.23165,33.10516],[35.24137,33.10891],[35.25236,33.10936],[35.26005,33.10505],[35.2752,33.10309],[35.29215,33.1101],[35.299,33.10886]],[[35.521,33.16724],[35.52452,33.16981],[35.52196,33.17295],[35.52798,33.17861],[35.52855,33.18474],[35.53461,33.18971],[35.52926,33.1937],[35.53132,33.19667],[35.52268,33.20302],[35.52259,33.21128]],[[35.29457,33.36838],[35.29656,33.37215],[35.29391,33.37362],[35.29694,33.37511],[35.30557,33.37054],[35.31683,33.37089],[35.32038,33.37847],[35.32621,33.38227],[35.33208,33.38211],[35.34154,33.37829],[35.35225,33.38008],[35.35938,33.37663],[35.37551,33.37543],[35.38263,33.37714],[35.39675,33.38625],[35.4087,33.38981],[35.41525,33.39391],[35.43769,33.38656]],[[35.69033,33.71266],[35.70399,33.72322],[35.70912,33.73385],[35.70822,33.73727],[35.70081,33.74035],[35.70021,33.74333],[35.69793,33.74234],[35.69746,33.74456],[35.69201,33.74539],[35.69847,33.75022]],[[35.68157,33.71079],[35.69033,33.71266]],[[35.35944,33.27902],[35.37888,33.27642],[35.38807,33.2807],[35.39418,33.28142],[35.4036,33.27352],[35.41158,33.26974],[35.42524,33.26841]],[[35.40503,33.19042],[35.39382,33.18977]],[[35.42945,33.13142],[35.42615,33.13541],[35.43012,33.1453],[35.42907,33.15435],[35.42696,33.15462],[35.42105,33.16425],[35.41912,33.17133]],[[36.06343,33.61079],[36.06813,33.61197],[36.07228,33.61612],[36.07676,33.64044]],[[35.71332,33.80595],[35.72707,33.80326]],[[35.72349,33.79177],[35.72392,33.79413],[35.727,33.79509],[35.72495,33.79705],[35.72726,33.80298]],[[35.70741,33.77386],[35.71744,33.779],[35.72598,33.78079],[35.7189,33.7824],[35.72349,33.79177]],[[35.37493,33.5647],[35.3715,33.55748]],[[35.4584,33.70761],[35.46741,33.70507]],[[35.59826,33.69902],[35.60774,33.69737]],[[35.49381,33.77895],[35.48833,33.79442]],[[35.52961,33.75557],[35.52803,33.75988],[35.52536,33.75834],[35.52349,33.75872],[35.52414,33.76046],[35.51794,33.75935],[35.52118,33.76181],[35.51094,33.76389],[35.50777,33.76252]],[[35.48002,33.88233],[35.48368,33.8729]],[[36.12869,33.5638],[36.13005,33.55926],[36.12189,33.5128]],[[36.3008,33.51994],[36.31125,33.51853]],[[36.11418,33.5046],[36.1086,33.51064],[36.1082,33.515]],[[35.96631,31.96815],[35.97164,31.96905],[35.97998,31.97756]],[[36.28836,33.50186],[36.28153,33.5076]],[[36.27179,33.51147],[36.26304,33.51139]],[[36.30584,33.4983],[36.30487,33.48374]],[[36.21328,33.46495],[36.23096,33.46312],[36.23432,33.46127]],[[36.3721,33.55382],[36.38846,33.56109]],[[36.23288,33.46021],[36.23895,33.46657]],[[35.67151,31.77589],[35.67402,31.77532],[35.68238,31.76029],[35.69496,31.75506],[35.69485,31.76041],[35.69594,31.75931],[35.69638,31.76171],[35.69847,31.76313],[35.69942,31.762],[35.70685,31.77057],[35.71611,31.77193],[35.72044,31.77481],[35.72409,31.77252],[35.72361,31.76737],[35.72851,31.76667]],[[36.26079,33.51694],[36.27592,33.51385]],[[35.32146,33.29277],[35.34217,33.28258],[35.35944,33.27902]],[[35.46352,33.37782],[35.47662,33.37688]],[[36.32641,33.51834],[36.33175,33.5185],[36.33127,33.5227]],[[36.37369,33.5525],[36.37645,33.54828],[36.38472,33.54524]],[[36.38481,33.53178],[36.39518,33.54501],[36.39496,33.54914]],[[36.22461,33.54471],[36.22754,33.54647],[36.2321,33.54156],[36.2382,33.54224]],[[36.07676,33.64044],[36.07697,33.66987],[36.08901,33.68819],[36.10564,33.70723],[36.10335,33.71518]],[[33.79486,30.6852],[33.80558,30.69149],[33.84144,30.69917],[33.85249,30.71162],[33.87084,30.7227],[33.89473,30.7333]],[[35.30088,33.20491],[35.3067,33.19423]],[[35.374,33.18112],[35.35826,33.16972]],[[35.3398,33.24092],[35.34098,33.23992],[35.33681,33.24003],[35.33919,33.23663],[35.34844,33.23669],[35.35531,33.23361],[35.36156,33.23727],[35.38172,33.24199],[35.38747,33.237],[35.38987,33.23179],[35.40333,33.23118],[35.4087,33.22465],[35.40223,33.22001],[35.40287,33.21603],[35.40596,33.21376],[35.40622,33.20759],[35.4121,33.20427],[35.41943,33.20658],[35.42301,33.20355],[35.419,33.20334],[35.41543,33.1963]],[[35.29444,33.21102],[35.27498,33.22598],[35.2636,33.2283],[35.26425,33.23358],[35.25891,33.23317],[35.24962,33.23744],[35.24572,33.23731],[35.225,33.25265]],[[34.78656,31.27236],[34.79608,31.275]],[[34.95305,31.47919],[34.95581,31.48628]],[[35.36879,33.07829],[35.37469,33.08201],[35.3798,33.09472],[35.39026,33.09518],[35.39651,33.1034]],[[35.37458,33.18113],[35.37923,33.18103],[35.38667,33.18729],[35.39382,33.18977]],[[36.10312,33.71514],[36.10554,33.70726],[36.08863,33.6879],[36.07688,33.66993],[36.07672,33.64073],[36.07221,33.61629],[36.06781,33.61193],[36.06342,33.61093]],[[34.26901,31.22157],[34.26687,31.22281],[34.25761,31.24848]],[[36.34916,32.74975],[36.31728,32.75138]],[[35.35756,33.16919],[35.34816,33.16597],[35.34168,33.16791]],[[36.24289,33.50971],[36.25616,33.51337]],[[35.48192,33.6985],[35.48674,33.69942],[35.48426,33.6955],[35.47998,33.69698],[35.48969,33.68854],[35.49236,33.68929],[35.49941,33.68645],[35.50936,33.69045],[35.51824,33.68818]],[[36.2741,33.51436],[36.26079,33.51694]],[[36.23311,33.51405],[36.22381,33.51269],[36.21746,33.52134]],[[36.21703,33.52165],[36.22387,33.51247],[36.23319,33.51394]],[[36.19134,32.75095],[36.13683,32.74959]],[[36.56533,33.70845],[36.5495,33.68836],[36.54448,33.68554],[36.54472,33.68116],[36.54054,33.67823],[36.54122,33.67585],[36.53587,33.66712],[36.52781,33.66],[36.52179,33.65866],[36.5185,33.64531],[36.49794,33.62339]],[[36.49794,33.62339],[36.51861,33.64526],[36.52181,33.65849],[36.52788,33.65989],[36.53599,33.66705],[36.54134,33.6758],[36.54067,33.67819],[36.54486,33.68113],[36.54416,33.68485],[36.54959,33.68828],[36.56533,33.70845]],[[36.56533,33.70845],[36.57067,33.71486],[36.58379,33.72418]],[[34.99858,29.53584],[34.99832,29.54768]],[[35.00626,29.54697],[34.9979,29.54727]],[[35.01305,29.54658],[35.01391,29.53902]],[[36.12213,33.51284],[36.1302,33.5595],[36.12878,33.56381]],[[35.89416,31.95652],[35.88337,31.95956]],[[36.31817,33.50797],[36.3329,33.50438]],[[36.33277,33.50453],[36.31828,33.50823]],[[36.30361,33.53398],[36.30652,33.5412]],[[36.32439,33.53255],[36.32602,33.54587]],[[35.46863,33.70105],[35.4742,33.69793],[35.48192,33.6985]],[[35.59572,33.31327],[35.58545,33.28386]],[[35.43886,33.11642],[35.44973,33.11786]],[[35.47349,33.12359],[35.48237,33.1292],[35.49499,33.12925],[35.5039,33.13299],[35.50856,33.13261],[35.51477,33.13931]],[[35.52848,33.23064],[35.52701,33.23505],[35.53018,33.24039],[35.52924,33.25031],[35.5338,33.25441],[35.54203,33.25388]],[[35.80475,31.85894],[35.79991,31.85662],[35.78692,31.85533]],[[35.80683,31.85999],[35.8115,31.86708],[35.81938,31.87063]],[[35.82401,31.8696],[35.81625,31.87051],[35.81113,31.86688],[35.80697,31.86027]],[[36.04872,32.01683],[36.06047,32.0213],[36.06759,32.02136],[36.07424,32.02985]],[[36.10314,32.61573],[36.10083,32.61393],[36.09706,32.59858]],[[36.0967,32.5989],[36.08859,32.60197]],[[36.19353,32.71607],[36.19995,32.71874],[36.20365,32.72651]],[[36.20248,32.73897],[36.20192,32.75117]],[[36.20171,32.75116],[36.20248,32.73897]],[[36.35847,32.75634],[36.34916,32.74975]],[[36.34916,32.74975],[36.35847,32.75634]],[[36.35847,32.75634],[36.36483,32.76169],[36.35231,32.78268]],[[36.13545,32.74947],[36.10499,32.74448],[36.06283,32.7307],[36.03742,32.71359]],[[36.45183,32.53682],[36.47493,32.5155],[36.47939,32.51553]],[[36.45183,32.53682],[36.43902,32.54668]],[[35.43061,33.28039],[35.42908,33.29414],[35.43126,33.29779],[35.43496,33.29729],[35.43628,33.29901],[35.42762,33.3044],[35.43065,33.30271],[35.42769,33.30962],[35.43044,33.30567],[35.43563,33.30724]],[[35.43751,33.30871],[35.43271,33.31082],[35.43334,33.31643],[35.4311,33.31742],[35.4305,33.32157],[35.43337,33.32602],[35.42642,33.32326],[35.423,33.32536]],[[35.48286,33.38371],[35.49049,33.38943]],[[35.51236,33.5686],[35.50654,33.56053],[35.50588,33.55635],[35.494,33.54955],[35.49145,33.54524],[35.49258,33.54306],[35.4866,33.53807]],[[35.59035,33.47573],[35.58436,33.46526],[35.57617,33.45923],[35.57387,33.45273],[35.57588,33.44827],[35.56791,33.44471],[35.5722,33.4416],[35.56538,33.42444],[35.56841,33.41584],[35.56289,33.41151],[35.561,33.40471],[35.55177,33.40454],[35.55098,33.39876],[35.54533,33.39416],[35.54429,33.39026],[35.54637,33.39143],[35.54169,33.38538],[35.53838,33.38373],[35.53726,33.38596],[35.53428,33.38615],[35.52504,33.40483],[35.52163,33.40649]],[[35.423,33.32536],[35.42652,33.32704],[35.42599,33.33504],[35.42978,33.3361],[35.43189,33.34034],[35.43739,33.34426]],[[35.43739,33.34426],[35.44647,33.3451]],[[35.46371,33.35438],[35.47313,33.3677],[35.48,33.37002],[35.48146,33.37551]],[[35.31653,33.4672],[35.31643,33.46262],[35.31967,33.45884],[35.31859,33.45291],[35.32413,33.44652],[35.33641,33.43993],[35.34134,33.43948],[35.34528,33.43601],[35.34865,33.42778],[35.36432,33.42325]],[[35.36525,33.423],[35.3836,33.41492],[35.38775,33.408],[35.39389,33.40474]],[[35.34058,33.09867],[35.34849,33.09345],[35.36071,33.09054],[35.36792,33.07899]],[[35.90942,31.95213],[35.90813,31.94852],[35.91206,31.94969]],[[35.9144,32.06203],[35.92043,32.06899],[35.92277,32.07769],[35.92656,32.08035]],[[36.02125,33.97013],[36.02594,33.97434],[36.0246,33.98178],[36.03795,33.99621]],[[36.02602,33.92071],[36.03666,33.9307],[36.04017,33.9392],[36.03416,33.94483],[36.03624,33.95008],[36.03213,33.95752],[36.02843,33.96144],[36.02173,33.96424]],[[35.9874,33.89151],[35.95752,33.86718]],[[36.22625,33.19236],[36.22141,33.17379]],[[35.02183,29.54573],[35.0216,29.55548]],[[35.64434,31.81544],[35.64627,31.80834]],[[35.85675,32.545],[35.86296,32.53647]],[[35.90857,32.46902],[35.89284,32.47241],[35.88558,32.48083],[35.8681,32.52852]],[[35.84209,32.54903],[35.84429,32.54149]],[[35.86334,32.55744],[35.86245,32.5676]],[[35.84306,32.56487],[35.85305,32.56815],[35.85909,32.56768]],[[35.84263,32.56899],[35.85102,32.57149]],[[36.48254,32.51577],[36.49374,32.51656]],[[35.87964,32.53951],[35.89051,32.53052]],[[35.90101,32.52387],[35.93814,32.50221],[35.98005,32.50081],[35.9848,32.49857]],[[35.86616,32.57924],[35.85311,32.57322]],[[36.56481,32.69742],[36.56019,32.70542]],[[36.56008,32.70537],[36.56476,32.69722]],[[36.56013,32.70556],[36.55982,32.71295]],[[35.85026,31.89197],[35.85217,31.89971]],[[36.08332,32.50264],[36.09082,32.5012],[36.13317,32.5015],[36.15463,32.49857]],[[36.02964,32.53044],[36.06082,32.51102],[36.07809,32.50431]],[[36.00521,32.5352],[36.02012,32.53482],[36.02964,32.53044]],[[35.7929,31.73796],[35.79643,31.74458],[35.80989,31.79743],[35.81481,31.80607],[35.8244,31.81263],[35.83317,31.83484],[35.83423,31.84702],[35.83172,31.85407]],[[35.00636,29.56731],[35.00641,29.55816],[35.00913,29.55486],[35.00918,29.55075],[35.00633,29.547]],[[35.00629,29.54655],[35.00647,29.53695],[35.00829,29.53425]],[[35.01418,29.53929],[35.01332,29.54662]],[[36.25629,33.4337],[36.24316,33.43229],[36.23899,33.43356]],[[36.35335,33.52833],[36.34393,33.52589]],[[35.49027,33.38962],[35.48286,33.38371]],[[35.30366,33.2448],[35.28874,33.25204],[35.2855,33.25641],[35.27514,33.25602],[35.27215,33.25989],[35.26593,33.26285],[35.24694,33.26639],[35.24073,33.26217],[35.21837,33.26949]],[[36.32632,33.52308],[36.33353,33.52225],[36.34294,33.52556]],[[36.35362,33.52831],[36.3644,33.53784]],[[36.25171,32.8458],[36.24242,32.85133]],[[36.24363,32.85366],[36.25063,32.86341]],[[36.25054,32.86343],[36.24356,32.85369]],[[36.21339,33.53016],[36.21325,33.53626],[36.21715,33.53751],[36.22091,33.53366],[36.21375,33.53014]],[[36.20276,33.53076],[36.19513,33.53972]],[[36.20299,33.53042],[36.21226,33.52831]],[[36.21183,33.52899],[36.20308,33.53052]],[[36.21685,32.34722],[36.22464,32.35303]],[[35.88692,32.46699],[35.89359,32.47175]],[[35.6826,32.40703],[35.68667,32.40446],[35.6852,32.40587],[35.68687,32.40727],[35.70231,32.40938]],[[35.71225,32.40791],[35.70231,32.40938]],[[35.73392,30.20086],[35.73582,30.19201]],[[35.73595,30.19203],[35.734,30.2009]],[[35.84455,32.53097],[35.84636,32.53634],[35.84533,32.54113]],[[35.89069,32.53062],[35.87981,32.53979]],[[36.08423,33.49648],[36.12008,33.50622]],[[36.11418,33.5046],[36.08423,33.49648]],[[36.1082,33.515],[36.09558,33.51564],[36.08029,33.52568],[36.07514,33.52692],[36.07172,33.52526]],[[35.93386,32.09012],[35.93023,32.08787],[35.92651,32.08053]],[[35.94337,32.09192],[35.94991,32.09217],[35.95512,32.09496]],[[35.93391,32.09003],[35.93866,32.09268],[35.94337,32.09192]],[[35.94337,32.09192],[35.93863,32.09275],[35.93386,32.09012]],[[35.92651,32.08053],[35.92288,32.07807],[35.91982,32.06807],[35.91432,32.06236]],[[36.0406,32.0663],[36.0563,32.06458],[36.06032,32.06605]],[[36.06101,32.06621],[36.05627,32.0647],[36.04222,32.06558],[36.03847,32.07291],[36.03013,32.07789],[36.02631,32.07794]],[[36.31758,33.51347],[36.31829,33.50944],[36.31505,33.50548],[36.30414,33.50043]],[[35.45015,33.7056],[35.45465,33.70884],[35.4584,33.70761]],[[35.78372,31.72923],[35.77399,31.73973],[35.76989,31.75106],[35.75964,31.75891],[35.74601,31.76616],[35.73045,31.76599]],[[35.5659,33.69733],[35.55674,33.69754],[35.55307,33.69496],[35.54218,33.69455],[35.52463,33.68913],[35.52404,33.69159],[35.51837,33.68819]],[[35.75311,31.86187],[35.74711,31.86038],[35.75065,31.85102],[35.74854,31.84374],[35.74945,31.8415],[35.7523,31.84319],[35.75625,31.84015],[35.76521,31.84326],[35.76641,31.84597],[35.78255,31.84919],[35.78653,31.85137],[35.78692,31.85533]],[[35.82399,31.86948],[35.82745,31.87144],[35.83129,31.87848]],[[35.84544,31.88798],[35.8408,31.88311],[35.83253,31.88072],[35.83117,31.87866]],[[35.88835,31.95371],[35.90017,31.95107],[35.90572,31.94606]],[[36.34397,33.52581],[36.3534,33.52819]],[[36.34291,33.52566],[36.33363,33.52234],[36.32636,33.52315]],[[36.34285,33.51091],[36.36396,33.51497]],[[36.36391,33.5151],[36.34336,33.51097]],[[36.32653,33.51528],[36.32628,33.52306]],[[35.26982,33.36224],[35.27487,33.36186],[35.28982,33.35262],[35.29834,33.34967],[35.30224,33.34609],[35.29824,33.33905],[35.30096,33.33622],[35.31502,33.33764],[35.32418,33.3446]],[[35.85039,32.02356],[35.85603,32.02455],[35.86021,32.02249]],[[35.84028,31.97384],[35.85049,31.97583]],[[35.96859,31.88773],[35.96014,31.87632]],[[35.96207,31.87639],[35.96888,31.88757]],[[35.86478,31.97471],[35.85593,31.97665],[35.85035,31.97592]],[[35.93373,31.93295],[35.92922,31.9387],[35.92916,31.94357]],[[35.86368,31.91949],[35.86757,31.92382],[35.87676,31.92712]],[[35.8793,31.92837],[35.86757,31.92401],[35.86426,31.9201]],[[35.94151,31.95526],[35.9327,31.95694]],[[35.85583,31.96577],[35.85354,31.97597]],[[35.88338,31.95943],[35.89402,31.95646]],[[35.89876,31.95546],[35.90853,31.95385]],[[35.9288,31.94583],[35.92138,31.94556],[35.91533,31.94829]],[[35.91824,31.96709],[35.92814,31.96083]],[[36.30511,33.48362],[36.30594,33.49835]],[[36.32542,33.54596],[36.31021,33.54661]],[[36.24383,33.53565],[36.25164,33.52889],[36.25357,33.52391],[36.26153,33.52181]],[[35.88119,31.99837],[35.87412,32.00403]],[[36.36465,33.54399],[36.36453,33.55147]],[[35.95758,31.87624],[35.95886,31.87306],[35.95683,31.86525]],[[35.95716,31.86512],[35.95901,31.87305],[35.95777,31.87623]],[[35.95678,31.86524],[35.9292,31.87019]],[[35.92929,31.87007],[35.95351,31.86692],[35.95661,31.86497]],[[36.13249,33.5661],[36.14056,33.56382],[36.19845,33.56054]],[[36.72301,33.75698],[36.71179,33.749]],[[36.74105,33.79802],[36.7373,33.80531]],[[36.71179,33.749],[36.72301,33.75698]],[[36.70207,33.74061],[36.69277,33.74379]],[[36.67873,33.7456],[36.69253,33.74368]],[[36.70175,33.73961],[36.70464,33.73856],[36.70862,33.7206],[36.71557,33.7099],[36.70672,33.69277]],[[36.7413,33.79252],[36.74281,33.78098],[36.73438,33.773],[36.7298,33.76407],[36.72301,33.75698]],[[36.70791,33.7478],[36.70229,33.74096]],[[36.08393,33.49655],[36.07614,33.51489]],[[36.07614,33.51489],[36.08393,33.49655]],[[36.25028,33.48591],[36.24887,33.47897],[36.23885,33.46677]],[[35.83129,31.86037],[35.83395,31.86825]],[[35.83394,31.86848],[35.83111,31.85741]],[[35.83163,31.85404],[35.83415,31.84703],[35.83304,31.83475],[35.82452,31.81301],[35.81454,31.80596],[35.80987,31.79768],[35.79635,31.74472],[35.79287,31.73824]],[[35.83114,31.87851],[35.82739,31.87151],[35.82401,31.8696]],[[35.83132,31.87865],[35.83261,31.88064],[35.83896,31.88179],[35.84305,31.88574]],[[35.97985,31.97776],[35.97154,31.9691],[35.96628,31.96824]],[[36.02528,32.01136],[36.02716,32.00902],[36.03084,32.00878],[36.02986,32.00437],[36.03224,31.99937]],[[36.03237,31.99944],[36.02994,32.00443],[36.03099,32.00876],[36.02506,32.01124]],[[36.00554,31.99928],[36.00815,32.0031],[36.00844,32.01048],[36.01505,32.01179],[36.0237,32.01057],[36.03025,32.01595],[36.03661,32.01802],[36.04625,32.01666]],[[36.04724,32.01682],[36.0364,32.0181],[36.03023,32.01608],[36.02347,32.01059],[36.01499,32.01189],[36.00843,32.01055],[36.00807,32.00332],[36.0054,31.99932]],[[36.23904,33.46675],[36.24921,33.47943],[36.25034,33.48591]],[[36.67873,33.7456],[36.65028,33.74407]],[[36.32616,33.52306],[36.32642,33.51529]],[[36.23824,33.43334],[36.2431,33.43221],[36.25606,33.43357]],[[36.29339,33.5073],[36.2945,33.49978]],[[35.02143,29.55581],[35.01413,29.56619],[35.0134,29.57874]],[[36.59956,33.74945],[36.59921,33.74183],[36.59353,33.73179],[36.58379,33.72418]],[[36.58379,33.72418],[36.59364,33.73174],[36.59948,33.74196],[36.59988,33.74948]],[[34.98163,29.47797],[34.99054,29.49657]],[[34.99048,29.49661],[34.98157,29.47797]],[[34.99173,29.49852],[34.9994,29.50078],[35.00058,29.508]],[[35.02091,29.54023],[35.00983,29.52026]],[[36.29879,33.48092],[36.29832,33.46808],[36.31153,33.46774]],[[36.18247,33.00834],[36.18229,33.01774]],[[36.60034,33.76047],[36.59988,33.74948]],[[36.60587,33.73582],[36.597,33.7341]],[[36.5974,33.73398],[36.60587,33.73582]],[[36.59298,33.73596],[36.5832,33.73541]],[[36.09574,33.57528],[36.10199,33.5706],[36.11722,33.56607],[36.1226,33.56754],[36.13249,33.5661]],[[34.99832,29.54768],[34.9988,29.56479],[35.00167,29.56706],[35.0138,29.56733]],[[35.01314,29.57873],[35.0142,29.56564],[35.02137,29.55559]],[[36.19499,33.5396],[36.20266,33.53067]],[[36.3127,33.50395],[36.30414,33.50043]],[[36.30125,33.49178],[36.30049,33.48389]],[[36.29391,33.49209],[36.30579,33.49146]],[[36.30571,33.49229],[36.29348,33.49224]],[[34.95021,29.33896],[34.94867,29.33981],[34.95453,29.3499],[34.95874,29.35241]],[[35.00053,29.50801],[34.99936,29.50082],[34.99396,29.50035],[34.99125,29.49794]],[[35.48356,33.87303],[35.48013,33.88254]],[[36.31153,33.46774],[36.29836,33.46821],[36.29901,33.48092]],[[36.20433,32.73862],[36.20394,32.72933]],[[35.40581,33.56133],[35.40147,33.56229],[35.39158,33.55989]],[[35.34073,33.16768],[35.33058,33.16643]],[[35.57048,33.33441],[35.57151,33.33298],[35.57475,33.33492],[35.57804,33.33249],[35.5932,33.33258]],[[35.84792,32.52568],[35.85109,32.53119],[35.86021,32.53475]],[[35.86014,32.53487],[35.851,32.53123],[35.84775,32.52583]],[[35.86633,32.53656],[35.87915,32.5396]],[[35.86789,32.52845],[35.88554,32.48073],[35.89287,32.47229],[35.90798,32.46898]],[[35.86302,32.5365],[35.85699,32.5451]],[[35.85368,31.97443],[35.85547,31.96635]],[[35.72512,30.19248],[35.7353,30.19485]],[[36.36424,33.53788],[36.35354,33.52839]],[[35.83615,32.55849],[35.83759,32.55139],[35.84196,32.54909]],[[35.96907,31.88787],[35.97516,31.89514]],[[36.38493,33.54526],[36.39373,33.54996]],[[35.90559,31.94638],[35.90032,31.9512],[35.88832,31.95389]],[[35.59447,33.80584],[35.58386,33.79955],[35.57499,33.79902],[35.56925,33.79598]],[[35.55992,33.78885],[35.55783,33.78485],[35.55196,33.78355],[35.54628,33.77788],[35.54878,33.76973],[35.54381,33.76398],[35.54295,33.75689]],[[35.87911,32.5399],[35.86633,32.53668]],[[35.8797,32.54],[35.8818,32.54793]],[[36.3127,33.51977],[36.30107,33.52129]],[[36.29467,33.50007],[36.29566,33.5081]],[[36.37394,32.59625],[36.3127,32.6152],[36.28399,32.61321],[36.25412,32.6194]],[[36.25412,32.6194],[36.28396,32.61317],[36.31312,32.61507],[36.37394,32.59625]],[[36.21624,32.84534],[36.22423,32.84413],[36.24042,32.8534]],[[36.40711,33.56833],[36.38867,33.56132]],[[36.38873,33.56123],[36.40715,33.56825]],[[36.38838,33.56121],[36.37275,33.55428]],[[35.52978,33.5515],[35.52415,33.55332],[35.52251,33.55832],[35.51889,33.56062],[35.52147,33.56284],[35.51877,33.56627],[35.52008,33.56909],[35.51236,33.5686]],[[33.83577,31.10198],[33.83123,31.14441]],[[34.98191,29.57558],[34.99934,29.57853]],[[36.68432,33.74671],[36.72414,33.75817]],[[36.30396,33.63374],[36.30208,33.61902],[36.30567,33.60958]],[[36.3031,33.63483],[36.29722,33.64186]],[[36.29706,33.64183],[36.3031,33.63483]],[[35.56927,33.69713],[35.57437,33.69801],[35.57853,33.70242],[35.58004,33.70093],[35.59912,33.7001],[35.59815,33.69922]],[[35.47832,33.53571],[35.47092,33.53414],[35.46149,33.5361],[35.45207,33.54363],[35.45305,33.54758],[35.45046,33.55096],[35.44629,33.55046],[35.44132,33.54571],[35.42994,33.5511]],[[36.69254,33.74382],[36.67873,33.7456]],[[36.69276,33.74369],[36.70207,33.74061]],[[34.75895,31.24232],[34.7558,31.25282]],[[34.75568,31.25286],[34.75877,31.24145]],[[35.92964,31.94482],[35.93749,31.95161]],[[35.86904,32.01405],[35.87367,32.00418],[35.88103,31.99819]],[[35.83882,32.55748],[35.82871,32.56109]],[[35.97503,31.89519],[35.96877,31.88798]],[[36.08138,32.05671],[36.07503,32.0612],[36.072,32.06767]],[[36.07401,32.02976],[36.06734,32.02134],[36.06051,32.0214],[36.04868,32.01691]],[[36.0263,32.07784],[36.03002,32.0778],[36.03843,32.07279]],[[36.02243,32.08048],[36.01687,32.08635],[36.00792,32.08309],[35.99663,32.08781],[35.98615,32.08933]],[[35.95737,32.09545],[35.95864,32.09361],[35.96183,32.09369],[35.96103,32.09081],[35.96431,32.09268],[35.97548,32.09251],[35.9861,32.08923]],[[36.73123,33.80345],[36.7193,33.7997]],[[36.1985,33.56061],[36.14095,33.56388],[36.13249,33.5661]],[[35.98496,32.49879],[35.97995,32.50096],[35.93809,32.50237],[35.90107,32.52397]],[[36.0788,32.08254],[36.08521,32.08573],[36.09764,32.08642],[36.10513,32.08891],[36.11336,32.08642]],[[36.10267,32.08805],[36.08541,32.0859],[36.07863,32.08256]],[[35.25212,33.32998],[35.2586,33.31719]],[[35.30821,33.17737],[35.31575,33.17142],[35.33058,33.16643]],[[35.26988,33.36998],[35.27348,33.37028],[35.2744,33.3686],[35.2861,33.37032],[35.29457,33.36838]],[[35.29457,33.36838],[35.29991,33.36475],[35.30407,33.35737],[35.31825,33.35074],[35.31969,33.34671],[35.32418,33.3446]],[[35.42899,33.55627],[35.4235,33.56031],[35.40642,33.56116]],[[35.39157,33.5598],[35.40145,33.56221],[35.40582,33.56124]],[[35.40349,33.33318],[35.40931,33.334],[35.41737,33.3442],[35.42316,33.34599]],[[35.25915,33.31674],[35.2612,33.3106],[35.26597,33.30743],[35.28436,33.30854],[35.2949,33.30295],[35.31804,33.29935],[35.32146,33.29277]],[[35.00996,29.52028],[35.02204,29.5421],[35.02239,29.54624]],[[35.4199,33.17281],[35.41529,33.17757],[35.41574,33.18753]],[[35.33406,33.34359],[35.33646,33.3384],[35.34392,33.33494],[35.36518,33.33961],[35.37547,33.33978],[35.39432,33.33822],[35.40262,33.33365]],[[35.50654,33.76922],[35.49978,33.77261],[35.49857,33.77514],[35.49397,33.77549]],[[36.25806,33.51337],[36.24342,33.50956]],[[35.88277,32.55972],[35.88321,32.57021]],[[35.87573,32.58654],[35.87775,32.58254],[35.88331,32.57881],[35.88348,32.57449]],[[35.84205,32.54923],[35.83768,32.55141],[35.83623,32.55847]],[[35.82865,32.56103],[35.83877,32.55741]],[[35.85672,32.5454],[35.85036,32.55428]],[[35.85036,32.55428],[35.85657,32.54531]],[[35.84531,32.54103],[35.84437,32.53101]],[[35.84415,32.54305],[35.85662,32.54505]],[[35.85655,32.54526],[35.84413,32.54312]],[[35.85909,32.56783],[35.85301,32.56824],[35.84303,32.56501]],[[35.85886,32.54245],[35.86013,32.55119]],[[35.86227,32.56761],[35.86321,32.55744]],[[35.8531,32.57303],[35.86626,32.57902]],[[35.88303,32.57022],[35.88257,32.55973]],[[35.88363,32.57451],[35.88339,32.57899],[35.878,32.5825],[35.87587,32.58659]],[[35.88164,32.54795],[35.8793,32.54007]],[[36.55972,32.71296],[36.55998,32.70551]],[[35.55809,33.32601],[35.547,33.319]],[[35.86,32.55108],[35.8588,32.54253]],[[35.85091,32.5717],[35.84254,32.56926]],[[35.92852,31.96076],[35.91704,31.96805]],[[35.8727,32.00635],[35.86753,32.01604]],[[35.87947,31.92841],[35.87048,31.93844],[35.87004,31.94135]],[[35.54378,33.75293],[35.53027,33.75881]],[[35.1347,33.12058],[35.13794,33.1208],[35.15102,33.11349],[35.1488,33.11167],[35.15173,33.11056],[35.15033,33.10869],[35.1595,33.10515],[35.17679,33.10523]],[[35.32886,33.1079],[35.33596,33.10762],[35.33723,33.10057],[35.34058,33.09867]],[[35.44267,33.11989],[35.45067,33.12227],[35.46826,33.11633],[35.47349,33.12359]],[[35.85594,31.91034],[35.85275,31.90259]],[[35.85008,31.97589],[35.84028,31.97406]],[[35.87289,31.93471],[35.86308,31.93385]],[[35.86246,31.93356],[35.87301,31.9346]],[[35.99797,31.9861],[36.00283,31.99123],[36.00541,31.99885]],[[36.00525,31.99889],[36.00274,31.99127],[35.99788,31.98617]],[[35.98923,31.98196],[35.99797,31.9861]],[[35.99788,31.98617],[35.98921,31.98204]],[[35.30596,33.18746],[35.30792,33.17791]],[[35.42827,33.12121],[35.42899,33.12534],[35.42533,33.12876]],[[35.89761,31.93514],[35.89353,31.93073],[35.88839,31.93214],[35.88401,31.92953]],[[35.88498,31.92974],[35.88847,31.93195],[35.89374,31.93062],[35.89894,31.93575]],[[35.8445,32.54146],[35.84219,32.54914]],[[35.71225,32.40791],[35.7144,32.40881],[35.72255,32.4046],[35.72474,32.40729],[35.74871,32.41691],[35.75545,32.41498],[35.76644,32.41528]],[[35.9861,32.08923],[35.99707,32.08758],[36.00777,32.08299],[36.01682,32.08625],[36.02238,32.08032]],[[35.98615,32.08933],[35.97547,32.09262],[35.9641,32.09277],[35.96112,32.09091],[35.96193,32.09377],[35.95752,32.09542]],[[35.92656,32.08035],[35.9303,32.08783],[35.93391,32.09003]],[[36.00027,33.90111],[36.02548,33.92021]],[[36.15463,32.49857],[36.18804,32.50359]],[[35.44647,33.3451],[35.46371,33.35438]],[[35.46371,33.35438],[35.44647,33.3451]],[[35.44698,33.38241],[35.43769,33.38656]],[[35.44785,33.38132],[35.45662,33.37914]],[[35.43769,33.38656],[35.44692,33.38218]],[[35.5328,33.38891],[35.53397,33.38181],[35.52983,33.38007]],[[35.42461,33.34618],[35.43739,33.34426]],[[35.42503,33.12866],[35.42889,33.12537],[35.42818,33.12119]],[[35.52337,33.21148],[35.52723,33.21138],[35.52604,33.21286],[35.52869,33.21572],[35.52724,33.21722],[35.5318,33.2206],[35.52848,33.23064]],[[36.07614,33.51489],[36.07172,33.52526]],[[35.40015,33.40275],[35.40767,33.39933],[35.41944,33.40015],[35.41893,33.39361]],[[35.9874,33.89151],[35.99587,33.89749]],[[35.299,33.10886],[35.30391,33.10642],[35.32813,33.10809]],[[35.51477,33.13931],[35.5155,33.14299],[35.51258,33.14744],[35.51344,33.16283],[35.52028,33.1666]],[[35.52108,33.40607],[35.52071,33.39978],[35.514,33.39315]],[[35.69867,33.75229],[35.70574,33.76049],[35.70391,33.76132],[35.70505,33.76954],[35.70346,33.77163],[35.70741,33.77386]],[[35.39711,33.10425],[35.40597,33.11441],[35.42533,33.12876]],[[35.58031,33.5345],[35.57814,33.52762],[35.58331,33.52409],[35.57861,33.52306],[35.57801,33.52126],[35.57939,33.51633],[35.58779,33.51368],[35.58828,33.50827],[35.59105,33.50735],[35.58877,33.49729]],[[35.32418,33.3446],[35.33367,33.34364]],[[35.68604,33.80004],[35.69065,33.80234],[35.71332,33.80595]],[[35.58529,33.28382],[35.56362,33.29686]],[[35.58877,33.49729],[35.58718,33.49516],[35.59038,33.48879],[35.59067,33.47657]],[[35.01312,29.55423],[35.01306,29.54696]],[[35.64739,31.8079],[35.65234,31.80615],[35.65371,31.79777],[35.66407,31.78983],[35.66431,31.78014],[35.67064,31.77532]],[[35.3718,33.55744],[35.37503,33.56464]],[[35.0066,29.54695],[35.00932,29.55181],[35.00652,29.55846],[35.00648,29.56731]],[[35.0211,29.55453],[35.00917,29.55436]],[[35.02144,29.55552],[35.02095,29.54497]],[[34.99879,29.53972],[35.0133,29.53997]],[[35.00838,29.53434],[35.0066,29.53705],[35.00659,29.54658]],[[35.0093,29.55423],[35.02125,29.55449]],[[36.25412,32.6194],[36.23829,32.62284]],[[36.23829,32.62284],[36.20644,32.62852]],[[36.20453,32.62882],[36.23829,32.62284]],[[33.90823,30.74176],[33.8878,30.7274],[33.8657,30.69039],[33.85891,30.68478],[33.84933,30.68289],[33.80797,30.68736],[33.79486,30.6852]],[[34.79594,31.27513],[34.7866,31.27249]],[[34.81051,31.27184],[34.80395,31.27744]],[[35.40141,29.26421],[35.38336,29.25831],[35.3323,29.29877],[35.32166,29.29884],[35.31272,29.29623],[35.30748,29.30024],[35.29802,29.30338],[35.27763,29.30502],[35.26144,29.3091],[35.21362,29.30795],[35.20085,29.30977],[35.18675,29.31511],[35.17637,29.32415],[35.17332,29.32062],[35.16824,29.32548],[35.16127,29.32463],[35.15229,29.31643],[35.13673,29.32301],[35.12803,29.31978],[35.10631,29.32246],[35.10061,29.321],[35.09483,29.32312],[35.08415,29.32093],[35.07177,29.3262],[35.05128,29.3288],[35.01114,29.32743],[34.97784,29.35335],[34.96222,29.35645],[34.96273,29.3537],[34.96065,29.35458],[34.95896,29.35237]],[[36.2166,32.34717],[36.21105,32.3393],[36.21168,32.33233]],[[36.21181,32.33235],[36.21148,32.33954],[36.21672,32.34712]],[[33.88937,30.98728],[33.90998,30.98082],[33.91627,30.97614],[33.92687,30.97744],[33.94666,30.96475],[33.957,30.96428],[33.98537,30.94608],[33.99781,30.93482],[34.01618,30.92973],[34.08711,30.87871],[34.11575,30.84376],[34.12706,30.84225]],[[34.11199,30.83453],[34.09253,30.83349],[34.0335,30.82084],[33.98352,30.79131],[33.95135,30.76245],[33.92491,30.75261],[33.90823,30.74176]],[[33.90851,30.74136],[33.92403,30.75195],[33.95149,30.76174],[33.98283,30.79063],[34.03351,30.82044],[34.09267,30.83317],[34.11203,30.83418]],[[34.30091,30.86779],[34.32919,30.88254],[34.34551,30.88028],[34.37858,30.88452],[34.39044,30.88273]],[[34.39052,30.88308],[34.37856,30.88464],[34.34552,30.88062],[34.32919,30.88275],[34.3009,30.86796]],[[36.08361,33.5905],[36.08748,33.58826],[36.09504,33.57629]],[[36.65028,33.74407],[36.63993,33.74469],[36.62418,33.74095]],[[36.62418,33.74095],[36.6399,33.74462],[36.65028,33.74407]],[[36.1925,33.46718],[36.20531,33.46582]],[[36.2344,33.46133],[36.23141,33.46309],[36.2133,33.46503]],[[36.23881,33.46662],[36.23098,33.45879]],[[35.67176,33.70583],[35.67627,33.70978],[35.68144,33.7108]],[[35.88832,31.95389],[35.87942,31.95793]],[[35.36579,32.3333],[35.36717,32.33565],[35.36025,32.33982]],[[35.36025,32.33982],[35.36699,32.33568],[35.36579,32.3333]],[[35.03353,32.31728],[35.04304,32.31977]],[[35.04303,32.31997],[35.0334,32.31729]],[[35.30254,32.22495],[35.30771,32.23094],[35.3058,32.23745]],[[35.3058,32.23745],[35.30755,32.2309],[35.30232,32.22495]],[[36.25428,32.87011],[36.25055,32.86355]],[[36.25064,32.86354],[36.25428,32.87011]],[[35.89074,32.53037],[35.90101,32.52387]],[[35.90107,32.52397],[35.8908,32.53055]],[[36.30783,33.46433],[36.31951,33.44996]],[[36.30048,33.48123],[36.30312,33.47426]],[[36.30831,33.47482],[36.30141,33.48056]],[[35.87242,31.93596],[35.8793,31.92837]],[[33.8854,30.9822],[33.8708,30.96198],[33.86065,30.91843],[33.83982,30.89683],[33.8335,30.87414],[33.83853,30.85322],[33.83806,30.84731],[33.79078,30.74818],[33.76873,30.73503],[33.71436,30.67629],[33.71112,30.66914],[33.71303,30.66001]],[[33.71369,30.66016],[33.71133,30.66828],[33.71447,30.6759],[33.76902,30.73488],[33.78747,30.74446],[33.79128,30.74835],[33.83829,30.84694],[33.83879,30.8533],[33.83372,30.87379],[33.84026,30.89704],[33.86087,30.91838],[33.87092,30.9619],[33.88552,30.98216]],[[33.64463,30.64267],[33.73714,30.66497],[33.80314,30.68528],[33.81771,30.6862],[33.84994,30.68276],[33.85725,30.68395],[33.86565,30.6901],[33.88829,30.72759],[33.90851,30.74136]],[[34.12007,30.83837],[34.11199,30.83453]],[[34.11203,30.83418],[34.12031,30.83811]],[[34.16595,30.82487],[34.16168,30.8329],[34.14275,30.84261],[34.13022,30.84302],[34.12075,30.83881]],[[34.12108,30.8386],[34.13034,30.8427],[34.14267,30.84227],[34.16142,30.83271],[34.16572,30.82487]],[[34.23181,30.82831],[34.20913,30.81919],[34.18735,30.8137],[34.1741,30.81678],[34.16598,30.82479]],[[34.23893,30.83348],[34.23193,30.82837]],[[34.16576,30.8248],[34.17444,30.81619],[34.18764,30.81336],[34.2096,30.81896],[34.23226,30.82826]],[[34.23237,30.82831],[34.23914,30.83342]],[[34.3005,30.86776],[34.27813,30.85389],[34.26885,30.85228],[34.24679,30.84256],[34.23925,30.83404]],[[34.2395,30.83402],[34.24656,30.84219],[34.26905,30.85198],[34.27834,30.8536],[34.30049,30.86758]],[[35.56674,33.79475],[35.55992,33.78885]],[[36.28207,33.52447],[36.26859,33.52213]],[[35.6262,33.69648],[35.64668,33.69553]],[[36.32988,33.47095],[36.31842,33.46931]],[[36.31842,33.46931],[36.32994,33.47085]],[[35.79276,31.73791],[35.79262,31.72212]],[[35.79271,31.72208],[35.79278,31.73763]],[[36.30327,33.53379],[36.30179,33.52634]],[[36.30642,33.54157],[36.30347,33.5341]],[[36.32588,33.54587],[36.32484,33.53796]],[[36.32602,33.54594],[36.32426,33.55318]],[[35.00218,29.57882],[35.01207,29.57909]],[[36.31007,33.54652],[36.3256,33.54587]],[[36.28997,32.75166],[36.31728,32.75138]],[[36.31728,32.75138],[36.28997,32.75166]],[[36.28997,32.75166],[36.20331,32.75131]],[[36.35061,33.51989],[36.34177,33.51859]],[[36.34178,33.51853],[36.35064,33.5198]],[[36.19876,33.43816],[36.16702,33.44495]],[[36.22423,33.43108],[36.20087,33.4377]],[[36.30139,33.5776],[36.30643,33.57092],[36.30591,33.5674],[36.31041,33.56856],[36.31979,33.56276]],[[34.80255,31.27744],[34.80659,31.27617],[34.81076,31.27127]],[[36.05113,33.60161],[36.06343,33.61079]],[[36.06342,33.61093],[36.05108,33.60164]],[[34.25761,31.24848],[34.24003,31.29588],[34.23556,31.29704],[34.21981,31.32268]],[[36.70655,33.69257],[36.68839,33.65228]],[[33.89025,30.98906],[33.88561,30.98248]],[[33.88574,30.98245],[33.89025,30.98906]],[[36.24342,33.50956],[36.24373,33.51581],[36.23794,33.51575]],[[36.23799,33.51572],[36.24384,33.51557],[36.24289,33.50971]]]}},{"type":"Feature","properties":{"cls":"primary","ref":"010"},"geometry":{"type":"MultiLineString","coordinates":[[[36.06481,32.12927],[36.06095,32.11324]],[[36.06122,32.11331],[36.06049,32.11643],[36.06506,32.12924]],[[36.06105,32.11297],[36.06454,32.10281],[36.06407,32.09157],[36.06854,32.08185]],[[36.0689,32.08203],[36.06429,32.09133],[36.06468,32.10301],[36.06135,32.11308]]]}},{"type":"Feature","properties":{"cls":"primary","ref":"1"},"geometry":{"type":"MultiLineString","coordinates":[[[35.8248,33.79805],[35.81542,33.78028],[35.80981,33.76208],[35.78496,33.73466],[35.77654,33.71904],[35.7629,33.70098],[35.7587,33.67733],[35.74198,33.66166],[35.7378,33.64797],[35.722,33.63578],[35.72147,33.63077],[35.71763,33.62819],[35.71306,33.62941],[35.70714,33.6265],[35.70719,33.62222],[35.70296,33.61896],[35.70439,33.61637],[35.70212,33.61423],[35.69985,33.61594],[35.6954,33.60786],[35.69373,33.59822],[35.6822,33.58531],[35.66951,33.56015]],[[35.83841,33.81704],[35.82559,33.79867]],[[35.66941,33.55986],[35.66242,33.54302],[35.65621,33.5339],[35.6502,33.52568],[35.64172,33.52164],[35.64616,33.51883],[35.64595,33.51685],[35.63592,33.51275],[35.64155,33.50462],[35.63862,33.4994],[35.63925,33.49221]],[[35.63918,33.49154],[35.63848,33.4832],[35.62876,33.45358],[35.62067,33.43582],[35.61344,33.42796],[35.60774,33.4278],[35.60545,33.43312],[35.60208,33.43094],[35.60469,33.43871],[35.60258,33.44042],[35.60566,33.44482],[35.6017,33.46388],[35.60302,33.46641],[35.59958,33.46767],[35.59629,33.47493],[35.59134,33.47595]]]}},{"type":"Feature","properties":{"cls":"primary","ref":"109"},"geometry":{"type":"MultiLineString","coordinates":[[[36.55846,32.71759],[36.56488,32.71314],[36.57209,32.71118]],[[36.69231,32.34181],[36.66021,32.37599],[36.65135,32.39459],[36.63835,32.40133],[36.62453,32.42258],[36.61835,32.42104],[36.56892,32.43676]],[[36.48256,32.51585],[36.49529,32.51662],[36.55551,32.50964],[36.56977,32.5028],[36.60929,32.49271],[36.62652,32.49347],[36.63848,32.50024],[36.69816,32.49502]],[[36.47942,32.5156],[36.47501,32.5155],[36.45183,32.53682]],[[36.48834,32.7742],[36.49613,32.77425],[36.51902,32.75296]],[[36.27877,32.83721],[36.29989,32.83701]],[[36.27806,32.83724],[36.26606,32.83799],[36.25171,32.8458],[36.24969,32.85201],[36.24289,32.85275]],[[36.43299,32.55137],[36.37394,32.59625]],[[36.1034,32.62638],[36.10767,32.62443],[36.10341,32.62643]],[[34.9755,29.5756],[34.97274,29.57785],[34.9737,29.57984],[34.97111,29.58067]],[[36.24038,32.85356],[36.22436,32.84425],[36.21624,32.84534]],[[36.53116,32.74233],[36.51902,32.75296],[36.52775,32.7464],[36.53602,32.73539],[36.54392,32.7287]],[[36.55821,32.71789],[36.54961,32.72498],[36.55813,32.71784]],[[36.47428,32.77905],[36.48834,32.7742],[36.45473,32.78562],[36.44015,32.7962],[36.41075,32.80665]],[[36.35456,32.83305],[36.34164,32.83742],[36.32322,32.83576]],[[36.30026,32.83701],[36.33045,32.83528],[36.34171,32.83735],[36.36007,32.82939]],[[36.40076,32.81074],[36.36794,32.82539]],[[36.40076,32.81074],[36.41075,32.80665],[36.40076,32.81074]]]}},{"type":"Feature","properties":{"cls":"primary","ref":"110"},"geometry":{"type":"MultiLineString","coordinates":[[[36.36231,33.41865],[36.36914,33.40928]],[[36.56708,32.66993],[36.56794,32.68457],[36.56591,32.6943]],[[36.56588,32.69453],[36.56525,32.70554]],[[36.56567,32.69429],[36.56782,32.68456],[36.56689,32.66993]],[[36.57118,32.7381],[36.57907,32.78274],[36.57746,32.80689],[36.57952,32.81359],[36.58672,32.82751],[36.5931,32.83473],[36.60654,32.84237],[36.62074,32.86253],[36.62276,32.87435],[36.60801,32.92002],[36.60891,32.93957],[36.61184,32.94854],[36.60687,32.96554],[36.59154,32.99096],[36.59371,33.00751],[36.59243,33.01939],[36.58019,33.03593],[36.55482,33.04772],[36.52858,33.08268],[36.52387,33.09754],[36.53221,33.1103],[36.53293,33.11467],[36.51182,33.1587],[36.48793,33.18352],[36.47563,33.18957],[36.4196,33.24879],[36.41157,33.25984],[36.38523,33.32226],[36.37526,33.40065],[36.36914,33.40928],[36.37509,33.40072],[36.38508,33.32235],[36.41111,33.26002],[36.41842,33.24978],[36.47595,33.18888],[36.48772,33.18341],[36.51254,33.15743],[36.5328,33.11475],[36.53197,33.11028],[36.52348,33.09814],[36.52855,33.08164],[36.5559,33.04646],[36.58122,33.03461],[36.58668,33.01889],[36.59335,33.00984],[36.59094,32.99217],[36.60663,32.9654],[36.61164,32.94828],[36.60862,32.9403],[36.60771,32.91941],[36.62257,32.87428],[36.62057,32.86259],[36.60637,32.84243],[36.59293,32.83479],[36.58648,32.82757],[36.57932,32.81348],[36.57737,32.80689],[36.57894,32.78275],[36.57081,32.73824]],[[36.57073,32.738],[36.5681,32.72404]],[[36.5685,32.72393],[36.57114,32.73797]],[[36.56687,32.71701],[36.56539,32.70818]],[[36.56559,32.70816],[36.56704,32.71698]],[[36.56564,32.69448],[36.56553,32.70791]],[[36.57581,32.633],[36.57121,32.65716]],[[36.59439,32.5328],[36.59703,32.54061],[36.59311,32.55615]],[[36.57106,32.65713],[36.57684,32.62749],[36.58787,32.59539],[36.59184,32.56097],[36.5969,32.5408],[36.58786,32.51236],[36.57918,32.5017]],[[36.57183,32.47578],[36.56494,32.43864],[36.56892,32.43676],[36.56506,32.43846],[36.56663,32.44773]],[[36.35989,33.42183],[36.35149,33.42831],[36.33727,33.44803],[36.33636,33.45762],[36.32603,33.47979],[36.32418,33.49132]],[[36.32298,33.48992],[36.33626,33.45762],[36.33713,33.44802],[36.35071,33.42902],[36.36158,33.41958]],[[36.57116,32.65729],[36.56707,32.6698]],[[36.56689,32.6698],[36.57101,32.65725]],[[36.57183,32.47578],[36.57763,32.49899],[36.57183,32.47578]]]}},{"type":"Feature","properties":{"cls":"primary","ref":"119"},"geometry":{"type":"MultiLineString","coordinates":[[[36.09557,32.63047],[36.08647,32.63563],[36.05166,32.67523],[36.02762,32.70738],[36.02796,32.71699],[36.02764,32.7071],[36.05157,32.67519],[36.08639,32.63557],[36.09539,32.63026]]]}},{"type":"Feature","properties":{"cls":"primary","ref":"15"},"geometry":{"type":"MultiLineString","coordinates":[[[34.98666,29.47075],[34.98011,29.47198],[34.97959,29.47398]],[[34.9795,29.47405],[34.97987,29.47203],[34.98617,29.46954]]]}},{"type":"Feature","properties":{"cls":"primary","ref":"152"},"geometry":{"type":"MultiLineString","coordinates":[[[35.57646,32.49734],[35.58035,32.49269],[35.60003,32.49222]],[[35.60004,32.49232],[35.5814,32.49307],[35.57659,32.4974]]]}},{"type":"Feature","properties":{"cls":"primary","ref":"2"},"geometry":{"type":"MultiLineString","coordinates":[[[35.89339,33.76996],[35.88403,33.76295]]]}},{"type":"Feature","properties":{"cls":"primary","ref":"20"},"geometry":{"type":"MultiLineString","coordinates":[[[36.23307,32.31147],[36.21181,32.33235],[36.19992,32.33328]],[[36.19987,32.33314],[36.21185,32.33225]],[[36.09025,32.32413],[36.09274,32.32655],[36.093,32.33294],[36.09735,32.33605],[36.10766,32.33727],[36.11975,32.33494],[36.12802,32.3303],[36.14787,32.33073],[36.18908,32.3431],[36.20197,32.34167]],[[36.20205,32.34176],[36.18895,32.34316],[36.14788,32.33085],[36.12799,32.33041],[36.11977,32.33504],[36.10703,32.33748],[36.09598,32.33593],[36.09285,32.33291],[36.09258,32.32641],[36.0901,32.3242]],[[36.19985,32.33333],[36.2021,32.34157]],[[36.20199,32.3416],[36.1997,32.33328]],[[36.21168,32.33233],[36.23349,32.31078]]]}},{"type":"Feature","properties":{"cls":"primary","ref":"204"},"geometry":{"type":"MultiLineString","coordinates":[[[34.79404,30.88336],[34.79808,30.88752],[34.81695,30.89101],[34.84095,30.90766],[34.84809,30.91892],[34.88771,30.95223],[34.89729,30.96816],[34.89786,30.97426],[34.91128,30.98928]],[[34.91186,30.9902],[34.92025,30.99523],[34.94302,30.99867],[34.95936,31.01386],[34.97839,31.0417],[34.98364,31.04657],[34.99692,31.05348],[35.00582,31.06706]]]}},{"type":"Feature","properties":{"cls":"primary","ref":"206"},"geometry":{"type":"MultiLineString","coordinates":[[[35.01758,30.91445],[35.02586,30.92802],[35.03626,30.93978],[35.04012,30.9515],[35.04601,30.95998],[35.05625,30.96792],[35.05831,30.98451],[35.06606,30.99227],[35.08771,31.02621],[35.09328,31.02924],[35.09274,31.03676]]]}},{"type":"Feature","properties":{"cls":"primary","ref":"211"},"geometry":{"type":"MultiLineString","coordinates":[[[34.42296,30.89179],[34.43362,30.89881],[34.45738,30.90496],[34.48715,30.90206],[34.5269,30.91379],[34.55138,30.91699],[34.56521,30.92075],[34.61102,30.95473],[34.63169,30.96693],[34.64061,30.96638],[34.66184,30.9583],[34.68737,30.95415],[34.6982,30.95553],[34.72472,30.9705],[34.75771,30.98472],[34.76272,30.99094]],[[34.4019,30.88117],[34.41127,30.88231],[34.42096,30.88993]]]}},{"type":"Feature","properties":{"cls":"primary","ref":"222"},"geometry":{"type":"MultiLineString","coordinates":[[[34.78,31.01049],[34.75712,31.01769],[34.75066,31.02664],[34.74816,31.03654],[34.73496,31.04256],[34.72754,31.05058],[34.71967,31.05246],[34.69511,31.07644],[34.6242,31.13397],[34.61733,31.14192],[34.57358,31.17246],[34.56738,31.1801],[34.55962,31.18252],[34.53944,31.19647],[34.53865,31.20319],[34.52621,31.21682],[34.51151,31.22288],[34.4787,31.22527],[34.46327,31.2328],[34.43801,31.25749],[34.43192,31.26974]]]}},{"type":"Feature","properties":{"cls":"primary","ref":"224"},"geometry":{"type":"MultiLineString","coordinates":[[[34.91683,30.99354],[34.90054,31.00771],[34.88779,31.01266],[34.85687,31.04713],[34.8534,31.05852]],[[34.83909,31.06654],[34.84783,31.06566],[34.85294,31.06044]]]}},{"type":"Feature","properties":{"cls":"primary","ref":"225"},"geometry":{"type":"MultiLineString","coordinates":[[[34.93746,30.98424],[34.95366,30.98346],[34.9683,30.97217],[34.9803,30.96891],[34.97867,30.96869],[34.98225,30.96245],[34.98865,30.95656],[35.00553,30.95524],[35.02214,30.95088],[35.02842,30.95131],[35.03242,30.94761],[35.03834,30.94576]],[[34.91537,30.98913],[34.9201,30.98879],[34.91539,30.98932]]]}},{"type":"Feature","properties":{"cls":"primary","ref":"227"},"geometry":{"type":"MultiLineString","coordinates":[[[35.24859,30.81407],[35.23294,30.82179],[35.21948,30.83253],[35.20326,30.83768],[35.19847,30.84362],[35.17606,30.85549],[35.16857,30.85719],[35.14892,30.87119],[35.14624,30.87929],[35.13875,30.88986],[35.13419,30.89162],[35.12944,30.90243],[35.13138,30.90338],[35.13028,30.90516],[35.13336,30.90936],[35.13401,30.91551],[35.13616,30.91482],[35.13887,30.91824],[35.13341,30.91931],[35.1336,30.92314],[35.14357,30.92494],[35.14339,30.93109],[35.14093,30.93415],[35.13399,30.93507],[35.12938,30.93184],[35.1089,30.94132],[35.09953,30.95213],[35.08794,30.95043],[35.06646,30.95902],[35.06467,30.96143],[35.06192,30.96086],[35.05275,30.96425],[35.04934,30.9633]]]}},{"type":"Feature","properties":{"cls":"primary","ref":"232"},"geometry":{"type":"MultiLineString","coordinates":[[[34.59654,31.51326],[34.58685,31.50765],[34.59674,31.5132]],[[34.61384,31.53523],[34.59842,31.51672]],[[34.63347,31.5585],[34.64412,31.57028],[34.64748,31.5959],[34.65614,31.60962],[34.66327,31.62944],[34.66329,31.65232]],[[34.64351,31.71409],[34.64426,31.71813],[34.64017,31.72148]],[[34.53387,31.465],[34.50164,31.43614],[34.49723,31.43053],[34.49616,31.41892],[34.47395,31.39965]],[[34.59858,31.51664],[34.63135,31.55591]],[[34.47278,31.39802],[34.46416,31.39084],[34.45663,31.38932],[34.44762,31.38451],[34.45073,31.36423],[34.44496,31.33272],[34.43269,31.29293],[34.43281,31.27124],[34.43039,31.26855],[34.40861,31.25932]],[[34.52876,31.46988],[34.54361,31.48078],[34.5506,31.48883],[34.5553,31.50545],[34.57519,31.5036],[34.58218,31.5054],[34.5864,31.50866],[34.57728,31.50391],[34.55495,31.50534],[34.55052,31.48893],[34.54514,31.48231],[34.52854,31.46999]],[[34.66208,31.65379],[34.66402,31.66124],[34.65494,31.66879],[34.65169,31.68254],[34.65488,31.66877],[34.66396,31.66122],[34.66229,31.65363]],[[34.65306,31.68355],[34.6432,31.7132]],[[34.27264,31.21259],[34.28807,31.20859],[34.3489,31.23114],[34.36807,31.23421],[34.38583,31.24961],[34.40861,31.25932],[34.38592,31.24976],[34.3683,31.23441],[34.34825,31.23102],[34.28768,31.20851]]]}},{"type":"Feature","properties":{"cls":"primary","ref":"234"},"geometry":{"type":"MultiLineString","coordinates":[[[34.4522,31.3874],[34.45575,31.38237],[34.47263,31.36844],[34.48965,31.35959],[34.50089,31.34521],[34.51823,31.32866],[34.52502,31.31674]],[[34.52636,31.31579],[34.53578,31.29912],[34.54184,31.28304],[34.53697,31.2709],[34.54275,31.21743],[34.53483,31.2159],[34.53141,31.21272]]]}},{"type":"Feature","properties":{"cls":"primary","ref":"240"},"geometry":{"type":"MultiLineString","coordinates":[[[34.33636,31.22649],[34.33445,31.2307],[34.33465,31.24201],[34.32657,31.2556]]]}},{"type":"Feature","properties":{"cls":"primary","ref":"241"},"geometry":{"type":"MultiLineString","coordinates":[[[34.61589,31.32144],[34.65396,31.33762],[34.61579,31.32164]],[[34.60777,31.31862],[34.60265,31.31762],[34.61392,31.32075]],[[34.59422,31.31631],[34.58645,31.31526],[34.53609,31.31839],[34.4938,31.30953],[34.43909,31.31347]]]}},{"type":"Feature","properties":{"cls":"primary","ref":"242"},"geometry":{"type":"MultiLineString","coordinates":[[[34.44729,31.38081],[34.43654,31.38046],[34.40715,31.36601],[34.395,31.36751],[34.37551,31.37311]]]}},{"type":"Feature","properties":{"cls":"primary","ref":"25"},"geometry":{"type":"MultiLineString","coordinates":[[[35.95531,32.42674],[36.00693,32.39363],[36.00988,32.38915],[36.01029,32.38133],[36.02079,32.36663],[36.02362,32.35628],[36.0335,32.34728],[36.03747,32.33981],[36.05005,32.33316]],[[36.11968,32.08847],[36.11464,32.10261],[36.12204,32.11866],[36.11862,32.12662],[36.108,32.13667],[36.10699,32.14603],[36.11071,32.15778],[36.10879,32.16389],[36.1136,32.16882],[36.11268,32.17734],[36.10834,32.18631],[36.10669,32.20308],[36.10869,32.21371],[36.10603,32.21842],[36.09258,32.22911],[36.09041,32.23413],[36.09853,32.25324],[36.09038,32.26927],[36.09359,32.29015],[36.08976,32.29776],[36.09303,32.3048],[36.06917,32.31677],[36.05005,32.33316],[36.06891,32.3168],[36.0929,32.30478],[36.08964,32.29798],[36.09346,32.29019],[36.09026,32.26911],[36.0984,32.2532],[36.09034,32.2338],[36.09249,32.22902],[36.10587,32.21839],[36.10858,32.21356],[36.10655,32.20338],[36.10824,32.18598],[36.11247,32.1775],[36.11346,32.16911],[36.10862,32.16392],[36.11053,32.158],[36.10688,32.14573],[36.10798,32.13653],[36.11865,32.12642],[36.12196,32.11857],[36.11445,32.10248],[36.11956,32.08841]],[[36.02548,31.99553],[36.02152,31.99387],[36.02115,31.9897],[36.01237,31.97696],[35.98685,31.96068],[35.98739,31.95705],[36.00482,31.94487],[36.00673,31.94009],[36.00222,31.93733],[35.9965,31.93727],[35.99232,31.93055],[35.98498,31.92596],[35.98367,31.91188],[35.97944,31.89938]],[[35.97903,31.89878],[35.98378,31.91179],[35.98515,31.92593],[35.99239,31.93042],[35.99664,31.9372],[36.00238,31.93724],[36.0069,31.94031],[36.00498,31.94493],[35.98776,31.95687],[35.98703,31.96065],[36.01268,31.97703],[36.02142,31.98994],[36.02161,31.99381],[36.02528,31.9949]],[[35.95088,32.43072],[35.95531,32.42674],[35.95099,32.43083]]]}},{"type":"Feature","properties":{"cls":"primary","ref":"258"},"geometry":{"type":"MultiLineString","coordinates":[[[35.20036,31.0429],[35.20423,31.06136],[35.21375,31.07786],[35.2133,31.08107],[35.20473,31.09114],[35.20538,31.10179],[35.21187,31.1087],[35.20871,31.11847],[35.21768,31.13589],[35.2146,31.14208],[35.22329,31.1504],[35.23346,31.15274],[35.24112,31.17995],[35.24059,31.20967],[35.24904,31.21912]]]}},{"type":"Feature","properties":{"cls":"primary","ref":"264"},"geometry":{"type":"MultiLineString","coordinates":[[[34.76351,31.44205],[34.75158,31.41428],[34.7423,31.40872],[34.72115,31.38508],[34.70873,31.36129],[34.70777,31.34539],[34.70318,31.34052],[34.69879,31.33055],[34.70325,31.34032],[34.70815,31.34572],[34.70887,31.36124],[34.72127,31.38502],[34.74237,31.40864],[34.75165,31.41419],[34.76363,31.44201]]]}},{"type":"Feature","properties":{"cls":"primary","ref":"293"},"geometry":{"type":"MultiLineString","coordinates":[[[34.7355,31.44233],[34.75159,31.44522],[34.76608,31.44202]],[[34.77238,31.44257],[34.7663,31.44233],[34.77237,31.44247]],[[34.60849,31.41611],[34.62904,31.4288],[34.64035,31.44508],[34.64912,31.44826],[34.65438,31.44625],[34.65852,31.44042],[34.67639,31.43478],[34.69016,31.44543],[34.6984,31.44642],[34.70993,31.44376]],[[34.73155,31.44188],[34.71457,31.44268]],[[34.70993,31.44376],[34.71457,31.44268],[34.70993,31.44376]]]}},{"type":"Feature","properties":{"cls":"primary","ref":"3"},"geometry":{"type":"MultiLineString","coordinates":[[[35.3715,33.55748],[35.36312,33.53541]],[[35.36321,33.53539],[35.37175,33.55714]]]}},{"type":"Feature","properties":{"cls":"primary","ref":"30"},"geometry":{"type":"MultiLineString","coordinates":[[[35.84427,32.02181],[35.8608,32.02832],[35.88077,32.03167],[35.90244,32.02728],[35.92927,32.02657],[35.94421,32.02048],[35.95593,32.02468],[35.96056,32.01929],[35.96754,32.02464],[35.97412,32.02261],[35.97909,32.0259],[35.98655,32.02249],[35.99308,32.01651],[35.99807,32.01891],[36.0149,32.02038],[36.01635,32.02717],[36.02477,32.0287],[36.03759,32.02784],[36.04726,32.03022],[36.05468,32.02579],[36.06493,32.02545],[36.08183,32.03599],[36.0851,32.05821]],[[35.69323,32.11933],[35.70309,32.11598],[35.70355,32.10026],[35.70181,32.09715],[35.70595,32.09491],[35.70589,32.08546],[35.7141,32.07059],[35.72289,32.0657],[35.74411,32.06215],[35.74808,32.05716],[35.76193,32.05289],[35.78718,32.03991],[35.79825,32.02787],[35.83038,32.02923],[35.83776,32.02583],[35.84352,32.01902]],[[35.60965,32.14045],[35.61828,32.14442],[35.63229,32.14584],[35.63507,32.14275],[35.64114,32.14079],[35.64273,32.13678],[35.64638,32.14032],[35.65185,32.13407],[35.65247,32.13675],[35.65929,32.13504],[35.66062,32.13614],[35.65889,32.13269],[35.66625,32.12963],[35.67003,32.13141],[35.67303,32.13042],[35.67885,32.12615],[35.68453,32.11431],[35.69245,32.1194],[35.70095,32.11765],[35.70323,32.11592],[35.70397,32.10959],[35.70191,32.09714],[35.70608,32.09487],[35.7059,32.08582],[35.71419,32.07066],[35.72273,32.06585],[35.74385,32.06237],[35.74812,32.05723],[35.76215,32.05296],[35.78678,32.04034],[35.79852,32.02786],[35.83429,32.02899],[35.83865,32.02744],[35.84368,32.02201]],[[36.09403,32.06098],[36.0847,32.05799],[36.08208,32.03679],[36.07401,32.02976]],[[36.07404,32.02961],[36.06803,32.02625],[36.05954,32.02505],[36.04698,32.03033],[36.0376,32.02794],[36.01728,32.02766],[36.01503,32.02053],[35.99802,32.01902],[35.99327,32.01662],[35.98674,32.02251],[35.97912,32.02602],[35.97411,32.02272],[35.96773,32.02485],[35.96064,32.01938],[35.95582,32.02482],[35.94433,32.02059],[35.92916,32.02668],[35.90283,32.02733],[35.88197,32.03175],[35.86127,32.02857],[35.84416,32.02166]],[[36.08477,32.05808],[36.09399,32.06078]]]}},{"type":"Feature","properties":{"cls":"primary","ref":"310"},"geometry":{"type":"MultiLineString","coordinates":[[[34.80469,31.37409],[34.8129,31.37796]],[[34.70638,31.33052],[34.71658,31.33267],[34.72659,31.345],[34.74539,31.35347],[34.75932,31.36352],[34.7848,31.37157],[34.80469,31.37409],[34.77829,31.36963]],[[34.70638,31.33052],[34.69991,31.32963],[34.70638,31.33052]]]}},{"type":"Feature","properties":{"cls":"primary","ref":"316"},"geometry":{"type":"MultiLineString","coordinates":[[[35.10921,31.38331],[35.10889,31.37706],[35.11233,31.3734]],[[35.11309,31.37058],[35.11656,31.36145],[35.10881,31.35534],[35.10066,31.35499],[35.0965,31.35247],[35.08883,31.35396],[35.08407,31.35208],[35.07417,31.3555],[35.06901,31.35158],[35.05915,31.35525],[35.05837,31.35071],[35.05408,31.35],[35.05167,31.34561],[35.03604,31.3377],[35.03386,31.32938],[35.01884,31.32469],[35.01471,31.31878],[35.0098,31.31845],[35.00397,31.31425],[34.99012,31.3115],[34.98299,31.30418],[34.97022,31.30564],[34.96,31.30249],[34.95357,31.30322],[34.94812,31.29395],[34.94794,31.28703],[34.94033,31.27736]]]}},{"type":"Feature","properties":{"cls":"primary","ref":"317"},"geometry":{"type":"MultiLineString","coordinates":[[[35.00392,31.37742],[35.01201,31.37368],[35.02527,31.37668],[35.03013,31.37421],[35.03941,31.37695],[35.05769,31.37027],[35.07228,31.36886],[35.08332,31.36872],[35.09372,31.37172],[35.12321,31.39536],[35.12644,31.40039],[35.13608,31.40506],[35.14017,31.41046],[35.15314,31.41777],[35.16163,31.41694],[35.16816,31.42166],[35.17199,31.42209],[35.17378,31.42498],[35.17273,31.42821],[35.17885,31.42965],[35.18238,31.4344]]]}},{"type":"Feature","properties":{"cls":"primary","ref":"325"},"geometry":{"type":"MultiLineString","coordinates":[[[34.78821,31.42242],[34.80518,31.41759],[34.81119,31.41776],[34.81848,31.41192],[34.82941,31.40862],[34.83998,31.40179],[34.84925,31.3921],[34.8579,31.38726],[34.8673,31.38383],[34.87654,31.3832]]]}},{"type":"Feature","properties":{"cls":"primary","ref":"333"},"geometry":{"type":"MultiLineString","coordinates":[[[35.19698,31.79103],[35.18358,31.80176],[35.17391,31.80034]],[[35.17667,31.80094],[35.18362,31.80155],[35.19669,31.791]]]}},{"type":"Feature","properties":{"cls":"primary","ref":"334"},"geometry":{"type":"MultiLineString","coordinates":[[[34.61215,31.52789],[34.62389,31.51284],[34.63216,31.50971],[34.64672,31.51151],[34.65349,31.50718],[34.67424,31.50285],[34.68957,31.49468],[34.70056,31.49146],[34.72542,31.46549],[34.73377,31.44277]],[[34.61083,31.53064],[34.59473,31.54869],[34.58079,31.55344],[34.59464,31.54863],[34.61075,31.53089]]]}},{"type":"Feature","properties":{"cls":"primary","ref":"348"},"geometry":{"type":"MultiLineString","coordinates":[[[35.12799,31.62379],[35.12351,31.62113],[35.11938,31.62111],[35.11494,31.61766],[35.11107,31.60243]],[[35.11544,31.59316],[35.1092,31.596],[35.10956,31.59965]],[[35.53212,32.80067],[35.5387,32.79653],[35.53987,32.7932],[35.53873,32.79665],[35.53232,32.80076]]]}},{"type":"Feature","properties":{"cls":"primary","ref":"35"},"geometry":{"type":"MultiLineString","coordinates":[[[35.95099,32.43083],[35.92173,32.461],[35.90857,32.46902]],[[35.61155,30.52448],[35.60934,30.52927],[35.61789,30.53176],[35.6286,30.54129],[35.62898,30.56058],[35.64446,30.60314],[35.64249,30.62195],[35.64327,30.64016],[35.63668,30.65117]],[[35.66039,30.86148],[35.66577,30.86545],[35.66964,30.87225],[35.67773,30.87525],[35.68474,30.87551],[35.68725,30.87764],[35.6898,30.88866],[35.68874,30.90431],[35.69323,30.91276],[35.69248,30.91569],[35.69968,30.91952],[35.69781,30.91098],[35.70103,30.90931],[35.71189,30.92335],[35.71417,30.93322],[35.7097,30.94292],[35.70965,30.95648],[35.71889,30.95681],[35.72227,30.95964],[35.72605,30.9577],[35.72912,30.95941],[35.73245,30.95862],[35.74074,30.96268],[35.74466,30.96056],[35.75458,30.96064],[35.76211,30.95717],[35.76893,30.95753],[35.77045,30.9603],[35.77497,30.96128],[35.77257,30.9643],[35.76416,30.96634],[35.76355,30.97111],[35.7599,30.97591],[35.72928,30.98934],[35.71703,30.99712],[35.72285,30.99744],[35.72504,31.00166],[35.70928,31.04811],[35.70399,31.0552]],[[35.61767,30.76381],[35.61247,30.77166],[35.60065,30.77559],[35.59807,30.77903],[35.59969,30.78839],[35.59221,30.79787],[35.59556,30.80382],[35.5922,30.80961],[35.58683,30.81241],[35.58672,30.81756]],[[35.48283,30.31866],[35.48329,30.32181],[35.49009,30.32558],[35.49458,30.32626],[35.49769,30.3242]],[[35.46302,30.24032],[35.46582,30.24423],[35.46981,30.2444],[35.47033,30.24668],[35.46417,30.25167],[35.46362,30.25588],[35.45362,30.25899],[35.44933,30.2714],[35.46172,30.29616],[35.46535,30.3124],[35.47155,30.3168],[35.48454,30.31093],[35.48231,30.31795]],[[35.46559,30.03248],[35.45999,30.03446],[35.45726,30.04112],[35.44386,30.05027],[35.44351,30.06594],[35.43917,30.06988],[35.43713,30.07882],[35.4321,30.08529],[35.43697,30.09284],[35.43201,30.11054],[35.43535,30.12073],[35.43325,30.13418],[35.4382,30.14067],[35.44176,30.15491],[35.43698,30.15879],[35.43613,30.16364],[35.4292,30.16849],[35.42762,30.17619],[35.43303,30.18009],[35.43447,30.18389],[35.44305,30.18547],[35.44526,30.19227],[35.45429,30.19358],[35.46876,30.20315],[35.47306,30.21329],[35.46767,30.2343],[35.46191,30.23859],[35.46307,30.24011]],[[35.78338,31.50474],[35.78619,31.51726],[35.78078,31.53855],[35.77461,31.54595],[35.76251,31.54995],[35.76436,31.55026],[35.76497,31.5548],[35.77753,31.55387],[35.77495,31.55589],[35.77678,31.55933],[35.78023,31.56131],[35.78547,31.56054],[35.78819,31.56499],[35.80404,31.5775],[35.80688,31.58231]],[[35.80794,31.72231],[35.8342,31.74185],[35.86209,31.7505],[35.87746,31.75992],[35.90145,31.7867],[35.90495,31.79392],[35.90687,31.80645]],[[35.73024,31.16979],[35.721,31.17236],[35.71044,31.17929]],[[35.80763,31.72227],[35.79808,31.71563],[35.79199,31.70587]],[[35.77412,31.4111],[35.77921,31.42022],[35.79716,31.43691],[35.8033,31.43197],[35.79814,31.43897],[35.79542,31.43982],[35.79727,31.44033],[35.79614,31.442],[35.8009,31.44002],[35.79779,31.44362],[35.79794,31.44771],[35.81035,31.44274],[35.81629,31.44367],[35.82082,31.44686],[35.80624,31.45753],[35.80342,31.46559],[35.79861,31.46662],[35.78614,31.46445],[35.78402,31.47062],[35.78759,31.46777],[35.78689,31.47334],[35.78417,31.47495],[35.78145,31.47205],[35.77878,31.47644],[35.78194,31.49388],[35.77986,31.49908],[35.78262,31.5015]],[[35.62905,30.65585],[35.63668,30.65117],[35.63344,30.65458],[35.62313,30.65929],[35.61859,30.66707],[35.62339,30.68429],[35.62127,30.68788],[35.62635,30.69747],[35.63345,30.704],[35.63636,30.70438],[35.63687,30.7082],[35.63381,30.71372],[35.62663,30.71713],[35.62766,30.72113],[35.62499,30.72525]],[[35.62575,30.72597],[35.6268,30.72827],[35.62253,30.73497],[35.62804,30.73647],[35.63094,30.74336],[35.61551,30.76861],[35.61202,30.77182],[35.60057,30.77555],[35.59773,30.77951],[35.59979,30.78774],[35.59221,30.79748],[35.59543,30.80393],[35.59205,30.80965],[35.58663,30.81273],[35.58723,30.82665]],[[35.90798,32.46898],[35.92134,32.46111],[35.95088,32.43072]],[[35.80551,31.59013],[35.79827,31.59108],[35.78723,31.59777],[35.77452,31.60012],[35.76398,31.60766],[35.76363,31.61251],[35.76891,31.62484],[35.77087,31.64566],[35.78529,31.66733],[35.7905,31.69132]],[[35.90658,31.80572],[35.90482,31.79388],[35.90143,31.78693],[35.87729,31.75992],[35.86325,31.75111],[35.83394,31.74183],[35.80782,31.72243]],[[35.79143,31.69566],[35.79289,31.70836],[35.7982,31.71565],[35.80773,31.72218]],[[35.503,30.32446],[35.50545,30.32782],[35.5086,30.32823],[35.51051,30.3324],[35.5116,30.34416],[35.50976,30.34614],[35.51077,30.35028],[35.50794,30.36558],[35.51577,30.38174],[35.51355,30.38995],[35.50349,30.39593],[35.50362,30.40373],[35.51887,30.43991],[35.52534,30.45075],[35.52333,30.46771],[35.527,30.50133],[35.53098,30.51118],[35.53438,30.51395],[35.53411,30.51736],[35.55016,30.52179],[35.55528,30.52087],[35.55868,30.51623],[35.57326,30.51881],[35.58996,30.52532],[35.59687,30.52201],[35.60938,30.52388]],[[35.6162,30.83445],[35.62296,30.83524],[35.62622,30.84055],[35.62184,30.84889]],[[35.63031,30.85277],[35.64959,30.86022],[35.66039,30.86148],[35.64921,30.86017],[35.6302,30.85288]],[[35.63002,30.85279],[35.62184,30.84889],[35.63009,30.85265]],[[35.69773,31.10326],[35.70048,31.1157]],[[35.69566,31.0677],[35.69764,31.06689],[35.69649,31.06062],[35.70399,31.0552],[35.69654,31.06071],[35.69773,31.06687],[35.6957,31.06786]],[[35.69559,31.06795],[35.6968,31.10011]],[[35.69663,31.10016],[35.69536,31.06786]],[[35.69968,31.12939],[35.69768,31.13651],[35.70056,31.14981]],[[35.7019,31.12203],[35.69758,31.13649],[35.70059,31.1501],[35.69798,31.15618],[35.70386,31.16922],[35.70321,31.17879]],[[35.70048,31.1157],[35.7019,31.12203],[35.70048,31.1157]],[[35.73804,31.17263],[35.73662,31.17781],[35.73926,31.18322]],[[35.73784,31.19779],[35.73854,31.22651],[35.73599,31.24928],[35.73783,31.26332]],[[35.76965,31.40463],[35.75734,31.38874],[35.74952,31.38272],[35.74362,31.3727],[35.74143,31.34871],[35.74371,31.3141],[35.73783,31.26332],[35.74375,31.3139],[35.74317,31.32357]],[[35.76965,31.40463],[35.77412,31.4111],[35.76965,31.40463]],[[35.80688,31.58231],[35.808,31.58875],[35.80551,31.59013],[35.80794,31.58856],[35.80688,31.58231]],[[35.70401,31.17953],[35.70867,31.18019],[35.71361,31.17828],[35.71811,31.17366],[35.73014,31.16971],[35.73724,31.17207]],[[35.73908,31.18324],[35.73651,31.17765],[35.73793,31.17257],[35.73004,31.16976]],[[35.7905,31.69132],[35.79143,31.69566],[35.7905,31.69132]],[[35.60429,30.83705],[35.60452,30.83085],[35.60175,30.83061],[35.59773,30.82581],[35.58916,30.8288],[35.58723,30.82665],[35.58916,30.8287],[35.59778,30.82574],[35.60176,30.83056],[35.60461,30.83084],[35.60369,30.83662]],[[35.6083,30.83674],[35.6162,30.83386],[35.61318,30.83549]]]}},{"type":"Feature","properties":{"cls":"primary","ref":"352"},"geometry":{"type":"MultiLineString","coordinates":[[[34.69902,31.64435],[34.6961,31.63648],[34.70429,31.60906],[34.70254,31.60198],[34.70409,31.59129],[34.70009,31.58721],[34.68922,31.58306],[34.67379,31.57324],[34.65028,31.56844],[34.6433,31.56878]]]}},{"type":"Feature","properties":{"cls":"primary","ref":"3527"},"geometry":{"type":"MultiLineString","coordinates":[[[35.11628,31.61885],[35.10475,31.61996],[35.09934,31.62577],[35.09931,31.63011]],[[35.07177,31.6398],[35.06766,31.64664],[35.06792,31.65009],[35.06612,31.65044]],[[35.06602,31.65042],[35.07027,31.64331]],[[35.07161,31.63975],[35.07017,31.63742],[35.07306,31.63337]],[[35.09912,31.63061],[35.08552,31.62967],[35.07932,31.63319]],[[35.07375,31.6334],[35.07835,31.63343],[35.08554,31.6296],[35.09912,31.63051]],[[35.07316,31.63348],[35.0702,31.6376],[35.07171,31.63973]]]}},{"type":"Feature","properties":{"cls":"primary","ref":"353"},"geometry":{"type":"MultiLineString","coordinates":[[[34.76481,31.65078],[34.79914,31.63648],[34.79845,31.63037],[34.81802,31.63078],[34.83731,31.62635],[34.86983,31.63291],[34.87714,31.64416],[34.87673,31.65964],[34.88078,31.66948],[34.88142,31.67842],[34.88409,31.68038],[34.8937,31.67826],[34.90684,31.68239],[34.91086,31.68653],[34.91294,31.6945],[34.92661,31.6854],[34.93476,31.67259]]]}},{"type":"Feature","properties":{"cls":"primary","ref":"354"},"geometry":{"type":"MultiLineString","coordinates":[[[35.04466,31.62029],[35.04223,31.61953],[35.0435,31.61591],[35.04055,31.61489]],[[35.01591,31.57497],[35.00074,31.56913],[34.99329,31.57214],[34.98234,31.57339]],[[34.9786,31.56322],[34.97871,31.55901],[34.97582,31.55793],[34.97568,31.5468],[34.97289,31.541],[34.97541,31.53671]],[[35.02248,31.58399],[35.01682,31.57838]],[[35.0579,31.63838],[35.056,31.63958],[35.03862,31.63718],[35.03353,31.63384],[35.03465,31.63012]],[[34.9712,31.51704],[34.97472,31.51819],[34.97964,31.52387],[34.97541,31.53671],[34.97644,31.52903],[34.97956,31.52373],[34.97474,31.51829],[34.97114,31.5171]],[[35.04163,31.60941],[35.03677,31.60818],[35.03403,31.61332],[35.03085,31.61443],[35.01925,31.6147],[35.01404,31.60449]],[[34.96362,31.50035],[34.95731,31.49128]],[[34.95305,31.47919],[34.94446,31.46871],[34.92987,31.4628],[34.93,31.45841],[34.92618,31.45176],[34.92785,31.44567],[34.92634,31.42862],[34.93574,31.41642]],[[34.9824,31.57237],[34.9786,31.56322],[34.98246,31.57229]],[[35.06147,31.65241],[35.06756,31.6561],[35.07414,31.669],[35.0675,31.65625],[35.0614,31.65244]],[[35.03498,31.62973],[35.04335,31.62575],[35.04507,31.62061]],[[34.97093,31.51679],[34.96974,31.50716],[34.9674,31.50422]],[[35.0226,31.59839],[35.02912,31.59699],[35.02824,31.5924]],[[34.96401,31.50061],[34.9674,31.50422],[34.9639,31.5007]],[[35.02212,31.59857],[35.01335,31.60389]],[[35.0133,31.60387],[35.02203,31.59852]],[[35.02677,31.59086],[35.02248,31.58399],[35.0267,31.59044]]]}},{"type":"Feature","properties":{"cls":"primary","ref":"356"},"geometry":{"type":"MultiLineString","coordinates":[[[35.18238,31.4344],[35.17884,31.43919],[35.16314,31.4413],[35.15248,31.44725],[35.14628,31.45742],[35.13542,31.46651],[35.13144,31.47456],[35.13691,31.47915],[35.14274,31.49037],[35.13922,31.49718],[35.1336,31.50019],[35.13294,31.50406]],[[35.1805,31.59825],[35.18257,31.59889],[35.18197,31.60433],[35.20061,31.61406],[35.2,31.62014],[35.20834,31.62531],[35.20271,31.63272],[35.20238,31.6397]],[[35.20235,31.64056],[35.20222,31.64555],[35.20653,31.65239],[35.21212,31.65185],[35.21786,31.64857],[35.22039,31.65655],[35.22523,31.66076]],[[35.23737,31.66857],[35.23439,31.66706],[35.22931,31.6677],[35.22705,31.66313]]]}},{"type":"Feature","properties":{"cls":"primary","ref":"358"},"geometry":{"type":"MultiLineString","coordinates":[[[34.87779,31.38652],[34.88539,31.40973],[34.90105,31.44182]],[[34.87792,31.38257],[34.87888,31.37453],[34.86893,31.36256],[34.86773,31.34469]],[[34.94191,31.49985],[34.93109,31.47759]],[[34.93023,31.47647],[34.92214,31.4633],[34.90893,31.45726],[34.9016,31.44293]],[[34.91855,31.53612],[34.92552,31.53589],[34.93669,31.53119],[34.94327,31.50974]],[[34.90702,31.53886],[34.91352,31.54089],[34.91826,31.53615]]]}},{"type":"Feature","properties":{"cls":"primary","ref":"367"},"geometry":{"type":"MultiLineString","coordinates":[[[35.05767,31.67098],[35.06812,31.67259],[35.07597,31.66902],[35.08137,31.67235],[35.09043,31.67423],[35.09447,31.67337],[35.09647,31.67524],[35.10486,31.67328],[35.10646,31.67523],[35.10508,31.67093],[35.11486,31.66159],[35.11628,31.65545]],[[35.00074,31.68707],[35.00597,31.67541],[35.01255,31.67309],[35.03527,31.67565],[35.04664,31.67466],[35.05221,31.67109]],[[35.12272,31.65458],[35.12958,31.64785]]]}},{"type":"Feature","properties":{"cls":"primary","ref":"369"},"geometry":{"type":"MultiLineString","coordinates":[[[35.39286,31.59004],[35.39201,31.58435],[35.3946,31.58578],[35.39563,31.58071],[35.40035,31.5922],[35.40412,31.58843],[35.40395,31.58137],[35.40704,31.5797],[35.4072,31.58131]]]}},{"type":"Feature","properties":{"cls":"primary","ref":"37"},"geometry":{"type":"MultiLineString","coordinates":[[[34.50091,29.24829],[34.49924,29.26409],[34.50789,29.27822],[34.51286,29.29344],[34.50824,29.31277],[34.52266,29.32914],[34.53324,29.32994],[34.54159,29.33948],[34.54181,29.34176],[34.53695,29.34596],[34.53643,29.35063],[34.54723,29.36303],[34.54801,29.37099],[34.56318,29.38618],[34.56457,29.39959],[34.58481,29.43639],[34.59811,29.4738],[34.6194,29.51131],[34.64301,29.53582],[34.65841,29.5553],[34.66786,29.5612],[34.68729,29.61574],[34.68929,29.62586],[34.68735,29.63848],[34.69109,29.64973]]]}},{"type":"Feature","properties":{"cls":"primary","ref":"375"},"geometry":{"type":"MultiLineString","coordinates":[[[35.00053,31.68714],[34.9798,31.68366]],[[35.01202,31.69762],[35.01846,31.70664],[35.02412,31.70887],[35.04153,31.70934],[35.0472,31.71153],[35.05306,31.71042],[35.07879,31.71764],[35.08576,31.72132],[35.0885,31.72084]],[[35.00082,31.68725],[35.01097,31.6956]],[[35.10594,31.7185],[35.11608,31.71827],[35.121,31.71532]],[[35.09318,31.72281],[35.0885,31.72084],[35.09324,31.72269]],[[35.12692,31.70583],[35.13047,31.70366],[35.13995,31.7063],[35.14424,31.70363],[35.15306,31.70711]],[[35.15618,31.70506],[35.15306,31.70711],[35.15759,31.70373],[35.15618,31.70506]],[[35.12136,31.71484],[35.12246,31.70954],[35.12668,31.70605]],[[34.97372,31.68462],[34.95912,31.68901]],[[34.95347,31.68833],[34.94649,31.68706],[34.94865,31.68746]],[[34.95347,31.68833],[34.95912,31.68901],[34.95347,31.68833]],[[35.09348,31.72273],[35.10117,31.71973]],[[34.97372,31.68462],[34.9798,31.68366],[34.97372,31.68462]]]}},{"type":"Feature","properties":{"cls":"primary","ref":"383"},"geometry":{"type":"MultiLineString","coordinates":[[[34.82003,31.74569],[34.84311,31.74561],[34.85235,31.74155],[34.85972,31.74512],[34.8699,31.74306],[34.88017,31.74903],[34.88303,31.74705],[34.88594,31.73962],[34.90482,31.72576],[34.91556,31.72413],[34.91675,31.71812],[34.92405,31.70603],[34.94237,31.70239]],[[34.79532,31.75838],[34.80485,31.74991],[34.82003,31.74569],[34.80511,31.74984],[34.80027,31.7546]]]}},{"type":"Feature","properties":{"cls":"primary","ref":"386"},"geometry":{"type":"MultiLineString","coordinates":[[[35.18182,31.77189],[35.17961,31.76971],[35.16708,31.76932],[35.16593,31.76613],[35.16216,31.76724],[35.16036,31.77024],[35.1564,31.77162],[35.15479,31.77044]],[[35.11733,31.75664],[35.11555,31.75517],[35.11194,31.75637],[35.11055,31.75466],[35.10543,31.75569],[35.10332,31.75827],[35.09856,31.75696],[35.09303,31.76063],[35.09153,31.75795],[35.0841,31.75497],[35.07958,31.74728],[35.07545,31.74442],[35.07982,31.73565],[35.08464,31.7333],[35.07786,31.73163],[35.07588,31.73294]],[[35.18208,31.77175],[35.18431,31.7759],[35.18367,31.77968],[35.18915,31.78341],[35.19571,31.78347],[35.19998,31.78851]],[[35.19969,31.78871],[35.19547,31.78353],[35.18913,31.78351],[35.18372,31.77986],[35.18204,31.77163]],[[35.1174,31.75682],[35.12025,31.763],[35.12797,31.76337],[35.12788,31.76677],[35.13114,31.76859],[35.13205,31.77165],[35.13689,31.76862],[35.14347,31.76765],[35.15104,31.77175],[35.15437,31.76997]],[[35.07495,31.73245],[35.0775,31.72942],[35.08799,31.72705],[35.09293,31.7233]]]}},{"type":"Feature","properties":{"cls":"primary","ref":"395"},"geometry":{"type":"MultiLineString","coordinates":[[[35.06677,31.77665],[35.08517,31.77204],[35.08707,31.77329],[35.08555,31.77571],[35.09036,31.77683],[35.09649,31.77548],[35.10007,31.78005],[35.11408,31.78416],[35.11698,31.78236],[35.11807,31.77794],[35.12859,31.77798]],[[35.1292,31.77703],[35.13558,31.77788],[35.14046,31.77084],[35.14879,31.77453],[35.15331,31.77332],[35.15401,31.77039]],[[35.01199,31.77584],[35.02094,31.77579],[35.02978,31.77266],[35.05492,31.77995],[35.05842,31.77724],[35.06168,31.77818],[35.06573,31.77666]]]}},{"type":"Feature","properties":{"cls":"primary","ref":"396"},"geometry":{"type":"MultiLineString","coordinates":[[[35.15297,31.76438],[35.15821,31.76205],[35.15874,31.75844]],[[35.14617,31.76385],[35.14406,31.76445],[35.14614,31.76854],[35.14991,31.77088],[35.14943,31.76973]]]}},{"type":"Feature","properties":{"cls":"primary","ref":"398"},"geometry":{"type":"MultiLineString","coordinates":[[[35.24746,31.71234],[35.25018,31.69884],[35.24481,31.69409],[35.24971,31.68671],[35.24867,31.68301],[35.25219,31.68019],[35.2381,31.66911]],[[35.23217,31.72475],[35.2202,31.73125],[35.20694,31.73225]],[[35.20659,31.73201],[35.22022,31.73113],[35.23201,31.72465]],[[35.2416,31.72103],[35.23232,31.72457]]]}},{"type":"Feature","properties":{"cls":"primary","ref":"402"},"geometry":{"type":"MultiLineString","coordinates":[[[34.88828,32.17746],[34.89335,32.17289],[34.89459,32.14008],[34.9025,32.12925]],[[34.90263,32.12941],[34.8948,32.14],[34.89354,32.17274],[34.88831,32.17756]]]}},{"type":"Feature","properties":{"cls":"primary","ref":"406"},"geometry":{"type":"MultiLineString","coordinates":[[[34.80261,31.23028],[34.80491,31.21768],[34.80183,31.21006],[34.80533,31.1913]],[[34.79397,31.24404],[34.79771,31.24746],[34.799,31.25295],[34.79805,31.27172],[34.79221,31.28058],[34.78834,31.31102]],[[34.78816,31.31108],[34.79206,31.28055],[34.79791,31.27178],[34.79881,31.25263],[34.79753,31.24757],[34.79325,31.24384]],[[34.80543,31.19138],[34.80203,31.20942],[34.8051,31.21802],[34.80278,31.23029]]]}},{"type":"Feature","properties":{"cls":"primary","ref":"410"},"geometry":{"type":"MultiLineString","coordinates":[[[34.80169,31.89852],[34.77792,31.88759],[34.80176,31.89843]],[[34.76949,31.88282],[34.77627,31.88887],[34.77173,31.88453]],[[34.74602,31.86861],[34.75353,31.8692],[34.75905,31.87371]],[[34.76692,31.88068],[34.75406,31.8696],[34.7461,31.86871]]]}},{"type":"Feature","properties":{"cls":"primary","ref":"411"},"geometry":{"type":"MultiLineString","coordinates":[[[34.89955,31.81324],[34.89599,31.8163],[34.89532,31.82014],[34.87471,31.83124],[34.86598,31.83844],[34.8519,31.83926]],[[34.84523,31.84097],[34.8323,31.85145],[34.81721,31.85761],[34.81532,31.86495],[34.80986,31.86956],[34.78712,31.87665],[34.78219,31.88459],[34.77217,31.89134],[34.76355,31.90181],[34.77208,31.89126],[34.78209,31.88451],[34.78703,31.87657],[34.80952,31.8696],[34.81523,31.86481],[34.81692,31.85765],[34.83223,31.85135],[34.83685,31.847]],[[34.84523,31.84097],[34.8519,31.83926],[34.84523,31.84097]]]}},{"type":"Feature","properties":{"cls":"primary","ref":"412"},"geometry":{"type":"MultiLineString","coordinates":[[[34.8104,31.89858],[34.7985,31.92023],[34.79786,31.92559],[34.80264,31.95367],[34.80282,31.96678],[34.80643,31.97167],[34.81292,31.99148],[34.82055,32.00069],[34.82702,32.00498],[34.83475,32.00643],[34.85304,32.01807],[34.86907,32.02148],[34.88152,32.02641]],[[34.8802,32.02747],[34.86906,32.02165],[34.85295,32.01822],[34.83462,32.0065],[34.82698,32.0051],[34.82034,32.001],[34.81272,31.99152],[34.80624,31.97157],[34.80266,31.96666],[34.79774,31.9253],[34.79827,31.92026],[34.81139,31.8951]],[[34.81407,31.88714],[34.81793,31.88071],[34.81947,31.87076]],[[34.8196,31.87089],[34.81809,31.88053],[34.81196,31.89314]]]}},{"type":"Feature","properties":{"cls":"primary","ref":"413"},"geometry":{"type":"MultiLineString","coordinates":[[[34.66766,31.82887],[34.66075,31.83516],[34.66536,31.84397]],[[34.66496,31.84359],[34.66056,31.83533],[34.66663,31.82868]]]}},{"type":"Feature","properties":{"cls":"primary","ref":"417"},"geometry":{"type":"MultiLineString","coordinates":[[[35.29025,31.76835],[35.28858,31.78045],[35.29422,31.78896]],[[35.29301,31.78769],[35.28842,31.78032],[35.29002,31.76846]],[[35.30401,31.75483],[35.29545,31.75405],[35.30184,31.75927],[35.29633,31.76361],[35.29207,31.76292],[35.29012,31.76814]],[[35.30836,31.75569],[35.30401,31.75483],[35.30836,31.75569]]]}},{"type":"Feature","properties":{"cls":"primary","ref":"420"},"geometry":{"type":"MultiLineString","coordinates":[[[34.81699,31.91586],[34.8233,31.90916],[34.82768,31.89351],[34.83628,31.8893],[34.82773,31.89363],[34.82341,31.9092],[34.81714,31.91592]]]}},{"type":"Feature","properties":{"cls":"primary","ref":"421"},"geometry":{"type":"MultiLineString","coordinates":[[[34.86293,31.94256],[34.85554,31.94044],[34.84045,31.92394]],[[34.8405,31.92384],[34.85563,31.94036],[34.863,31.94248]]]}},{"type":"Feature","properties":{"cls":"primary","ref":"423"},"geometry":{"type":"MultiLineString","coordinates":[[[34.81363,31.9211],[34.81384,31.93608],[34.81686,31.94025]],[[34.81678,31.94034],[34.81366,31.93605],[34.81345,31.92115]]]}},{"type":"Feature","properties":{"cls":"primary","ref":"424"},"geometry":{"type":"MultiLineString","coordinates":[[[34.97602,31.83692],[34.96622,31.84773],[34.9598,31.85996],[34.95627,31.85985],[34.95331,31.86523]],[[34.88731,31.90264],[34.89338,31.90755],[34.89847,31.9078],[34.91348,31.89884],[34.91897,31.89256]],[[34.95331,31.86548],[34.92824,31.88801]]]}},{"type":"Feature","properties":{"cls":"primary","ref":"425"},"geometry":{"type":"MultiLineString","coordinates":[[[35.10383,31.80683],[35.10795,31.81523],[35.11384,31.8167],[35.11853,31.81449],[35.12408,31.82164]],[[35.09296,31.80414],[35.08788,31.79964],[35.09053,31.80059]],[[35.08259,31.80067],[35.08929,31.79941],[35.09306,31.80393]],[[35.12784,31.82464],[35.12408,31.82164],[35.12793,31.82447]]]}},{"type":"Feature","properties":{"cls":"primary","ref":"436"},"geometry":{"type":"MultiLineString","coordinates":[[[35.20595,31.80153],[35.20352,31.80416],[35.20341,31.81104],[35.19726,31.81335],[35.1947,31.81841],[35.19003,31.82072],[35.18715,31.8304],[35.17557,31.83041],[35.17349,31.83191],[35.17726,31.83745],[35.1717,31.85034],[35.17469,31.86023],[35.17212,31.86535],[35.17858,31.87142]],[[35.17843,31.87147],[35.17201,31.86554],[35.17454,31.86022],[35.17155,31.85032],[35.17716,31.83742],[35.17336,31.83193],[35.17554,31.8303],[35.18706,31.83032],[35.18996,31.82066],[35.1947,31.81828],[35.19731,31.81323],[35.20336,31.81096],[35.2033,31.80421],[35.20573,31.80157]]]}},{"type":"Feature","properties":{"cls":"primary","ref":"437"},"geometry":{"type":"MultiLineString","coordinates":[[[35.54091,31.87387],[35.54104,31.8774],[35.55099,31.88605],[35.57599,31.89021]],[[35.61732,31.8989],[35.57916,31.89051]],[[35.32553,31.80642],[35.3267,31.80574],[35.31973,31.80896],[35.30957,31.80638],[35.30503,31.81141],[35.29832,31.81233],[35.28924,31.81848],[35.27794,31.82188]],[[35.25311,31.82902],[35.25092,31.8314],[35.25697,31.83801],[35.2637,31.8393],[35.26856,31.84336],[35.268,31.84592],[35.264,31.84743],[35.26181,31.85302],[35.26573,31.85604]],[[35.27135,31.82343],[35.25588,31.82949]],[[35.26571,31.8561],[35.26176,31.85301],[35.26389,31.8474],[35.26797,31.84582],[35.26844,31.84331],[35.26382,31.83943],[35.25704,31.83819],[35.2508,31.83135],[35.25292,31.82894]]]}},{"type":"Feature","properties":{"cls":"primary","ref":"441"},"geometry":{"type":"MultiLineString","coordinates":[[[34.73479,31.99614],[34.77489,31.98068],[34.79541,31.97625],[34.8021,31.95873]],[[34.80226,31.95893],[34.79581,31.97632],[34.77503,31.98083],[34.73497,31.99632]]]}},{"type":"Feature","properties":{"cls":"primary","ref":"443"},"geometry":{"type":"MultiLineString","coordinates":[[[34.95397,31.9521],[34.94259,31.95217],[34.93745,31.95582],[34.9218,31.9586],[34.90675,31.95663]],[[34.90679,31.95654],[34.92184,31.95847],[34.93744,31.95572],[34.94216,31.95215],[34.95339,31.952]]]}},{"type":"Feature","properties":{"cls":"primary","ref":"444"},"geometry":{"type":"MultiLineString","coordinates":[[[34.95727,32.1715],[34.95329,32.16297],[34.94795,32.15797],[34.94773,32.14969],[34.93962,32.13553],[34.93742,32.12486],[34.94096,32.11636],[34.93699,32.11094],[34.93543,32.09697],[34.95131,32.08271],[34.9428,32.06403],[34.94368,32.05068],[34.95566,32.03492],[34.95142,31.98175],[34.94203,31.96408],[34.94193,31.95779],[34.93929,31.95419],[34.94208,31.95786],[34.94222,31.96413],[34.95161,31.98194],[34.95583,32.0349],[34.94378,32.0507],[34.94294,32.06399],[34.95143,32.08262],[34.93558,32.09699],[34.93727,32.1111],[34.94116,32.11627],[34.93756,32.12489],[34.93985,32.13554],[34.94747,32.14818],[34.94806,32.15791],[34.9534,32.16292],[34.9574,32.17151]],[[34.99452,32.283],[35.00347,32.28129],[35.00547,32.27736],[34.99461,32.25406],[34.99381,32.24793],[34.98411,32.23207],[34.98047,32.22046],[34.97369,32.21115],[34.97224,32.20401],[34.96229,32.19973],[34.9571,32.19146],[34.95788,32.17278]],[[34.95802,32.17279],[34.95722,32.19142],[34.96237,32.19966],[34.97221,32.20366],[34.97384,32.21109],[34.98021,32.2196],[34.98423,32.232],[34.9942,32.24847],[34.99477,32.25404],[35.00566,32.27747],[35.00385,32.28128],[34.99458,32.28312]]]}},{"type":"Feature","properties":{"cls":"primary","ref":"446"},"geometry":{"type":"MultiLineString","coordinates":[[[35.04193,32.04479],[35.0406,32.03786],[35.03221,32.03911]],[[35.05016,31.98183],[35.05348,31.98437],[35.0538,31.98804],[35.04104,31.99904],[35.03811,32.00563],[35.04038,32.01171],[35.03904,32.01613]],[[35.04184,31.96838],[35.0427,31.97667],[35.0475,31.98067]],[[35.03343,31.94014],[35.03398,31.93536],[35.027,31.93218],[35.02496,31.9292],[35.02768,31.91656],[35.02107,31.91245],[35.01658,31.91237],[35.02125,31.91239],[35.02783,31.91653],[35.02516,31.92939],[35.03465,31.93682],[35.03159,31.94832]],[[35.10656,32.09236],[35.10321,32.09052],[35.10298,32.08166],[35.09609,32.07914]],[[35.03862,32.01784],[35.03807,32.02094],[35.04038,32.02299],[35.03232,32.02901],[35.03209,32.03891]],[[35.03304,31.94113],[35.03138,31.94783],[35.04207,31.96183],[35.04248,31.96718]],[[35.05207,32.06573],[35.04051,32.06394]],[[35.09429,32.07905],[35.07873,32.0741],[35.07434,32.06958],[35.06399,32.06692]],[[35.05233,32.06581],[35.06348,32.06672]],[[35.04092,32.06307],[35.04216,32.06071],[35.03989,32.0547],[35.04226,32.05261],[35.04169,32.04921],[35.04846,32.04896],[35.04601,32.0475],[35.04889,32.04653],[35.04193,32.04503]]]}},{"type":"Feature","properties":{"cls":"primary","ref":"449"},"geometry":{"type":"MultiLineString","coordinates":[[[35.28524,31.97053],[35.2891,31.96905],[35.29157,31.97284],[35.29091,31.97706],[35.29323,31.97861],[35.2952,31.97343],[35.2972,31.97657],[35.30176,31.97583],[35.30249,31.97931],[35.31025,31.9799],[35.31843,31.97583],[35.31911,31.96745],[35.32467,31.96858],[35.32665,31.96483],[35.33048,31.96348],[35.32868,31.95739],[35.33318,31.94845],[35.33713,31.95252],[35.33983,31.94967],[35.33115,31.94394],[35.32499,31.94548],[35.33029,31.94132],[35.33065,31.93885],[35.31827,31.93339],[35.3183,31.92663]],[[35.25603,31.95678],[35.25591,31.9587],[35.26161,31.96043],[35.27031,31.96897],[35.27968,31.97049]],[[35.31806,31.92611],[35.32335,31.92214],[35.3339,31.91842],[35.34942,31.91625],[35.35127,31.91305],[35.35944,31.9146],[35.36464,31.91098],[35.37403,31.91026],[35.38292,31.91177],[35.38748,31.91789],[35.3914,31.9198],[35.40255,31.9202],[35.40983,31.92284],[35.41577,31.92151],[35.42413,31.9438],[35.43987,31.94222],[35.45241,31.94593],[35.46095,31.94524],[35.46937,31.94826]]]}},{"type":"Feature","properties":{"cls":"primary","ref":"450"},"geometry":{"type":"MultiLineString","coordinates":[[[35.1171,31.92791],[35.1213,31.93016],[35.12128,31.93428],[35.13067,31.93825]],[[35.13136,32.00987],[35.12698,32.00147],[35.12171,31.99965],[35.11711,32.00058],[35.11543,31.99588],[35.11149,31.99501],[35.10978,31.99759],[35.1038,31.99905],[35.10047,31.99704],[35.10461,31.99658],[35.1104,31.98956],[35.11696,31.98596],[35.11817,31.97907],[35.12104,31.98031],[35.13631,31.97464],[35.12947,31.96771],[35.11397,31.96139],[35.13777,31.95213],[35.13994,31.94754],[35.13758,31.94466],[35.14119,31.94001],[35.13155,31.93825]]]}},{"type":"Feature","properties":{"cls":"primary","ref":"453"},"geometry":{"type":"MultiLineString","coordinates":[[[34.90762,31.99098],[34.90878,31.98679],[34.91215,31.98481],[34.92656,31.98545],[34.94161,31.98294],[34.95133,31.98448],[34.94189,31.98303],[34.92664,31.98555],[34.91206,31.98496],[34.90825,31.98777],[34.90768,31.99112]]]}},{"type":"Feature","properties":{"cls":"primary","ref":"455"},"geometry":{"type":"MultiLineString","coordinates":[[[35.09602,31.9478],[35.10812,31.9551],[35.11776,31.95452],[35.12113,31.95599]]]}},{"type":"Feature","properties":{"cls":"primary","ref":"457"},"geometry":{"type":"MultiLineString","coordinates":[[[35.26859,31.87953],[35.29273,31.88971],[35.30619,31.88862],[35.31284,31.89101]]]}},{"type":"Feature","properties":{"cls":"primary","ref":"458"},"geometry":{"type":"MultiLineString","coordinates":[[[35.31778,31.92591],[35.31665,31.92266],[35.3188,31.91884],[35.31462,31.90817],[35.31823,31.89595],[35.31284,31.89101],[35.31874,31.88928],[35.31006,31.87943],[35.3111,31.86914],[35.31615,31.86627],[35.32128,31.86716],[35.32889,31.85675],[35.32901,31.85267],[35.33951,31.85029],[35.34506,31.83888],[35.3445,31.83558],[35.34766,31.83839],[35.35197,31.83871],[35.35473,31.83685],[35.3504,31.83409],[35.35093,31.8324]],[[35.35015,32.04123],[35.34931,32.02892],[35.3573,32.01652],[35.3485,32.00765],[35.34348,32.0055],[35.34138,32.00063],[35.33803,31.99858],[35.33919,31.99066],[35.33391,31.98273],[35.33703,31.97666],[35.33335,31.96899],[35.33947,31.95144]],[[35.35117,31.83184],[35.35191,31.82967],[35.34876,31.82842],[35.35308,31.82349],[35.35131,31.82316],[35.3534,31.81951],[35.35259,31.81665],[35.3498,31.81614]],[[35.35369,32.0731],[35.35528,32.06606],[35.3497,32.04284]]]}},{"type":"Feature","properties":{"cls":"primary","ref":"461"},"geometry":{"type":"MultiLineString","coordinates":[[[34.90805,32.02483],[34.88173,32.02634],[34.87177,32.03367],[34.83545,32.03701],[34.82553,32.03902],[34.81469,32.04437],[34.79507,32.04759],[34.78411,32.0471]],[[34.78407,32.04695],[34.79551,32.04747],[34.81558,32.04409],[34.82528,32.03899],[34.83504,32.03699],[34.87174,32.03352],[34.88137,32.02603],[34.90805,32.02475]]]}},{"type":"Feature","properties":{"cls":"primary","ref":"463"},"geometry":{"type":"MultiLineString","coordinates":[[[35.11502,31.92928],[35.10979,31.93121],[35.0985,31.94645],[35.09406,31.94785]],[[35.11541,31.92895],[35.11937,31.92628],[35.12184,31.92787],[35.12376,31.92663],[35.12591,31.92877],[35.13272,31.92329],[35.13775,31.92317],[35.13944,31.92515]],[[35.04249,31.96722],[35.05436,31.96694],[35.05419,31.95675],[35.07104,31.96194],[35.07534,31.95759],[35.08662,31.95323],[35.08945,31.94808],[35.09378,31.94789]]]}},{"type":"Feature","properties":{"cls":"primary","ref":"465"},"geometry":{"type":"MultiLineString","coordinates":[[[35.03811,32.00563],[35.06638,32.00447],[35.07843,32.01196],[35.09541,32.01107],[35.10328,32.00696],[35.11829,32.00814],[35.12347,32.01112],[35.12848,32.01072],[35.12939,32.01348],[35.13132,32.0104]],[[35.00505,32.04078],[35.0003,32.04175],[34.98523,32.03828],[34.97529,32.03816],[34.97074,32.03485],[34.96736,32.03598],[34.95797,32.03464]],[[35.03188,32.03907],[35.01491,32.03562]],[[35.22561,31.98927],[35.208,31.98864],[35.19936,31.98292],[35.19252,31.98944]],[[35.19225,31.98957],[35.17704,31.99677],[35.17319,32.00086],[35.17145,32.00744],[35.15898,32.00682],[35.15418,32.01258],[35.1493,32.01445],[35.13179,32.01016]],[[35.2277,31.98926],[35.22791,31.9937],[35.22481,31.9973],[35.22821,32.00095],[35.23225,31.99898],[35.2379,31.99997],[35.24421,31.99455],[35.24773,31.99403],[35.24958,31.99595]]]}},{"type":"Feature","properties":{"cls":"primary","ref":"466"},"geometry":{"type":"MultiLineString","coordinates":[[[35.22748,31.98872],[35.23501,31.98133],[35.23436,31.97175],[35.2283,31.97086],[35.22757,31.96383],[35.22415,31.96157],[35.22484,31.95837],[35.21788,31.95693],[35.21507,31.95264],[35.21512,31.94293],[35.22081,31.93484]],[[35.22065,31.93417],[35.22003,31.92322]],[[35.22668,31.92052],[35.2295,31.91858],[35.24164,31.91832],[35.24294,31.91075],[35.24809,31.90858],[35.24991,31.91125]]]}},{"type":"Feature","properties":{"cls":"primary","ref":"471"},"geometry":{"type":"MultiLineString","coordinates":[[[34.93349,32.06803],[34.9446,32.06872],[34.93343,32.06814]]]}},{"type":"Feature","properties":{"cls":"primary","ref":"481"},"geometry":{"type":"MultiLineString","coordinates":[[[34.8978,32.10198],[34.88907,32.09532],[34.87562,32.0908],[34.85259,32.09282],[34.82684,32.0918],[34.7936,32.07949]],[[34.79345,32.07897],[34.80918,32.08435],[34.81521,32.08861],[34.82706,32.09167],[34.85312,32.09261],[34.87569,32.09054],[34.88929,32.09527],[34.89794,32.10189]]]}},{"type":"Feature","properties":{"cls":"primary","ref":"482"},"geometry":{"type":"MultiLineString","coordinates":[[[34.82844,32.0989],[34.8244,32.12383],[34.83424,32.13425],[34.84219,32.1519],[34.8426,32.16089]],[[34.84247,32.16092],[34.84194,32.15161],[34.83308,32.13434],[34.82422,32.12398],[34.82841,32.09901]],[[34.80347,32.08285],[34.8067,32.08793],[34.82841,32.09901],[34.8109,32.09057],[34.80327,32.08387]]]}},{"type":"Feature","properties":{"cls":"primary","ref":"483"},"geometry":{"type":"MultiLineString","coordinates":[[[34.90149,32.09675],[34.91088,32.09694],[34.92573,32.10324],[34.93603,32.09462],[34.93754,32.09513],[34.92574,32.1034],[34.91046,32.09697],[34.90146,32.09687]]]}},{"type":"Feature","properties":{"cls":"primary","ref":"5"},"geometry":{"type":"MultiLineString","coordinates":[[[36.25134,33.38539],[36.24956,33.36533]],[[36.24969,33.36531],[36.25134,33.38539],[36.25482,33.39053],[36.2515,33.40585],[36.25405,33.41181]],[[36.29117,33.48036],[36.25405,33.41181],[36.29131,33.48027]],[[36.18774,33.07185],[36.18183,33.06446],[36.18182,33.05761]],[[36.22141,33.17379],[36.21458,33.14714],[36.19239,33.08478]],[[36.28813,33.48977],[36.29175,33.48316]],[[36.29135,33.48052],[36.28867,33.4903]],[[36.15485,32.804],[36.1454,32.77672]],[[36.2213,33.2514],[36.22996,33.32244],[36.23365,33.33284],[36.24446,33.34762]],[[36.24795,33.36081],[36.24844,33.35279],[36.24446,33.34762],[36.24856,33.35262],[36.24813,33.36074]],[[36.10897,32.64113],[36.11887,32.67739]],[[36.1081,32.6398],[36.10539,32.63012]],[[36.10557,32.63008],[36.1086,32.63977]],[[36.10842,32.6413],[36.12281,32.69115],[36.12092,32.70632],[36.1339,32.74365]],[[36.13609,32.74968],[36.1413,32.76487]],[[36.15889,32.81574],[36.13592,32.74972]],[[36.13585,32.74948],[36.1339,32.74365],[36.13602,32.74945]],[[36.08635,32.60543],[36.0985,32.61595]],[[36.18803,33.07269],[36.18186,33.06398],[36.18263,32.99725],[36.16306,32.87607],[36.15893,32.8394],[36.16227,32.82586],[36.15889,32.81574],[36.16272,32.82595],[36.15895,32.83901]],[[36.3497,33.54367],[36.35755,33.54828],[36.36574,33.55653],[36.37152,33.55395]],[[36.3718,33.55417],[36.36592,33.55677],[36.35734,33.54824],[36.34965,33.54376]],[[36.10664,32.62284],[36.10494,32.62025],[36.09952,32.61877],[36.0985,32.61595],[36.09975,32.61888],[36.1045,32.62016]],[[36.22294,33.17921],[36.22641,33.19236]],[[36.22641,33.19249],[36.21714,33.222]],[[36.22023,33.24633],[36.21531,33.22662],[36.21732,33.21581],[36.22623,33.19246]],[[36.18803,33.07269],[36.19239,33.08478],[36.18803,33.07269]],[[36.22023,33.24633],[36.2213,33.2514],[36.22023,33.24633]]]}},{"type":"Feature","properties":{"cls":"primary","ref":"50"},"geometry":{"type":"MultiLineString","coordinates":[[[35.73014,31.16971],[35.73984,31.16541],[35.76533,31.16595],[35.81015,31.20519],[35.83134,31.21238],[35.88244,31.21978],[35.90008,31.22699],[35.93915,31.21312],[35.99644,31.21655],[36.01041,31.22181],[36.02369,31.21805]],[[35.51919,31.2508],[35.54476,31.25216],[35.57045,31.24116],[35.57846,31.24431],[35.58163,31.25234],[35.58583,31.25455],[35.58706,31.25221],[35.59059,31.25314],[35.59326,31.25067],[35.60177,31.25594],[35.60706,31.25308],[35.61754,31.25244],[35.63035,31.2416],[35.6441,31.23587],[35.64479,31.23214],[35.65505,31.22136],[35.66559,31.20241],[35.67356,31.19856],[35.68752,31.19646],[35.69393,31.19769],[35.69735,31.18378],[35.69757,31.19289],[35.70214,31.18758],[35.70406,31.18824]],[[36.02372,31.21818],[36.01086,31.22198],[35.99637,31.21669],[35.93926,31.21325],[35.89967,31.22703],[35.88286,31.21998],[35.83155,31.21253],[35.81029,31.20538],[35.76538,31.16608],[35.73991,31.1655],[35.73024,31.16979]],[[35.70593,31.18797],[35.70931,31.18467],[35.70313,31.17952]]]}},{"type":"Feature","properties":{"cls":"primary","ref":"505"},"geometry":{"type":"MultiLineString","coordinates":[[[35.46272,32.04828],[35.45494,32.04716],[35.43738,32.05328],[35.4243,32.05141],[35.42222,32.05878],[35.4247,32.05952],[35.42842,32.057],[35.43033,32.05893],[35.428,32.06394],[35.42338,32.06609],[35.41582,32.06495],[35.4072,32.06713],[35.40336,32.06545],[35.39374,32.06558],[35.38488,32.07598],[35.38057,32.0898],[35.37405,32.08442],[35.37332,32.07468],[35.36386,32.07121],[35.35369,32.0731],[35.35279,32.08174],[35.34868,32.09098]],[[35.13871,32.10984],[35.14036,32.1095],[35.13373,32.11198]],[[35.10461,32.11738],[35.12001,32.11198],[35.1312,32.11271]],[[35.2594,32.11542],[35.25665,32.1155],[35.24972,32.12511],[35.23372,32.12617],[35.20369,32.12216],[35.19523,32.11979],[35.18108,32.11192],[35.16772,32.10918]],[[35.03433,32.11337],[35.0257,32.11622]],[[35.0006,32.10903],[35.01027,32.1144],[35.01591,32.11323],[35.02545,32.11608]],[[35.34863,32.09106],[35.33961,32.11106],[35.32807,32.12007],[35.28251,32.1199],[35.26011,32.11538]]]}},{"type":"Feature","properties":{"cls":"primary","ref":"508"},"geometry":{"type":"MultiLineString","coordinates":[[[35.38057,32.0898],[35.3819,32.09566],[35.39363,32.10638],[35.3976,32.10607],[35.40313,32.09965],[35.40727,32.09803],[35.41132,32.09865],[35.42047,32.10637],[35.42031,32.10966],[35.41337,32.11409],[35.41047,32.12082],[35.4139,32.15638],[35.41762,32.15832],[35.41928,32.1624],[35.42784,32.16484],[35.42888,32.16938],[35.43375,32.17169],[35.42983,32.17967],[35.43037,32.18748],[35.44084,32.18943],[35.45572,32.19545]]]}},{"type":"Feature","properties":{"cls":"primary","ref":"543"},"geometry":{"type":"MultiLineString","coordinates":[[[34.84638,32.20296],[34.84096,32.20911],[34.82915,32.21285]],[[34.82917,32.21264],[34.84107,32.20892],[34.84624,32.20279]],[[34.84631,32.20266],[34.84684,32.19865],[34.84662,32.20269]]]}},{"type":"Feature","properties":{"cls":"primary","ref":"548"},"geometry":{"type":"MultiLineString","coordinates":[[[35.30266,32.22395],[35.30678,32.21585]],[[35.3058,32.23745],[35.30451,32.23888],[35.3124,32.2552],[35.31957,32.25755],[35.31976,32.25999],[35.32441,32.25763],[35.32986,32.25781],[35.34526,32.25994],[35.35299,32.26284]],[[35.30727,32.21358],[35.29859,32.20194],[35.29059,32.19607]],[[35.28968,32.19538],[35.27383,32.17846]]]}},{"type":"Feature","properties":{"cls":"primary","ref":"55"},"geometry":{"type":"MultiLineString","coordinates":[[[33.83572,31.10109],[33.83866,31.07609],[33.84513,31.05926],[33.85427,31.03997],[33.86616,31.03051],[33.87108,31.01447],[33.88459,30.99141],[33.88301,30.98591]],[[33.83099,31.14381],[33.83547,31.10198]]]}},{"type":"Feature","properties":{"cls":"primary","ref":"551"},"geometry":{"type":"MultiLineString","coordinates":[[[34.96179,32.2076],[34.97292,32.20599],[34.96183,32.20773]]]}},{"type":"Feature","properties":{"cls":"primary","ref":"552"},"geometry":{"type":"MultiLineString","coordinates":[[[35.25927,32.11574],[35.25547,32.1243],[35.25806,32.1367]],[[35.25801,32.14876],[35.26181,32.16239]],[[35.26166,32.16245],[35.25786,32.14881]],[[35.25782,32.14867],[35.25797,32.13724]],[[35.25814,32.13723],[35.25797,32.14866]]]}},{"type":"Feature","properties":{"cls":"primary","ref":"553"},"geometry":{"type":"MultiLineString","coordinates":[[[34.92506,32.26155],[34.9035,32.25968],[34.89598,32.25617],[34.88692,32.25485],[34.85864,32.2564],[34.8559,32.25768],[34.85547,32.26036],[34.86211,32.27052],[34.8533,32.27461]],[[34.85325,32.27444],[34.86195,32.27064],[34.85532,32.26026],[34.8558,32.25762],[34.85862,32.2563],[34.88693,32.25472],[34.89604,32.25604],[34.90353,32.25956],[34.92503,32.2614]],[[34.93017,32.26087],[34.94489,32.2616]]]}},{"type":"Feature","properties":{"cls":"primary","ref":"554"},"geometry":{"type":"MultiLineString","coordinates":[[[34.97478,32.23336],[34.98423,32.232],[34.97483,32.23347]],[[34.89133,32.17523],[34.93794,32.2225]],[[34.9378,32.22258],[34.89124,32.17533]],[[34.93808,32.22266],[34.94325,32.2288]],[[34.94312,32.22888],[34.93794,32.22274]]]}},{"type":"Feature","properties":{"cls":"primary","ref":"555"},"geometry":{"type":"MultiLineString","coordinates":[[[35.26326,32.16522],[35.27229,32.17572]],[[35.33164,32.22931],[35.33002,32.22323],[35.33522,32.22233],[35.33418,32.21819],[35.33862,32.21334],[35.34348,32.21218],[35.34345,32.20693],[35.34652,32.20349],[35.33482,32.19856],[35.32824,32.20196],[35.32141,32.20262],[35.31792,32.19899],[35.31769,32.19299],[35.31433,32.18982],[35.31385,32.18509],[35.30721,32.17959],[35.29309,32.1772],[35.28188,32.17956],[35.27791,32.17599],[35.27341,32.17595]]]}},{"type":"Feature","properties":{"cls":"primary","ref":"557"},"geometry":{"type":"MultiLineString","coordinates":[[[35.04093,32.28008],[35.05676,32.27671],[35.06691,32.27739]],[[35.06725,32.27733],[35.10177,32.26731],[35.10892,32.27344],[35.12525,32.27882],[35.13036,32.2841]],[[35.03625,32.28038],[35.04093,32.28008],[35.03631,32.28058]],[[35.00909,32.28343],[35.02115,32.27969],[35.03536,32.28051]]]}},{"type":"Feature","properties":{"cls":"primary","ref":"562"},"geometry":{"type":"MultiLineString","coordinates":[[[34.93323,32.29947],[34.93118,32.28815]],[[34.93107,32.28737],[34.92559,32.28145],[34.91886,32.26642]],[[34.93821,32.30652],[34.93342,32.29983]],[[34.94808,32.31115],[34.93844,32.30674]]]}},{"type":"Feature","properties":{"cls":"primary","ref":"57"},"geometry":{"type":"MultiLineString","coordinates":[[[35.35299,32.26284],[35.35606,32.26283],[35.35943,32.25917],[35.36931,32.26208],[35.3812,32.24924],[35.40103,32.23778],[35.42378,32.22947],[35.42641,32.2234],[35.4322,32.2197],[35.43585,32.21301],[35.4444,32.20735],[35.44912,32.20652]],[[35.12497,32.30421],[35.13176,32.30146],[35.13591,32.28859]],[[35.11349,32.30922],[35.11739,32.30579],[35.12464,32.30428]],[[35.09162,32.31752],[35.08459,32.31632],[35.04329,32.31993]],[[35.09158,32.3173],[35.0966,32.31194],[35.11349,32.30922],[35.09662,32.31203],[35.09174,32.31736]],[[35.04321,32.31975],[35.06485,32.31913],[35.08459,32.31621],[35.09149,32.31741]]]}},{"type":"Feature","properties":{"cls":"primary","ref":"574"},"geometry":{"type":"MultiLineString","coordinates":[[[35.02246,32.44209],[35.02121,32.44594],[35.02246,32.44209]],[[35.04363,32.38915],[35.03661,32.37453]],[[35.04648,32.39509],[35.04926,32.39871],[35.04894,32.40248]],[[35.0195,32.46535],[35.02116,32.47478],[35.01701,32.47787]],[[35.01693,32.4778],[35.02099,32.47479],[35.01973,32.46206]],[[35.01973,32.45638],[35.02013,32.4488],[35.01965,32.45335]],[[35.01973,32.45638],[35.01973,32.46206],[35.01973,32.45638]]]}},{"type":"Feature","properties":{"cls":"primary","ref":"576"},"geometry":{"type":"MultiLineString","coordinates":[[[35.06848,32.24422],[35.06407,32.23388],[35.04974,32.23301],[35.04643,32.23054],[35.04795,32.22489],[35.03687,32.22114],[35.03385,32.21689],[35.03308,32.20564],[35.04188,32.20359],[35.03958,32.20124],[35.04059,32.19988],[35.04878,32.19894],[35.0523,32.19663],[35.04494,32.19086],[35.0467,32.18668],[35.05606,32.18231]],[[35.04231,32.27933],[35.04513,32.27526],[35.05425,32.26916],[35.05318,32.26619],[35.06147,32.2566],[35.07003,32.25232],[35.07131,32.24552],[35.06861,32.24439]],[[35.04172,32.28072],[35.03659,32.28549],[35.03881,32.28859]],[[35.02959,32.30366],[35.03649,32.29435]],[[35.03378,32.30717],[35.03593,32.31093],[35.03368,32.30724]],[[35.03891,32.28944],[35.02971,32.30368]]]}},{"type":"Feature","properties":{"cls":"primary","ref":"578"},"geometry":{"type":"MultiLineString","coordinates":[[[35.50806,32.3708],[35.51489,32.36188],[35.51295,32.35911],[35.51011,32.32798],[35.49826,32.32107],[35.4976,32.31592],[35.49299,32.31193],[35.49553,32.30475],[35.48929,32.29863],[35.49145,32.29328],[35.48871,32.28715],[35.49493,32.27207],[35.48521,32.26603],[35.48038,32.2547],[35.47626,32.25201],[35.44505,32.24541],[35.44225,32.23874],[35.44932,32.22349],[35.45074,32.20919],[35.44912,32.20652]]]}},{"type":"Feature","properties":{"cls":"primary","ref":"581"},"geometry":{"type":"MultiLineString","coordinates":[[[35.0203,32.4434],[35.02206,32.44384],[35.01847,32.44268],[35.01675,32.43263],[35.01126,32.42361]],[[35.0062,32.39719],[35.00828,32.41433]],[[35.01119,32.4234],[35.00812,32.4146]],[[34.90567,32.39371],[34.92193,32.3931]],[[34.94377,32.39081],[34.96574,32.38782],[34.97201,32.38411],[34.98624,32.382]],[[34.99437,32.38087],[35.00316,32.3797],[35.0053,32.38146]],[[35.00465,32.38234],[35.00505,32.38723],[35.00445,32.38195]]]}},{"type":"Feature","properties":{"cls":"primary","ref":"582"},"geometry":{"type":"MultiLineString","coordinates":[[[35.00445,32.38195],[35.00261,32.36391],[35.00667,32.35022],[35.00279,32.36426],[35.00461,32.38187]]]}},{"type":"Feature","properties":{"cls":"primary","ref":"584"},"geometry":{"type":"MultiLineString","coordinates":[[[35.03423,32.33004],[35.03681,32.33497],[35.04411,32.33907],[35.04675,32.34386],[35.05206,32.34564],[35.05811,32.34135],[35.06834,32.35073]],[[35.06973,32.3529],[35.06414,32.35994],[35.0648,32.36264],[35.06751,32.3615],[35.06917,32.36286],[35.07046,32.36625],[35.06927,32.37239],[35.06495,32.37544],[35.06496,32.38495],[35.06656,32.38504]],[[35.06664,32.39672],[35.06729,32.38569]]]}},{"type":"Feature","properties":{"cls":"primary","ref":"585"},"geometry":{"type":"MultiLineString","coordinates":[[[35.21078,32.41525],[35.20716,32.41668],[35.20292,32.42352],[35.18812,32.43431],[35.17908,32.43258],[35.16916,32.43477],[35.14798,32.43407],[35.14099,32.43028],[35.12399,32.42877],[35.1084,32.42324],[35.09624,32.4223],[35.08932,32.41636],[35.08426,32.41547]],[[35.22699,32.40809],[35.21523,32.41227]],[[35.21523,32.41227],[35.21078,32.41525],[35.21523,32.41227]]]}},{"type":"Feature","properties":{"cls":"primary","ref":"588"},"geometry":{"type":"MultiLineString","coordinates":[[[35.34216,32.28958],[35.35994,32.29691]],[[35.28864,32.40595],[35.29225,32.4043],[35.30787,32.40728],[35.31673,32.40324],[35.32304,32.38548],[35.34073,32.37247],[35.34779,32.35406],[35.35638,32.34651],[35.36025,32.33982]],[[35.34513,32.26653],[35.34161,32.27201],[35.34176,32.28121],[35.33864,32.28478],[35.34231,32.28682],[35.34156,32.28933]],[[35.36674,32.3255],[35.36227,32.33236]],[[35.36375,32.30319],[35.36496,32.30887],[35.37032,32.31173]],[[35.37021,32.31184],[35.36473,32.30869],[35.36435,32.29831]],[[35.27235,32.41244],[35.26689,32.42108],[35.26685,32.43089]],[[35.26673,32.43083],[35.26678,32.42114],[35.27229,32.41233]],[[35.27242,32.41233],[35.27567,32.41157],[35.28086,32.41353]],[[35.28083,32.41361],[35.27572,32.41164],[35.2724,32.41243]],[[35.36215,32.33238],[35.36664,32.32546]]]}},{"type":"Feature","properties":{"cls":"primary","ref":"596"},"geometry":{"type":"MultiLineString","coordinates":[[[35.15476,32.49564],[35.14708,32.49215],[35.14144,32.49184],[35.13931,32.48833],[35.14808,32.48008],[35.14758,32.47325],[35.14206,32.46597],[35.12872,32.4618],[35.12188,32.46193],[35.11912,32.45367]],[[35.22414,32.52402],[35.21092,32.51004],[35.20033,32.5064],[35.19399,32.49799],[35.17555,32.4982],[35.16457,32.50219],[35.16171,32.49939]],[[35.1169,32.44984],[35.11902,32.44388],[35.12984,32.43739],[35.14011,32.43586],[35.14372,32.43165]],[[35.11912,32.45367],[35.1169,32.44984],[35.11912,32.45367]]]}},{"type":"Feature","properties":{"cls":"primary","ref":"60"},"geometry":{"type":"MultiLineString","coordinates":[[[35.45816,30.91627],[35.48103,30.90656],[35.48061,30.90196],[35.4857,30.89032],[35.48373,30.88913],[35.48284,30.88367],[35.4873,30.87338],[35.48925,30.87362],[35.48874,30.86958],[35.49868,30.8669],[35.50972,30.87361],[35.51256,30.87149],[35.51376,30.86632],[35.51751,30.86496],[35.51568,30.86112],[35.51811,30.85975],[35.5174,30.85795],[35.52384,30.85296],[35.52225,30.86512],[35.52541,30.86221],[35.52537,30.86456],[35.52938,30.86384],[35.55344,30.85365],[35.563,30.84145],[35.57401,30.83869],[35.57948,30.8297],[35.58183,30.82106],[35.5868,30.81798]],[[35.86699,30.68754],[35.84393,30.70948],[35.8429,30.71687],[35.83804,30.72431],[35.82364,30.72974]],[[35.82052,30.73058],[35.81276,30.73451],[35.79454,30.73629],[35.77934,30.74046],[35.76801,30.75573],[35.76046,30.76057],[35.75293,30.7706],[35.74876,30.77126],[35.7462,30.77731],[35.73238,30.78422],[35.72149,30.79566],[35.71581,30.79748],[35.71297,30.79589],[35.70051,30.79741],[35.6866,30.80119],[35.67078,30.81177],[35.66533,30.81929],[35.64567,30.8294]],[[35.64237,30.83756],[35.64567,30.8294],[35.64261,30.83762]],[[35.64252,30.83787],[35.63404,30.84607],[35.63056,30.85244]],[[35.26535,32.43027],[35.24875,32.42471],[35.23335,32.42413],[35.22717,32.40816]],[[35.28623,32.44037],[35.2748,32.43813],[35.26753,32.43162]],[[35.3041,32.46883],[35.30025,32.47791]],[[35.30012,32.47788],[35.30396,32.46882]],[[35.29571,32.44658],[35.28623,32.44037],[35.29581,32.4465]]]}},{"type":"Feature","properties":{"cls":"primary","ref":"600"},"geometry":{"type":"MultiLineString","coordinates":[[[35.28885,32.67548],[35.28622,32.67414],[35.2883,32.67657],[35.28562,32.68187]],[[35.28566,32.68225],[35.28941,32.68148],[35.29159,32.69042]],[[35.29143,32.6904],[35.2893,32.68154],[35.28568,32.68243]]]}},{"type":"Feature","properties":{"cls":"primary","ref":"611"},"geometry":{"type":"MultiLineString","coordinates":[[[35.11859,32.45256],[35.10046,32.45316],[35.0851,32.4605],[35.0635,32.45673],[35.05898,32.45844]]]}},{"type":"Feature","properties":{"cls":"primary","ref":"650"},"geometry":{"type":"MultiLineString","coordinates":[[[34.96784,32.46595],[34.96242,32.45182]]]}},{"type":"Feature","properties":{"cls":"primary","ref":"651"},"geometry":{"type":"MultiLineString","coordinates":[[[34.96351,32.4798],[34.9726,32.48109]],[[34.91352,32.48367],[34.92134,32.48006],[34.96351,32.4798],[34.92165,32.48017],[34.91365,32.48379]]]}},{"type":"Feature","properties":{"cls":"primary","ref":"652"},"geometry":{"type":"MultiLineString","coordinates":[[[34.94585,32.52776],[34.94602,32.53156],[34.95342,32.54213]],[[34.95361,32.54238],[34.95789,32.54861],[34.95707,32.55303]],[[34.96959,32.48736],[34.95732,32.51062]],[[34.9606,32.5725],[34.96507,32.57572],[34.96331,32.57775]]]}},{"type":"Feature","properties":{"cls":"primary","ref":"653"},"geometry":{"type":"MultiLineString","coordinates":[[[35.00111,32.51861],[35.00894,32.52318],[35.02959,32.52504]],[[35.00094,32.51843],[34.96695,32.51491],[34.95741,32.51085]]]}},{"type":"Feature","properties":{"cls":"primary","ref":"654"},"geometry":{"type":"MultiLineString","coordinates":[[[34.99246,32.5173],[34.98021,32.5307]],[[34.96693,32.54428],[34.95742,32.55144]]]}},{"type":"Feature","properties":{"cls":"primary","ref":"667"},"geometry":{"type":"MultiLineString","coordinates":[[[35.48597,32.4321],[35.4731,32.43373],[35.45497,32.42822],[35.44218,32.42833],[35.44122,32.43532],[35.43238,32.43721],[35.43409,32.44192],[35.43707,32.44309],[35.4352,32.44775],[35.42812,32.44994],[35.42761,32.4567],[35.43229,32.46245],[35.4269,32.46868],[35.42556,32.47501],[35.42069,32.47742],[35.41818,32.48361],[35.41327,32.48566],[35.41804,32.48885],[35.41588,32.49001],[35.41704,32.49333],[35.41301,32.49823],[35.4158,32.50158],[35.41077,32.51033],[35.39402,32.5157],[35.39167,32.5187],[35.38411,32.51737],[35.38064,32.52206],[35.37297,32.52481],[35.36858,32.53254],[35.36558,32.53057],[35.35102,32.54342],[35.34546,32.54568],[35.34062,32.54539],[35.33438,32.54862],[35.33337,32.55445]]]}},{"type":"Feature","properties":{"cls":"primary","ref":"669"},"geometry":{"type":"MultiLineString","coordinates":[[[35.49726,32.4754],[35.48358,32.47678],[35.4804,32.48463],[35.46384,32.49673],[35.46198,32.50662],[35.45093,32.50728],[35.43701,32.51675],[35.43578,32.52248],[35.42985,32.52436],[35.42927,32.52688],[35.4366,32.54129]]]}},{"type":"Feature","properties":{"cls":"primary","ref":"671"},"geometry":{"type":"MultiLineString","coordinates":[[[35.2787,32.60305],[35.25842,32.59927],[35.27875,32.60287]]]}},{"type":"Feature","properties":{"cls":"primary","ref":"672"},"geometry":{"type":"MultiLineString","coordinates":[[[35.03934,32.73444],[35.03658,32.73548],[35.03646,32.74074],[35.03162,32.74638],[35.03139,32.75011],[35.02093,32.75883]],[[35.0209,32.75902],[35.00792,32.76854],[35.00442,32.77379],[34.98792,32.78304],[34.98568,32.7864],[34.98674,32.78988]],[[34.98651,32.78989],[34.98553,32.78638],[34.98801,32.7828],[34.99513,32.77777],[34.99796,32.77834],[35.0208,32.75897]],[[34.96436,32.81583],[34.95634,32.81282]],[[34.96689,32.81357],[34.96799,32.81149],[34.97731,32.80794],[34.9671,32.81365]],[[34.98663,32.79015],[34.98385,32.80164],[34.98712,32.80395]],[[34.98528,32.80443],[34.98712,32.80395],[34.98371,32.8015],[34.98648,32.79006]],[[35.06095,32.72158],[35.06965,32.71414],[35.06715,32.70742],[35.06394,32.70599]],[[35.03947,32.73436],[35.04893,32.73255],[35.05861,32.72371]],[[35.08374,32.61172],[35.08461,32.5994],[35.07895,32.58279],[35.07228,32.57209],[35.07688,32.57221],[35.08039,32.56441],[35.07875,32.55637]],[[35.06595,32.68081],[35.05626,32.6763],[35.05468,32.67323],[35.05591,32.66925],[35.05333,32.66662],[35.05422,32.663],[35.06265,32.65358],[35.05635,32.645],[35.06376,32.63678]],[[35.06585,32.63608],[35.07616,32.63165]],[[34.95636,32.81269],[34.96429,32.81574]],[[35.07974,32.6237],[35.07486,32.6333],[35.06594,32.63626]],[[35.08298,32.61404],[35.07974,32.6237],[35.081,32.61746]]]}},{"type":"Feature","properties":{"cls":"primary","ref":"673"},"geometry":{"type":"MultiLineString","coordinates":[[[35.32167,32.62632],[35.30001,32.6154]],[[35.30011,32.61528],[35.31686,32.6228],[35.32463,32.62887],[35.33466,32.63067],[35.3385,32.63859],[35.33484,32.63087],[35.32514,32.62916],[35.32176,32.62635]]]}},{"type":"Feature","properties":{"cls":"primary","ref":"675"},"geometry":{"type":"MultiLineString","coordinates":[[[35.31539,32.55889],[35.31164,32.56099],[35.28038,32.56293],[35.26401,32.56635]],[[35.31974,32.55784],[35.31539,32.55889],[35.34003,32.55351],[35.35405,32.56018]],[[35.36011,32.55855],[35.35405,32.56018],[35.36073,32.55827]],[[35.26239,32.56674],[35.25334,32.56922],[35.24965,32.57315]],[[35.24892,32.57447],[35.24,32.59125]]]}},{"type":"Feature","properties":{"cls":"primary","ref":"7"},"geometry":{"type":"MultiLineString","coordinates":[[[37.22947,34.22738],[37.21826,34.19947],[37.15038,34.15457],[37.1278,34.11569],[37.10247,34.09613],[37.0581,34.05314],[37.03433,34.04179],[37.01768,34.03852],[36.97394,34.01256],[36.96087,34.001],[36.94623,33.98198],[36.9031,33.94103],[36.89509,33.91493],[36.88564,33.90009],[36.83395,33.88772],[36.8109,33.87009],[36.77124,33.85178],[36.7388,33.81356],[36.74291,33.80849]],[[35.93458,33.19923],[35.95987,33.20683],[35.96455,33.22223]],[[36.16601,33.44516],[36.13718,33.40798],[36.12623,33.39846],[36.11921,33.37959],[36.10187,33.36263],[36.08796,33.33866],[36.07264,33.32339],[36.0653,33.32132]],[[36.06532,33.32124],[36.07275,33.32335],[36.08801,33.33863],[36.10192,33.3626],[36.1193,33.37955],[36.12633,33.3984],[36.13724,33.40795],[36.16614,33.44513]],[[35.91852,33.19306],[35.90871,33.19007],[35.89567,33.18136]],[[36.01354,33.27836],[35.97753,33.25203],[35.97612,33.24375],[35.97789,33.23726],[35.97175,33.23354],[35.96565,33.22496],[35.95988,33.20718],[35.94412,33.20297],[35.94033,33.20011],[35.92859,33.19832],[35.92141,33.19356],[35.90882,33.19],[35.89574,33.18129]],[[35.87845,33.17318],[35.89562,33.18122]],[[35.86023,33.16347],[35.8714,33.16926]],[[35.87128,33.16934],[35.85487,33.16031],[35.85277,33.15171],[35.8441,33.13833]],[[35.89557,33.18127],[35.87835,33.1733]],[[36.62418,33.74095],[36.61171,33.7387],[36.60587,33.73582]],[[36.63563,33.74587],[36.6494,33.7502],[36.66719,33.76688],[36.71467,33.79827],[36.73123,33.80345]],[[36.06473,33.32124],[36.05907,33.3203],[36.044,33.31045],[36.04175,33.30638],[36.0244,33.2944],[36.02369,33.29046]],[[36.01354,33.27836],[36.02381,33.28574],[36.02369,33.29046],[36.0238,33.28586],[36.01354,33.27836]]]}},{"type":"Feature","properties":{"cls":"primary","ref":"700"},"geometry":{"type":"MultiLineString","coordinates":[[[35.30485,32.71042],[35.29901,32.71582]],[[35.29881,32.71636],[35.29443,32.72071],[35.28973,32.72165]],[[35.29868,32.71631],[35.2944,32.72061],[35.28534,32.72431]]]}},{"type":"Feature","properties":{"cls":"primary","ref":"705"},"geometry":{"type":"MultiLineString","coordinates":[[[35.01141,32.76704],[35.01563,32.76623],[35.01788,32.77037],[35.02352,32.77017],[35.02265,32.76651],[35.02469,32.76415],[35.03422,32.76536],[35.04118,32.76234],[35.05104,32.76838]],[[35.05097,32.76846],[35.04118,32.76247],[35.0343,32.76544],[35.02455,32.76434],[35.02355,32.77027],[35.01778,32.77048],[35.01526,32.76627],[35.01129,32.76725]]]}},{"type":"Feature","properties":{"cls":"primary","ref":"716"},"geometry":{"type":"MultiLineString","coordinates":[[[35.39895,32.5798],[35.39394,32.60717],[35.39828,32.61482],[35.40069,32.6253],[35.39755,32.63336]],[[35.3832,32.55551],[35.39233,32.57546],[35.39725,32.57768]],[[35.39574,32.63534],[35.38456,32.63965],[35.37626,32.64044],[35.37363,32.64848]]]}},{"type":"Feature","properties":{"cls":"primary","ref":"717"},"geometry":{"type":"MultiLineString","coordinates":[[[35.43541,32.5864],[35.42302,32.58894],[35.39948,32.57841]]]}},{"type":"Feature","properties":{"cls":"primary","ref":"721"},"geometry":{"type":"MultiLineString","coordinates":[[[34.9567,32.71103],[34.95223,32.71125],[34.96925,32.71055]],[[35.03936,32.73434],[35.03643,32.73352],[35.03217,32.7357],[35.02432,32.73316],[35.02285,32.7356],[35.01505,32.73327],[35.01218,32.72834],[35.01534,32.72743],[35.0102,32.7273],[35.00863,32.72505],[35.00208,32.72389],[35.00302,32.72105],[34.99478,32.71729],[34.99404,32.71492],[34.9706,32.7141]]]}},{"type":"Feature","properties":{"cls":"primary","ref":"722"},"geometry":{"type":"MultiLineString","coordinates":[[[35.10129,32.65725],[35.10845,32.667],[35.10821,32.6724],[35.12417,32.6861]],[[35.1078,32.67215],[35.10811,32.66689],[35.10108,32.65731]],[[35.1307,32.69485],[35.12215,32.68299],[35.10776,32.67254]]]}},{"type":"Feature","properties":{"cls":"primary","ref":"749"},"geometry":{"type":"MultiLineString","coordinates":[[[34.4526,31.44789],[34.45082,31.44968],[34.45233,31.45345],[34.44278,31.45925],[34.42363,31.47708],[34.43162,31.46955]]]}},{"type":"Feature","properties":{"cls":"primary","ref":"752"},"geometry":{"type":"MultiLineString","coordinates":[[[35.07059,32.75307],[35.06685,32.75151],[35.06199,32.75479],[35.05049,32.76898],[35.03282,32.78254],[35.02744,32.78956]],[[35.02618,32.79102],[35.03266,32.78245],[35.05016,32.76906],[35.06198,32.75464],[35.06671,32.75142],[35.07078,32.75292]]]}},{"type":"Feature","properties":{"cls":"primary","ref":"754"},"geometry":{"type":"MultiLineString","coordinates":[[[35.33449,32.74098],[35.32579,32.73517]],[[35.32568,32.7353],[35.33778,32.74371],[35.33752,32.74815],[35.34318,32.75293]],[[35.30543,32.70999],[35.31081,32.71365],[35.31266,32.71171],[35.31562,32.71257],[35.31217,32.71931],[35.31548,32.72205]]]}},{"type":"Feature","properties":{"cls":"primary","ref":"762"},"geometry":{"type":"MultiLineString","coordinates":[[[35.10451,32.76073],[35.11478,32.75747],[35.12996,32.74148],[35.11478,32.75747]],[[35.09222,32.7596],[35.08852,32.76222],[35.09211,32.75946]],[[35.10391,32.76082],[35.09233,32.75938],[35.09552,32.75851],[35.10395,32.76069]]]}},{"type":"Feature","properties":{"cls":"primary","ref":"767"},"geometry":{"type":"MultiLineString","coordinates":[[[35.56859,32.72119],[35.56516,32.72183],[35.56003,32.71854],[35.55845,32.72325],[35.55387,32.72142],[35.55305,32.71868],[35.54701,32.71478]],[[35.50649,32.70381],[35.51077,32.70629],[35.51353,32.71125],[35.52324,32.71544],[35.52992,32.71634],[35.54683,32.71442]],[[35.42065,32.69044],[35.42875,32.69328],[35.43063,32.69845]],[[35.50392,32.70645],[35.49697,32.71532],[35.49219,32.71442],[35.49052,32.71201],[35.47376,32.71612],[35.47266,32.71426],[35.46579,32.71608]],[[35.43847,32.71782],[35.43181,32.70656],[35.43107,32.69992]],[[35.46515,32.71638],[35.44635,32.72022]]]}},{"type":"Feature","properties":{"cls":"primary","ref":"768"},"geometry":{"type":"MultiLineString","coordinates":[[[35.54026,32.73644],[35.54666,32.72698],[35.54662,32.71472]],[[35.53799,32.75178],[35.54116,32.73986],[35.54026,32.73644],[35.54064,32.74215]],[[35.5081,32.77174],[35.52316,32.76799],[35.53545,32.75894],[35.53723,32.75454]],[[35.50562,32.77246],[35.50209,32.77396],[35.49725,32.78142],[35.50181,32.77414],[35.50555,32.77223]]]}},{"type":"Feature","properties":{"cls":"primary","ref":"772"},"geometry":{"type":"MultiLineString","coordinates":[[[35.07135,32.80932],[35.07566,32.80209]],[[35.07773,32.75979],[35.07811,32.75738],[35.07705,32.78423]],[[35.07594,32.80213],[35.07152,32.80945]],[[35.07572,32.80179],[35.07678,32.79446]],[[35.07718,32.78735],[35.07705,32.78423],[35.07711,32.78967]],[[35.07711,32.78967],[35.07678,32.79446],[35.07711,32.78967]]]}},{"type":"Feature","properties":{"cls":"primary","ref":"780"},"geometry":{"type":"MultiLineString","coordinates":[[[35.10471,32.81239],[35.10397,32.80463]],[[35.10396,32.80444],[35.10202,32.7922]],[[35.10413,32.8046],[35.1049,32.81238]],[[35.10408,32.80443],[35.10206,32.79708],[35.10211,32.76916]]]}},{"type":"Feature","properties":{"cls":"primary","ref":"781"},"geometry":{"type":"MultiLineString","coordinates":[[[35.09974,32.81291],[35.07755,32.81752]],[[35.07745,32.81744],[35.09966,32.81254]],[[35.16323,32.8243],[35.15336,32.82393]],[[35.14923,32.82243],[35.13701,32.82436]],[[35.12644,32.82251],[35.11602,32.82038],[35.10473,32.81249]],[[35.10473,32.81249],[35.11615,32.82034],[35.12645,32.82226]],[[35.1648,32.82484],[35.18077,32.82973]],[[35.18078,32.82993],[35.1647,32.82498]],[[35.23587,32.83155],[35.22611,32.83443],[35.22178,32.83235],[35.21687,32.83423]],[[35.10016,32.81285],[35.10473,32.81249],[35.10013,32.81252]],[[35.13713,32.82422],[35.14921,32.8222]],[[35.20118,32.8278],[35.19448,32.83165],[35.18581,32.83196]],[[35.18585,32.83183],[35.19456,32.83156],[35.20108,32.82763]],[[35.20137,32.82757],[35.21659,32.83427]]]}},{"type":"Feature","properties":{"cls":"primary","ref":"784"},"geometry":{"type":"MultiLineString","coordinates":[[[35.25315,32.80476],[35.25076,32.78511],[35.24474,32.77914]],[[35.28024,32.92356],[35.28067,32.91917],[35.27649,32.9093],[35.27234,32.90318],[35.26742,32.90101],[35.2676,32.89803],[35.26345,32.89217],[35.25865,32.88962]],[[35.24828,32.83704],[35.24061,32.83831],[35.23589,32.83154]],[[35.23574,32.83132],[35.22798,32.8273],[35.22714,32.8236],[35.22893,32.82108]],[[35.26686,32.85803],[35.26307,32.86154],[35.26844,32.86281],[35.26081,32.87065],[35.26036,32.88128],[35.25637,32.88816]],[[35.26206,32.8432],[35.26698,32.84599],[35.27045,32.84549],[35.26735,32.85041],[35.26974,32.85548],[35.26686,32.85803],[35.26972,32.85465]],[[35.24969,32.83678],[35.25816,32.83961]],[[35.24408,32.81157],[35.23443,32.81438],[35.23098,32.81903],[35.22964,32.81643],[35.22893,32.82108],[35.2297,32.81737]],[[35.24158,32.77643],[35.23452,32.76785],[35.22802,32.76802],[35.23009,32.76736]],[[35.25198,32.81024],[35.25218,32.78984],[35.25038,32.78393],[35.24484,32.77905]],[[35.25201,32.81049],[35.24408,32.81157],[35.25187,32.8104]]]}},{"type":"Feature","properties":{"cls":"primary","ref":"785"},"geometry":{"type":"MultiLineString","coordinates":[[[35.38613,32.81271],[35.39509,32.81172]]]}},{"type":"Feature","properties":{"cls":"primary","ref":"789"},"geometry":{"type":"MultiLineString","coordinates":[[[35.71262,32.77881],[35.69838,32.78647],[35.69051,32.79917]],[[35.68915,32.80069],[35.67374,32.80747],[35.67224,32.81141],[35.67516,32.81382],[35.68221,32.8123],[35.68826,32.81605],[35.69462,32.81638],[35.69531,32.82016],[35.67621,32.82135],[35.6748,32.82344],[35.67655,32.82945],[35.6698,32.82348],[35.65042,32.82693]]]}},{"type":"Feature","properties":{"cls":"primary","ref":"804"},"geometry":{"type":"MultiLineString","coordinates":[[[35.33649,32.86207],[35.33644,32.87767],[35.34517,32.88229],[35.351,32.88871],[35.35926,32.89226]],[[35.33747,32.8475],[35.3409,32.83717]],[[35.3654,32.89681],[35.37174,32.89959],[35.37313,32.91391]],[[35.36847,32.91911],[35.36488,32.92429],[35.36823,32.93184]]]}},{"type":"Feature","properties":{"cls":"primary","ref":"805"},"geometry":{"type":"MultiLineString","coordinates":[[[35.34755,32.86172],[35.3562,32.8604]],[[35.18374,32.89322],[35.21509,32.88351]],[[35.31662,32.85926],[35.32646,32.8566]],[[35.24649,32.87273],[35.25502,32.86881],[35.25757,32.86244],[35.26298,32.86153]],[[35.21668,32.88298],[35.23602,32.87442],[35.24917,32.87291],[35.25516,32.8688],[35.2576,32.86252],[35.26303,32.86163]],[[35.28514,32.86544],[35.27659,32.86437],[35.28515,32.86535]],[[35.40041,32.85728],[35.39177,32.85978],[35.38982,32.8548],[35.38533,32.85381],[35.38279,32.85741],[35.37656,32.86056]],[[35.37651,32.86041],[35.38274,32.85737],[35.38532,32.85375],[35.38987,32.85476],[35.3918,32.85972],[35.4004,32.85717]]]}},{"type":"Feature","properties":{"cls":"primary","ref":"806"},"geometry":{"type":"MultiLineString","coordinates":[[[35.41554,32.89953],[35.41117,32.90711],[35.41797,32.92208]],[[35.40791,32.88216],[35.40094,32.87439],[35.40083,32.85923]],[[35.40047,32.85711],[35.39908,32.85167],[35.40093,32.84564],[35.39797,32.83909]],[[35.39795,32.83886],[35.39627,32.83451],[35.39783,32.82917],[35.40794,32.82983]],[[35.41553,32.89912],[35.41341,32.89343],[35.40778,32.89039],[35.40876,32.88771]],[[35.41789,32.92213],[35.41107,32.90692],[35.41538,32.89949]]]}},{"type":"Feature","properties":{"cls":"primary","ref":"807"},"geometry":{"type":"MultiLineString","coordinates":[[[35.42518,32.88118],[35.41175,32.88711]],[[35.4351,32.87806],[35.45208,32.8743],[35.45356,32.86896]],[[35.50184,32.83098],[35.48433,32.84909],[35.47484,32.85537],[35.46576,32.85791],[35.45821,32.86371]],[[35.50201,32.8309],[35.5106,32.82689]]]}},{"type":"Feature","properties":{"cls":"primary","ref":"808"},"geometry":{"type":"MultiLineString","coordinates":[[[35.75055,32.98625],[35.75138,32.96522],[35.7621,32.92716],[35.77798,32.89574],[35.78879,32.86513],[35.80147,32.85398],[35.80177,32.83675]]]}},{"type":"Feature","properties":{"cls":"primary","ref":"854"},"geometry":{"type":"MultiLineString","coordinates":[[[35.29925,32.92583],[35.29901,32.92466],[35.30241,32.93484],[35.31392,32.93969],[35.29281,32.9386],[35.28198,32.94136],[35.27495,32.94034],[35.26819,32.94592],[35.26886,32.94876],[35.2614,32.95132],[35.2625,32.95461],[35.26561,32.95597],[35.26643,32.96252],[35.26911,32.96529],[35.28268,32.9601],[35.28636,32.95996],[35.28786,32.96278],[35.29194,32.96311],[35.27763,32.97256]],[[35.27361,32.98146],[35.28252,32.98551],[35.2788,32.98964],[35.27949,32.99207],[35.28413,32.99333],[35.282,32.9997]]]}},{"type":"Feature","properties":{"cls":"primary","ref":"859"},"geometry":{"type":"MultiLineString","coordinates":[[[35.14826,32.98598],[35.13325,32.98033],[35.11721,32.97758],[35.09403,32.98052],[35.11723,32.97748],[35.13329,32.98024],[35.14826,32.98598]]]}},{"type":"Feature","properties":{"cls":"primary","ref":"864"},"geometry":{"type":"MultiLineString","coordinates":[[[35.37481,32.93669],[35.37617,32.93738],[35.36784,32.94272],[35.36782,32.94465],[35.37108,32.94368],[35.36838,32.94694],[35.35892,32.94844],[35.35598,32.95386],[35.35212,32.95592]],[[35.32012,32.99027],[35.31087,32.99421]],[[35.35186,32.95584],[35.34591,32.9565],[35.34572,32.96659],[35.336,32.98048],[35.33296,32.9799],[35.32843,32.98372]],[[35.32828,32.98387],[35.32073,32.99007]],[[35.29951,33.00014],[35.29525,33.00502],[35.29938,33.00005]],[[35.29948,32.99996],[35.30357,32.99591],[35.30899,32.99435]],[[35.30904,32.9945],[35.30352,32.99602],[35.2996,33.00003]]]}},{"type":"Feature","properties":{"cls":"primary","ref":"866"},"geometry":{"type":"MultiLineString","coordinates":[[[35.43783,32.93735],[35.42977,32.93688],[35.42872,32.93859],[35.42668,32.93657],[35.41884,32.93632],[35.41129,32.92853],[35.4058,32.92742],[35.41134,32.92846],[35.41855,32.93614],[35.42671,32.93649],[35.42873,32.93851],[35.42964,32.93682],[35.43346,32.9371]],[[35.44323,32.98411],[35.44587,32.98133],[35.44326,32.97953],[35.44569,32.97945],[35.45253,32.96817],[35.45537,32.95518],[35.453,32.9459],[35.44884,32.9433],[35.43935,32.94301],[35.44129,32.93898],[35.43783,32.93735],[35.44142,32.93892],[35.43948,32.94295],[35.44894,32.94323],[35.45362,32.94732]]]}},{"type":"Feature","properties":{"cls":"primary","ref":"869"},"geometry":{"type":"MultiLineString","coordinates":[[[35.66134,32.8823],[35.6764,32.89533],[35.6818,32.89751],[35.69463,32.89779],[35.70845,32.89547],[35.70784,32.89312],[35.69955,32.89253],[35.69317,32.88841],[35.69287,32.88426],[35.69742,32.88148],[35.70782,32.88189],[35.71249,32.88707],[35.73706,32.88837],[35.77776,32.89619]]]}},{"type":"Feature","properties":{"cls":"primary","ref":"886"},"geometry":{"type":"MultiLineString","coordinates":[[[35.54907,33.1128],[35.55058,33.11917],[35.55459,33.12233],[35.55519,33.12907],[35.54929,33.14969],[35.55174,33.17016],[35.54655,33.1761],[35.54405,33.18825],[35.54587,33.19021],[35.54268,33.19862]],[[35.47641,33.01771],[35.47122,33.03727],[35.4742,33.03756],[35.47754,33.04123],[35.48539,33.04142],[35.48922,33.04451],[35.49359,33.05583],[35.49854,33.05916],[35.50446,33.05841],[35.5059,33.07071],[35.5141,33.06661],[35.51171,33.06949],[35.51261,33.07336],[35.51695,33.07116],[35.52017,33.07353],[35.53149,33.07272],[35.54914,33.0867],[35.55081,33.09348],[35.55661,33.09823],[35.55739,33.10803],[35.55534,33.11371]],[[35.5445,33.20299],[35.54151,33.20636],[35.54299,33.20809],[35.54055,33.21265],[35.54185,33.21429],[35.53921,33.21534],[35.53837,33.22023],[35.55016,33.23165],[35.551,33.24764]],[[35.47632,33.01739],[35.47689,33.01208],[35.4907,33.00094],[35.488,32.99742],[35.48834,32.99216],[35.48355,32.98916]],[[35.5445,33.20299],[35.54268,33.19862],[35.5445,33.20299]]]}},{"type":"Feature","properties":{"cls":"primary","ref":"888"},"geometry":{"type":"MultiLineString","coordinates":[[[35.65111,33.01133],[35.6386,32.97279],[35.63934,32.95114],[35.63381,32.93821],[35.63528,32.93067],[35.64046,32.92398],[35.63302,32.91949],[35.63379,32.9042]]]}},{"type":"Feature","properties":{"cls":"primary","ref":"899"},"geometry":{"type":"MultiLineString","coordinates":[[[35.40521,33.0261],[35.41002,33.03008],[35.41874,33.04399],[35.43045,33.04577],[35.45135,33.05706],[35.46183,33.05423],[35.46906,33.05825],[35.46956,33.06382],[35.46615,33.06732],[35.45589,33.07173],[35.45108,33.07098],[35.46033,33.07766],[35.4604,33.08267],[35.4637,33.08088],[35.46957,33.08558],[35.47815,33.08723],[35.49166,33.08372],[35.49883,33.08725],[35.50523,33.08405],[35.51691,33.10028],[35.51443,33.11278],[35.52273,33.10763],[35.52187,33.11184],[35.52629,33.11511],[35.53385,33.1121],[35.55682,33.11384],[35.55889,33.11581],[35.55867,33.11238],[35.56399,33.1044],[35.56917,33.12456],[35.57112,33.12589],[35.56893,33.12173]],[[35.15601,33.07113],[35.17025,33.07355],[35.18396,33.07339],[35.18644,33.07061],[35.1923,33.07058],[35.19742,33.06578],[35.20552,33.06322],[35.24355,33.05912],[35.24557,33.06246],[35.25401,33.06537],[35.25374,33.07169],[35.25936,33.07535],[35.28084,33.07681],[35.29209,33.07112],[35.29963,33.07177],[35.3004,33.06658],[35.3018,33.06833],[35.30525,33.06675],[35.31426,33.06786],[35.31248,33.06465],[35.32307,33.06161],[35.32303,33.05897],[35.32605,33.05725],[35.33409,33.05869],[35.34461,33.05576],[35.35433,33.05551],[35.36413,33.04659],[35.36082,33.03959],[35.36192,33.03714],[35.37843,33.03646],[35.3838,33.03237],[35.39791,33.0309],[35.40079,33.02709]],[[35.11573,33.07496],[35.12645,33.07507],[35.13513,33.07756],[35.14188,33.07563]]]}},{"type":"Feature","properties":{"cls":"primary","ref":"918"},"geometry":{"type":"MultiLineString","coordinates":[[[35.64172,33.17141],[35.64024,33.16186],[35.64409,33.1581],[35.63971,33.15203],[35.6386,33.14652],[35.64153,33.14462],[35.64489,33.13574],[35.64799,33.13425],[35.64925,33.12394],[35.64178,33.09565],[35.64426,33.09133],[35.63691,33.08066],[35.63385,33.06837],[35.63478,33.05141],[35.62963,33.04417],[35.63029,33.04071],[35.62676,33.03917],[35.62702,33.02652],[35.62313,33.02294],[35.62272,33.01364]],[[35.63149,33.22393],[35.64763,33.21139],[35.65228,33.19675],[35.64407,33.17489]]]}},{"type":"Feature","properties":{"cls":"primary","ref":"959"},"geometry":{"type":"MultiLineString","coordinates":[[[35.64836,33.12084],[35.64879,33.11874],[35.65231,33.12152],[35.65202,33.12378],[35.65853,33.12732],[35.66814,33.14139],[35.66757,33.13357],[35.66947,33.12927],[35.68427,33.12334],[35.6992,33.13037],[35.73147,33.13778]],[[35.73224,33.13794],[35.73588,33.13978],[35.77752,33.14079],[35.77853,33.14543],[35.78772,33.15088]]]}},{"type":"Feature","properties":{"cls":"primary","ref":"977"},"geometry":{"type":"MultiLineString","coordinates":[[[35.6386,33.14652],[35.62755,33.14674],[35.60673,33.15559],[35.6015,33.16248],[35.58382,33.16846],[35.5706,33.16973]]]}},{"type":"Feature","properties":{"cls":"primary","ref":"978"},"geometry":{"type":"MultiLineString","coordinates":[[[35.74468,33.0628],[35.73939,33.06927],[35.72784,33.09502],[35.72833,33.12687],[35.73191,33.13749]],[[35.73168,33.1381],[35.72488,33.14538],[35.72557,33.15546],[35.71682,33.16379],[35.71658,33.16858],[35.73541,33.17668],[35.73719,33.18671],[35.73487,33.19851],[35.73724,33.20673],[35.74735,33.21984],[35.75438,33.22521]]]}},{"type":"Feature","properties":{"cls":"primary","ref":"989"},"geometry":{"type":"MultiLineString","coordinates":[[[35.70304,33.23908],[35.70624,33.24014],[35.71758,33.23656],[35.71707,33.24577],[35.72344,33.2466],[35.71966,33.25274],[35.7287,33.2497],[35.7316,33.2511],[35.7281,33.26037],[35.73647,33.26072],[35.74159,33.26343],[35.74448,33.26183],[35.74518,33.25738],[35.75503,33.26087],[35.75789,33.259]]]}},{"type":"Feature","properties":{"cls":"primary","ref":"A2"},"geometry":{"type":"MultiLineString","coordinates":[[[35.61761,33.98578],[35.62644,33.98228]],[[35.60423,33.96318],[35.61749,33.98532]],[[35.63186,33.98369],[35.62651,33.98192],[35.63199,33.98331]],[[35.62657,33.9823],[35.61749,33.98592]],[[35.63759,33.98833],[35.6437,33.99772],[35.64494,34.00898],[35.64201,34.01342],[35.63424,34.01361],[35.63491,34.01576],[35.6311,34.01932]]]}},{"type":"Feature","properties":{"cls":"primary","ref":"B1"},"geometry":{"type":"MultiLineString","coordinates":[[[36.20532,33.46589],[36.19256,33.46735]]]}},{"type":"Feature","properties":{"cls":"trunk"},"geometry":{"type":"MultiLineString","coordinates":[[[35.72671,30.19809],[35.72474,30.19273]],[[35.9388,31.91527],[35.93838,31.92075]],[[35.50183,33.85538],[35.49599,33.83699]],[[36.26339,33.50617],[36.2513,33.49908]],[[36.12482,33.50874],[36.13155,33.51276],[36.13877,33.52602],[36.14465,33.53144],[36.1657,33.54201],[36.18035,33.54268],[36.18586,33.54506]],[[36.30046,33.51167],[36.29518,33.51155]],[[36.27024,33.50997],[36.27384,33.51208]],[[36.27384,33.51208],[36.27666,33.51367],[36.27904,33.51321]],[[36.27902,33.51337],[36.27656,33.51375],[36.27362,33.51214]],[[36.32674,33.5355],[36.33183,33.53695]],[[35.7987,30.17236],[35.79347,30.17414]],[[36.2933,33.5137],[36.28666,33.51352]],[[36.35402,33.54772],[36.35544,33.54938],[36.3549,33.55295]],[[36.11456,32.63209],[36.11259,32.63964],[36.10948,32.64045]],[[35.9181,31.99311],[35.90344,31.98734]],[[35.91448,31.97749],[35.91138,31.97478]],[[36.23986,33.49214],[36.25158,33.49901]],[[35.00156,29.52887],[35.00277,29.52232]],[[35.13929,29.55239],[35.13534,29.55094],[35.13321,29.54672]],[[35.13352,29.54686],[35.13833,29.5515]],[[35.89099,31.94537],[35.89271,31.94918]],[[35.00533,29.46986],[34.99787,29.47249],[34.98682,29.47076]],[[36.3017,33.52559],[36.30092,33.52168]],[[35.56465,33.31608],[35.59507,33.31397]],[[36.10755,32.64067],[36.10945,32.64023],[36.10874,32.64133],[36.10755,32.64067]],[[36.0875,32.62899],[36.08821,32.62217],[36.08626,32.61662],[36.08608,32.60551]],[[35.86629,32.11437],[35.85555,32.10835]],[[35.97174,31.97496],[35.97073,31.97198],[35.96732,31.96992]],[[35.75979,33.29022],[35.75989,33.29188],[35.7575,33.29209]],[[36.09622,32.02875],[36.09377,32.02723],[36.09098,32.02744]],[[36.03072,31.99683],[36.0442,32.00888],[36.06542,32.01479],[36.08288,32.02217]],[[35.73985,30.21761],[35.7358,30.20888],[35.72689,30.19859]],[[35.7061,30.19064],[35.72471,30.1925]],[[35.73796,30.22346],[35.73985,30.21761]],[[35.73824,30.22342],[35.73739,30.22707]],[[35.81908,31.87067],[35.82158,31.86881],[35.82212,31.86374],[35.83094,31.85526],[35.84109,31.84892],[35.84969,31.84592],[35.86872,31.83567],[35.87434,31.82719],[35.87523,31.82185],[35.88352,31.81872],[35.90495,31.80703]],[[35.90687,31.80645],[35.90815,31.80733],[35.909,31.80655],[35.90693,31.80604]],[[35.52751,33.36508],[35.53101,33.36178],[35.53351,33.36632],[35.53627,33.36556],[35.53712,33.36059],[35.53841,33.36112],[35.53996,33.3577],[35.54094,33.34889],[35.53972,33.34482],[35.54309,33.3425]],[[36.34835,33.54488],[36.32629,33.53563]],[[36.35445,33.552],[36.34916,33.54532]],[[35.85468,32.1078],[35.86653,32.11435]],[[35.86653,32.11435],[35.87379,32.11769],[35.87958,32.1139],[35.8852,32.11369],[35.88949,32.10152],[35.89697,32.09728],[35.8974,32.09437],[35.89354,32.08847],[35.88536,32.08416]],[[35.88508,32.08392],[35.89365,32.08839],[35.89746,32.09417],[35.89721,32.09717],[35.88957,32.10164],[35.88522,32.11381],[35.8798,32.11395],[35.87387,32.11781],[35.86629,32.11437]],[[36.09314,32.0455],[36.09217,32.04833],[36.09481,32.05515],[36.09438,32.05929]],[[36.08499,32.02444],[36.07979,32.02049],[36.0726,32.01767],[36.04437,32.0092],[36.03054,31.997]],[[36.08561,32.02485],[36.0884,32.02935]],[[36.09095,32.02734],[36.09387,32.02712],[36.09652,32.02877]],[[35.89464,32.2815],[35.89142,32.27522]],[[35.72701,30.19854],[35.73588,30.20877],[35.74008,30.2176]],[[35.74008,30.2176],[35.73824,30.22342]],[[35.72905,30.18562],[35.72644,30.18907]],[[35.75385,30.1876],[35.75971,30.18772]],[[35.79347,30.17414],[35.78758,30.17402],[35.78397,30.17846]],[[35.75973,30.18784],[35.75388,30.18788]],[[35.75327,30.18784],[35.73235,30.18497],[35.72905,30.18562]],[[35.87107,32.04605],[35.8737,32.04291],[35.8841,32.03986]],[[35.91806,31.98487],[35.9179,31.98875]],[[35.91828,31.99889],[35.92008,32.00699],[35.91866,32.01186],[35.8972,32.01857],[35.89262,32.02406],[35.89267,32.02672]],[[35.9182,31.99285],[35.9177,31.98886]],[[35.00533,29.46986],[35.01361,29.46846],[35.02763,29.46001]],[[34.98762,29.47006],[34.98932,29.4718],[34.99772,29.4724],[35.00533,29.46986]],[[35.91036,31.98975],[35.91814,31.99297]],[[35.94753,31.93545],[35.94575,31.92939],[35.9405,31.92183]],[[35.93981,31.90169],[35.93558,31.90061]],[[35.93558,31.90051],[35.93992,31.90165]],[[35.93536,31.93109],[35.93773,31.92726],[35.93822,31.9213]],[[35.88351,31.92906],[35.88494,31.92478],[35.89005,31.92389],[35.89343,31.92069]],[[35.88378,31.92955],[35.88771,31.93814]],[[35.89348,31.92075],[35.89002,31.92406],[35.88485,31.92504],[35.88368,31.92911]],[[35.91305,31.91906],[35.91801,31.91922],[35.92218,31.91782]],[[35.88799,31.93901],[35.88361,31.92951]],[[35.89605,31.95322],[35.89299,31.94993]],[[35.89308,31.94991],[35.89613,31.95317]],[[35.89264,31.9492],[35.89092,31.9454]],[[35.92144,31.93111],[35.92497,31.92964],[35.9277,31.93104],[35.93175,31.92996],[35.93516,31.93152]],[[35.93508,31.9316],[35.93164,31.93005],[35.92769,31.93114],[35.92495,31.92974],[35.92149,31.93121]],[[35.96209,31.95354],[35.96362,31.95646],[35.96004,31.95925]],[[35.92237,31.91784],[35.9353,31.92074]],[[35.94774,31.93545],[35.95354,31.94153]],[[35.94824,31.96762],[35.95736,31.96179]],[[35.92248,31.97993],[35.91815,31.97989]],[[35.94766,31.93537],[35.94293,31.93708],[35.93821,31.93574]],[[35.934,31.93258],[35.94158,31.93688],[35.94758,31.93529]],[[35.92306,31.97333],[35.92662,31.97001],[35.92631,31.96709],[35.92842,31.9635],[35.93043,31.96318],[35.93175,31.96595],[35.93444,31.96315]],[[35.93455,31.96315],[35.93207,31.96601],[35.93059,31.96553],[35.9302,31.96316],[35.92743,31.96448],[35.92598,31.97096]],[[35.89948,31.9635],[35.89721,31.95836]],[[35.89955,31.96345],[35.90292,31.9668]],[[36.00636,31.86951],[36.00304,31.87039],[36.00228,31.87304]],[[36.00924,31.86816],[36.01557,31.86317],[36.01731,31.86008]],[[36.01705,31.86018],[36.01576,31.86306],[36.00939,31.86825]],[[36.00224,31.8732],[35.97715,31.89415]],[[36.00211,31.87299],[36.00305,31.87028],[36.00631,31.86939]],[[35.94212,31.92383],[35.94608,31.92983],[35.94774,31.93545]],[[35.90691,31.80594],[35.90914,31.80643],[35.90754,31.80935]],[[35.8793,31.92837],[35.87792,31.92411],[35.88002,31.91926],[35.8791,31.91456],[35.88166,31.90918],[35.88436,31.90702]],[[35.96649,31.98677],[35.97101,31.98685],[35.97588,31.98893]],[[35.96691,31.96961],[35.97082,31.97175],[35.97197,31.97493]],[[35.95613,31.95969],[35.95257,31.95561],[35.94867,31.95432]],[[35.96674,31.96963],[35.96291,31.96698]],[[35.963,31.96693],[35.96691,31.96961]],[[36.10767,32.64089],[36.10111,32.64207],[36.09526,32.64042],[36.09059,32.63898],[36.08764,32.6348]],[[36.08751,32.63062],[36.08756,32.63428]],[[36.08776,32.6348],[36.0906,32.63882],[36.09958,32.64156],[36.10755,32.64067]],[[36.08747,32.63437],[36.08739,32.63057]],[[33.87623,31.11079],[33.90276,31.13542],[33.91045,31.15076]],[[36.45469,33.64156],[36.46084,33.64056],[36.47248,33.63051],[36.47824,33.63039],[36.48567,33.62775]],[[36.45433,33.64187],[36.44812,33.64324],[36.44107,33.63914],[36.42631,33.63601],[36.38613,33.62281],[36.36863,33.61551],[36.35672,33.61735],[36.34417,33.61678],[36.33986,33.61379],[36.32657,33.59576],[36.31172,33.59163],[36.30551,33.58616]],[[36.29111,33.58508],[36.26339,33.56982],[36.24749,33.56511],[36.24383,33.56551]],[[36.29388,33.58575],[36.30314,33.58553]],[[36.20481,33.5654],[36.19932,33.56209],[36.19423,33.55099],[36.18635,33.54555]],[[36.29492,33.51156],[36.30035,33.51098]],[[36.48632,33.62773],[36.47844,33.63051],[36.47277,33.63051],[36.46091,33.64065],[36.45469,33.64168]],[[36.18579,33.54515],[36.18032,33.54279],[36.16565,33.54211],[36.14458,33.53154],[36.13867,33.52608],[36.13103,33.51236],[36.12476,33.50881]],[[36.18645,33.54546],[36.1943,33.55086],[36.19943,33.56204],[36.20488,33.5653]],[[35.28168,32.68992],[35.28049,32.68805],[35.2774,32.68759]],[[35.90416,31.89618],[35.91953,31.89552],[35.92646,31.90028],[35.93264,31.90008]],[[35.7929,30.17228],[35.79613,30.17174],[35.80479,30.17338]],[[35.7247,30.19266],[35.70629,30.1908]],[[35.72508,30.19275],[35.72686,30.19808]],[[35.90448,31.80743],[35.88362,31.81884],[35.8755,31.82173],[35.87445,31.82722],[35.86895,31.83565],[35.85002,31.84593],[35.84106,31.84909],[35.82962,31.85648],[35.82209,31.86405],[35.82054,31.87048]],[[35.89742,31.95859],[35.89955,31.96345]],[[36.08627,32.60558],[36.08639,32.61661],[36.08826,32.62136],[36.08762,32.62901]],[[36.33183,33.53695],[36.34846,33.54474]],[[36.28666,33.51352],[36.27726,33.51381]],[[33.90952,31.15065],[33.90272,31.13595],[33.87541,31.11137]],[[36.24373,33.56542],[36.24792,33.56511],[36.26374,33.56983],[36.28262,33.58125],[36.29117,33.58498]],[[35.79409,30.17188],[35.80405,30.16698]],[[36.3056,33.58607],[36.31162,33.59146],[36.32663,33.59568],[36.34017,33.61396],[36.34429,33.61671],[36.35591,33.61729],[36.36468,33.61528],[36.3693,33.61552],[36.38661,33.62286],[36.41452,33.63204],[36.44175,33.63924],[36.448,33.64309],[36.45127,33.64324],[36.45436,33.64174]],[[36.3031,33.58563],[36.29382,33.58585]],[[34.9956,29.36369],[34.99379,29.36009],[34.99124,29.35882],[34.98828,29.35944],[34.98416,29.36308],[34.98042,29.36208]],[[34.98075,29.36156],[34.98414,29.36296],[34.98832,29.35923],[34.99137,29.3587],[34.99611,29.36345]],[[35.7575,33.29209],[35.76286,33.29633],[35.76314,33.29924],[35.76601,33.30041]],[[35.76705,33.30138],[35.76733,33.30317],[35.77038,33.30532]],[[35.95158,31.95491],[35.95455,31.95785]],[[36.09479,32.0561],[36.09196,32.0485],[36.09406,32.04279],[36.09289,32.03888]],[[36.09253,32.03815],[36.08932,32.03176]],[[35.70093,30.18956],[35.7061,30.19064]],[[35.9773,31.89393],[36.00206,31.87318]],[[35.95353,31.94173],[35.94753,31.93545]],[[35.95354,31.94153],[35.95315,31.94456],[35.95542,31.94826],[35.95917,31.94946],[35.96173,31.95301]],[[35.9116,31.97485],[35.9178,31.97957]],[[36.34888,33.54498],[36.35287,33.54712]],[[35.04377,32.79923],[35.03936,32.79574]],[[35.75982,30.1877],[35.78031,30.1826],[35.7838,30.17846]],[[35.49453,33.83166],[35.49596,33.83627]],[[35.50413,33.86115],[35.50607,33.86513]],[[35.49834,33.8439],[35.49948,33.84742]],[[35.50018,33.84956],[35.5031,33.85898]],[[35.4965,33.8379],[35.49834,33.8439]],[[34.47111,29.7002],[34.48914,29.6935],[34.50846,29.68826],[34.52509,29.68685],[34.53655,29.68837],[34.55185,29.68822],[34.57867,29.68509],[34.59086,29.68143],[34.60844,29.6821],[34.6262,29.68048],[34.64819,29.67359],[34.69171,29.65021]],[[35.85918,32.47778],[35.85354,32.47921],[35.84939,32.48237],[35.83533,32.49628],[35.83006,32.50688],[35.81949,32.51429],[35.81141,32.52393],[35.8106,32.52961],[35.81631,32.541],[35.81157,32.55662]],[[35.85964,32.47758],[35.86684,32.47535],[35.8807,32.46358]],[[35.8114,32.55657],[35.81619,32.54086],[35.8106,32.52996],[35.81095,32.52449],[35.81894,32.51458],[35.82967,32.50711],[35.83542,32.49599],[35.84784,32.48373]],[[35.81386,32.57589],[35.82301,32.58736],[35.82673,32.58781]],[[35.8808,32.46363],[35.86694,32.47543],[35.85968,32.47769]],[[35.85031,32.48132],[35.85386,32.47894],[35.85915,32.47767]],[[35.59096,33.35923],[35.57856,33.34761],[35.57073,33.33489]],[[35.57051,33.33446],[35.56545,33.32866],[35.5634,33.32277]],[[35.57084,33.33482],[35.57861,33.34757],[35.59128,33.35908]],[[35.59189,33.36016],[35.59362,33.36325],[35.59752,33.36311],[35.59607,33.35514],[35.59719,33.35406],[35.60009,33.35464]],[[35.5468,33.31886],[35.55354,33.32104],[35.56013,33.31413],[35.55987,33.30599],[35.56276,33.2989]],[[35.59585,33.31442],[35.59572,33.32228],[35.59272,33.33026],[35.6007,33.35455]],[[35.54611,33.25468],[35.55569,33.25859],[35.55696,33.26442],[35.56471,33.27469],[35.56308,33.28289]],[[35.50302,33.85899],[35.50183,33.85538]],[[35.00285,29.52253],[35.00185,29.52888]],[[35.93385,31.99234],[35.93919,31.99084]],[[35.93954,31.99093],[35.93071,31.9933]],[[35.93266,31.9005],[35.92658,31.90045],[35.92316,31.89797]],[[35.92316,31.89797],[35.91938,31.89567],[35.90519,31.89626]],[[35.88592,31.90617],[35.88875,31.90322]],[[35.89555,31.89981],[35.90328,31.89626]],[[35.9041,31.89631],[35.89633,31.89957]],[[35.89564,31.89993],[35.89133,31.90222]],[[35.86971,32.06365],[35.87105,32.04641]],[[35.8712,32.04665],[35.87042,32.0577]],[[35.87042,32.0577],[35.86986,32.06363]],[[35.86986,32.06363],[35.87682,32.07204]],[[35.87841,32.07401],[35.87917,32.08002],[35.88344,32.08324]],[[35.88412,32.03998],[35.87403,32.0429],[35.87119,32.04612]],[[35.89253,32.02675],[35.89243,32.02408],[35.89696,32.01855],[35.91845,32.01187],[35.91994,32.00715],[35.91776,31.99999]],[[35.88336,32.08336],[35.87926,32.08051],[35.87845,32.07461],[35.87661,32.07204]],[[35.87661,32.07204],[35.86971,32.06365]],[[35.8912,32.03742],[35.89396,32.03405],[35.89313,32.02866]],[[35.89328,32.02864],[35.89389,32.03474],[35.88952,32.03826]],[[35.88457,32.0397],[35.8912,32.03742]],[[35.88952,32.03826],[35.88455,32.03985]],[[35.89841,31.98603],[35.90252,31.98724]],[[35.95135,31.98851],[35.9469,31.98885]],[[35.94226,31.95564],[35.93594,31.95752]],[[35.91818,31.97974],[35.9221,31.97992],[35.92967,31.97606]],[[35.93443,31.96304],[35.93505,31.95803]],[[35.93492,31.9583],[35.93453,31.96303]],[[35.947,31.9681],[35.93839,31.9718]],[[35.95753,31.96182],[35.94855,31.9677]],[[35.93865,31.9714],[35.94505,31.96841]],[[35.91843,31.99329],[35.91857,31.99759]],[[35.93144,31.97516],[35.9355,31.97308]],[[35.91792,31.9847],[35.91784,31.97993]],[[35.91796,31.97997],[35.91806,31.9847]],[[35.91798,31.97955],[35.92047,31.97503]],[[35.92058,31.97508],[35.91811,31.97958]],[[35.9177,31.98875],[35.91792,31.98488]],[[35.91838,31.99755],[35.91824,31.99324]],[[35.93816,31.93572],[35.93394,31.93265]],[[35.95966,31.96306],[35.95613,31.95969]],[[36.10086,32.03372],[36.10408,32.03746]],[[36.09775,32.0302],[36.10086,32.03372]],[[36.10377,32.03743],[36.10062,32.03378]],[[36.10062,32.03378],[36.09754,32.03028]],[[36.08745,32.02798],[36.08499,32.02444]],[[35.97197,31.97493],[35.97325,31.98024]],[[35.97325,31.98024],[35.97597,31.98297],[35.97888,31.99031],[35.99147,31.99385],[35.99851,31.99918]],[[35.93003,31.97605],[35.92453,31.97892]],[[35.98956,31.99349],[35.97997,31.99135]],[[36.00497,31.99925],[35.99774,31.99911]],[[36.01954,31.99592],[36.00909,31.99822]],[[36.0114,31.99743],[36.01993,31.99564]],[[36.01993,31.99564],[36.02509,31.99559]],[[36.0259,31.99589],[36.01987,31.99589]],[[35.95806,31.98893],[35.96649,31.98677]],[[35.93875,31.91469],[35.93847,31.9101]],[[35.78393,30.17853],[35.78026,30.18274],[35.75985,30.18782]],[[35.78383,30.17841],[35.78658,30.17441],[35.7929,30.17228]],[[35.5634,33.32277],[35.56313,33.3197],[35.56557,33.31368],[35.5633,33.29876]],[[35.72635,30.18902],[35.7283,30.186],[35.73146,30.18486],[35.75329,30.18764]],[[35.54323,33.34095],[35.5437,33.33075],[35.5416,33.32689],[35.543,33.31674],[35.54455,33.31489],[35.54589,33.3152],[35.54756,33.32217],[35.5539,33.33253],[35.55982,33.33401],[35.56383,33.33263],[35.5677,33.3354],[35.5682,33.33965],[35.57056,33.33504]],[[35.52943,33.3794],[35.527,33.37354],[35.52878,33.36813],[35.52669,33.36605],[35.52751,33.36508]],[[35.56363,33.2958],[35.56284,33.28359]],[[34.29804,29.67404],[34.27983,29.67491],[34.26469,29.67945],[34.24624,29.68884],[34.18714,29.70899],[34.15371,29.71069],[34.12506,29.71859],[34.07571,29.74707],[34.05579,29.76125],[34.01241,29.7844],[33.86064,29.84037],[33.76082,29.89185]],[[33.76065,29.89157],[33.86052,29.84006],[34.0127,29.78396],[34.05561,29.761],[34.07418,29.74761],[34.12506,29.71822],[34.15347,29.71044],[34.18708,29.70871],[34.24602,29.68864],[34.26414,29.67931],[34.27999,29.67453],[34.29804,29.67392]],[[35.93525,31.92084],[35.92224,31.91794]],[[35.96014,31.95908],[35.96352,31.95578],[35.95987,31.95023],[35.95534,31.94832],[35.95302,31.94465],[35.95353,31.94173]],[[35.93822,31.9213],[35.93869,31.91525]],[[35.93862,31.91038],[35.93885,31.9147]],[[35.93838,31.92075],[35.93786,31.92719],[35.93418,31.93257]],[[35.95932,31.96252],[35.963,31.96693]],[[35.93603,31.95731],[35.94522,31.9537]],[[35.92209,31.91794],[35.91304,31.91915]],[[35.49599,33.83699],[35.49434,33.8317]],[[35.8113,32.5576],[35.80751,32.56652],[35.81178,32.57367]],[[35.81166,32.57374],[35.80737,32.56648],[35.81121,32.55725]],[[36.47774,32.26037],[36.48333,32.25881]],[[34.7271,29.62982],[34.71791,29.63434],[34.7138,29.63898],[34.70574,29.64384],[34.69549,29.6481],[34.66342,29.66645],[34.64771,29.67416],[34.62637,29.68076],[34.60878,29.68241],[34.59101,29.68172],[34.57866,29.68543],[34.55184,29.68851],[34.53639,29.68865],[34.52535,29.68714],[34.50839,29.68855],[34.46019,29.70386],[34.4345,29.70519],[34.41125,29.70818],[34.3989,29.7073],[34.39086,29.70368],[34.38378,29.69514],[34.37378,29.68902],[34.35844,29.66893],[34.35194,29.66591],[34.3419,29.66358],[34.33576,29.66351],[34.32462,29.66629],[34.30479,29.67331]],[[35.90309,31.9872],[35.91036,31.98975]],[[35.94681,31.98868],[35.95806,31.98893]],[[35.97913,31.99083],[35.96948,31.98679],[35.95816,31.98921]],[[36.00909,31.99822],[36.00497,31.99925]],[[36.08861,32.02976],[36.09271,32.03807]],[[36.09123,32.03503],[36.09433,32.04236]],[[36.09409,32.04235],[36.09098,32.03513]],[[34.30338,29.67353],[34.33593,29.66318],[34.34161,29.66323],[34.35245,29.66579],[34.35983,29.66976],[34.37164,29.6864],[34.38432,29.6952],[34.39061,29.70315],[34.40179,29.7077],[34.41151,29.70787],[34.43416,29.70493],[34.46034,29.70356],[34.47111,29.7002]],[[35.88485,31.90689],[35.87984,31.91268],[35.87894,31.92579]],[[36.24281,33.56607],[36.23936,33.57059],[36.23591,33.57185],[36.22083,33.57014],[36.21312,33.56725]],[[36.21315,33.56715],[36.22086,33.57005],[36.23599,33.57174],[36.23944,33.57037],[36.24274,33.56596]],[[35.03952,32.79558],[35.04536,32.80112]],[[35.97913,31.99083],[35.97575,31.98308],[35.97185,31.97861],[35.97174,31.97496]],[[36.00366,31.99937],[36.0114,31.99743]],[[35.99774,31.99911],[35.9896,31.9935]],[[33.70425,31.07776],[33.71526,31.08297],[33.72795,31.09643],[33.74199,31.10235],[33.78485,31.10822],[33.7937,31.10783],[33.80198,31.10576]],[[33.83545,31.10197],[33.81557,31.1022],[33.80584,31.10485]],[[33.80218,31.10609],[33.79385,31.10816],[33.7847,31.10856],[33.7411,31.10246],[33.72731,31.09645],[33.71497,31.08311],[33.70425,31.07776]],[[33.87514,31.11114],[33.87076,31.10659],[33.86627,31.10457],[33.83582,31.10195]],[[33.83581,31.10155],[33.86631,31.10423],[33.87623,31.11037]],[[34.74269,29.62937],[34.75509,29.62985],[34.80049,29.61896]],[[34.80003,29.61917],[34.75482,29.63019],[34.74748,29.63048],[34.7388,29.62885]],[[34.69272,29.6496],[34.70002,29.64604]],[[34.70018,29.64598],[34.71268,29.63942],[34.71823,29.63373],[34.72679,29.62973]],[[34.73854,29.62881],[34.72727,29.62975]],[[34.72714,29.62959],[34.73437,29.62832],[34.7425,29.62932]],[[33.9173,31.01346],[33.91554,31.01393],[33.91182,31.03364],[33.90679,31.04755],[33.90444,31.06919],[33.89976,31.08308],[33.89352,31.09332],[33.88325,31.10523],[33.86845,31.11648],[33.86388,31.1232],[33.86359,31.13262],[33.86959,31.1421]],[[33.86805,31.14187],[33.86302,31.13196],[33.86352,31.12311],[33.86786,31.11654],[33.88113,31.10679],[33.88947,31.0977],[33.89972,31.0823],[33.90393,31.06982],[33.9058,31.0503],[33.91172,31.03245],[33.915,31.01131]],[[36.09307,32.03879],[36.09433,32.04236],[36.09314,32.0455]],[[35.95781,31.98922],[35.95135,31.98851]],[[35.82276,32.59217],[35.82289,32.58758],[35.81377,32.57598]],[[33.80556,31.10455],[33.81544,31.10186],[33.83547,31.10153]],[[36.23832,33.4914],[36.22936,33.48776]],[[36.23208,33.48816],[36.23986,33.49214]],[[36.11645,32.62556],[36.11463,32.63194]],[[36.27918,33.51319],[36.28941,33.51349]],[[36.25158,33.49901],[36.26317,33.50579]],[[36.2509,33.49885],[36.23988,33.49236]],[[34.29884,29.67391],[34.30338,29.67353]],[[34.30369,29.67357],[34.29884,29.67402]]]}},{"type":"Feature","properties":{"cls":"trunk","ref":"03"},"geometry":{"type":"MultiLineString","coordinates":[[[34.82257,29.47687],[34.82707,29.47369],[34.83118,29.46277],[34.82973,29.46098],[34.83187,29.45868],[34.83352,29.44823],[34.83964,29.44239]],[[34.80053,29.61833],[34.79706,29.59688],[34.78378,29.58208],[34.77997,29.57424],[34.77992,29.56668],[34.78141,29.56364],[34.78925,29.55785],[34.79301,29.55817],[34.80182,29.56452],[34.80954,29.55743],[34.80954,29.55527],[34.80211,29.54146],[34.80231,29.52488],[34.80347,29.52065],[34.808,29.51906],[34.81368,29.51378],[34.81307,29.51156],[34.81926,29.51081],[34.81958,29.50856],[34.81769,29.50539],[34.81892,29.49727],[34.81624,29.49598],[34.81694,29.48305],[34.8155,29.48121],[34.81997,29.47683],[34.82257,29.47687],[34.81974,29.47746]]]}},{"type":"Feature","properties":{"cls":"trunk","ref":"1"},"geometry":{"type":"MultiLineString","coordinates":[[[35.02518,31.81429],[35.03442,31.80755],[35.0428,31.80631],[35.04797,31.80394],[35.05852,31.80712],[35.07551,31.80029],[35.10733,31.80159],[35.11898,31.79879],[35.12908,31.80137],[35.14938,31.79687],[35.15682,31.79678],[35.16491,31.79422],[35.16915,31.79581],[35.17454,31.80055],[35.17959,31.80082],[35.1836,31.80329],[35.19545,31.80076],[35.20105,31.80614],[35.20491,31.80779],[35.22005,31.80557],[35.23305,31.80615],[35.24053,31.80813],[35.24632,31.80241],[35.25367,31.80299],[35.25596,31.80205],[35.25952,31.78488],[35.26471,31.78298],[35.27669,31.78855],[35.28264,31.784],[35.29224,31.78424],[35.29422,31.78896],[35.30366,31.79943],[35.31219,31.79962],[35.32147,31.80219],[35.3289,31.80719],[35.33785,31.80904],[35.3442,31.81345],[35.35871,31.81681],[35.36898,31.81534],[35.38472,31.8216],[35.38875,31.81979],[35.39157,31.80942],[35.39893,31.80729],[35.40377,31.80211],[35.4146,31.79788],[35.42338,31.79649],[35.42961,31.79884],[35.43835,31.80022],[35.44323,31.79938],[35.44758,31.8013]],[[35.44848,31.80154],[35.44321,31.79952],[35.43833,31.80036],[35.42958,31.79898],[35.42334,31.79663],[35.41466,31.79801],[35.40386,31.80225],[35.39899,31.80742],[35.39168,31.80952],[35.3889,31.81985],[35.38469,31.82174],[35.36894,31.81547],[35.35851,31.81694],[35.34415,31.81358],[35.33759,31.80975],[35.32859,31.80783],[35.32072,31.80211],[35.31225,31.79976],[35.30368,31.79955],[35.30061,31.79784],[35.28948,31.78436],[35.28242,31.78417],[35.27919,31.78786],[35.27669,31.78867],[35.26507,31.78308],[35.26056,31.78619],[35.25611,31.80206],[35.254,31.80309],[35.2463,31.80255],[35.24081,31.80818],[35.23304,31.80624],[35.22006,31.80569],[35.2051,31.80797],[35.20108,31.80639],[35.19533,31.80109],[35.18353,31.80344],[35.17478,31.80091],[35.16832,31.79544],[35.16468,31.7944],[35.15678,31.79697],[35.14922,31.79722],[35.12973,31.80149],[35.11897,31.79892],[35.10733,31.80172],[35.07553,31.80042],[35.05853,31.80725],[35.048,31.80407],[35.04285,31.80644],[35.0345,31.80766],[35.02412,31.81522]],[[35.49033,31.79942],[35.45406,31.80141]],[[35.45225,31.80152],[35.44848,31.80154],[35.45406,31.80141],[35.45225,31.80152]]]}},{"type":"Feature","properties":{"cls":"trunk","ref":"10"},"geometry":{"type":"MultiLineString","coordinates":[[[36.42916,32.27559],[36.39583,32.28589]],[[35.86875,32.54687],[35.88794,32.54199]],[[35.60902,32.59319],[35.61504,32.59587],[35.61582,32.60348],[35.61813,32.6059],[35.62694,32.6064],[35.63749,32.6099],[35.64268,32.61009],[35.65119,32.60542],[35.65865,32.60398],[35.66883,32.59084],[35.67724,32.59271],[35.68333,32.58931],[35.68895,32.58865],[35.69724,32.59049],[35.7061,32.58904],[35.71207,32.59123],[35.73047,32.58404],[35.75097,32.55867],[35.7559,32.5547],[35.78069,32.55207],[35.79664,32.55445],[35.80538,32.55749],[35.81659,32.55709],[35.83182,32.55008],[35.84496,32.55388]],[[35.84496,32.55395],[35.83155,32.55017],[35.81663,32.55722],[35.80506,32.55756],[35.79669,32.55457],[35.7805,32.55214],[35.75622,32.55473],[35.75227,32.55737],[35.73069,32.58408],[35.71211,32.59135],[35.70589,32.58912],[35.69707,32.59058],[35.68903,32.58873],[35.68355,32.58932],[35.67753,32.59277],[35.66909,32.59086],[35.65877,32.60404],[35.6514,32.60549],[35.64289,32.61023],[35.63723,32.60996],[35.62801,32.60672],[35.6177,32.60584],[35.61567,32.60353],[35.61491,32.59585],[35.60951,32.59335]],[[36.22473,32.35338],[36.21199,32.37498],[36.20986,32.38159],[36.19836,32.39853],[36.1815,32.40906],[36.16796,32.41386],[36.1474,32.41471],[36.13493,32.41662],[36.12121,32.42028],[36.11391,32.42074],[36.10615,32.42466],[36.07848,32.44571],[36.06944,32.45711],[36.06155,32.46299],[36.05378,32.47518],[36.04252,32.48859],[36.03222,32.48983],[36.01179,32.50525],[36.00715,32.50729],[35.9713,32.51418],[35.96169,32.51265],[35.95051,32.51322],[35.93377,32.51744],[35.91616,32.52541]],[[36.33295,32.30727],[36.22479,32.35333]],[[35.91605,32.52522],[35.93464,32.517],[35.95126,32.51294],[35.9617,32.51251],[35.97128,32.51404],[36.00699,32.50724],[36.01176,32.50509],[36.03215,32.48974],[36.04244,32.48848],[36.05365,32.47511],[36.06143,32.46291],[36.06932,32.45702],[36.07836,32.44562],[36.10606,32.42456],[36.11387,32.42062],[36.12152,32.4201],[36.13532,32.41643],[36.14741,32.41458],[36.16791,32.41374],[36.18203,32.4086],[36.19829,32.39837],[36.21001,32.38101],[36.21176,32.37499],[36.22439,32.35326]],[[36.22468,32.35304],[36.33541,32.30619]],[[36.35316,32.29898],[36.39583,32.28589],[36.35233,32.29923]],[[35.91599,32.52544],[35.90386,32.53033],[35.88808,32.54205]],[[35.88809,32.54195],[35.90392,32.53016],[35.91595,32.52527]],[[35.88799,32.54207],[35.86877,32.54701]],[[37.02656,32.17258],[36.92923,32.14542],[36.91537,32.13955],[36.90795,32.13928],[36.89289,32.13497],[36.88289,32.13485],[36.77985,32.16675],[36.77318,32.16777],[36.76373,32.17179],[36.59318,32.22474]],[[35.8487,32.55451],[35.85228,32.55482],[35.86602,32.54811]],[[35.86614,32.54821],[35.85223,32.55496],[35.84868,32.55466]],[[36.4425,32.2715],[36.47774,32.26037]],[[36.50678,32.25154],[36.43426,32.27401]],[[36.35233,32.29923],[36.33541,32.30619],[36.35233,32.29923]],[[36.54024,32.24117],[36.59318,32.22474],[36.58213,32.22817]],[[36.51708,32.24834],[36.54024,32.24117],[36.53441,32.24299]],[[36.51708,32.24834],[36.50678,32.25154],[36.51708,32.24834]],[[36.43426,32.27401],[36.42916,32.27559],[36.43426,32.27401]]]}},{"type":"Feature","properties":{"cls":"trunk","ref":"103"},"geometry":{"type":"MultiLineString","coordinates":[[[34.65874,29.04994],[34.65863,29.05421],[34.66792,29.06767],[34.67046,29.07894],[34.67971,29.0972],[34.67387,29.10555],[34.67458,29.1094],[34.67803,29.11096],[34.68189,29.11951],[34.67931,29.14478],[34.68089,29.1487],[34.68525,29.15359],[34.69284,29.16943],[34.69594,29.17277],[34.70775,29.18025],[34.71983,29.18531],[34.72787,29.19557],[34.74069,29.22048],[34.73898,29.22605],[34.73933,29.2304],[34.73348,29.2344],[34.72852,29.24592],[34.72757,29.25363],[34.7297,29.27219],[34.74158,29.31185],[34.75051,29.31777],[34.75346,29.32562],[34.758,29.32922],[34.76441,29.33948],[34.77301,29.34883],[34.78825,29.37384],[34.79194,29.37678],[34.78857,29.39256],[34.8042,29.40586],[34.81517,29.42922],[34.81814,29.42921],[34.82446,29.42115],[34.82751,29.42604],[34.82702,29.4344],[34.83758,29.4325],[34.84278,29.44338],[34.85209,29.4545],[34.85602,29.46767],[34.85571,29.47064],[34.86739,29.4788],[34.87108,29.48405]],[[34.889,29.49093],[34.89435,29.4938],[34.90142,29.49094]],[[34.87702,29.48555],[34.89363,29.49383],[34.90234,29.49083]],[[34.87702,29.48555],[34.87108,29.48405],[34.87702,29.48555]]]}},{"type":"Feature","properties":{"cls":"trunk","ref":"109"},"geometry":{"type":"MultiLineString","coordinates":[[[36.2029,32.62911],[36.17363,32.63405],[36.15914,32.63164]],[[36.12466,32.62653],[36.14399,32.62942]],[[36.14475,32.62952],[36.15914,32.63164],[36.12462,32.62664]],[[36.11655,32.62523],[36.12453,32.6265]],[[36.12449,32.62653],[36.11658,32.6254]]]}},{"type":"Feature","properties":{"cls":"trunk","ref":"12"},"geometry":{"type":"MultiLineString","coordinates":[[[34.93721,29.55034],[34.94238,29.54746]],[[34.93707,29.55062],[34.93009,29.55391]],[[35.01446,30.04842],[35.00307,30.04719],[34.99933,30.04554],[34.9883,30.035],[34.97549,30.0192],[34.95897,30.00591],[34.94415,29.9969],[34.93793,29.99002],[34.93575,29.98037],[34.9294,29.96448],[34.90748,29.9353],[34.89954,29.92808],[34.88468,29.91993],[34.87503,29.91086],[34.86368,29.90527],[34.85236,29.88217],[34.852,29.86879],[34.84134,29.85219],[34.83667,29.83999],[34.83679,29.82581],[34.84365,29.8127],[34.84439,29.80309],[34.85479,29.78468],[34.86086,29.77949],[34.86562,29.76891],[34.86454,29.75546],[34.86063,29.74807],[34.8545,29.74449],[34.8517,29.73585],[34.85306,29.72213],[34.85534,29.71779],[34.85629,29.69883],[34.85933,29.68764],[34.86453,29.68209],[34.87015,29.67],[34.87121,29.65928],[34.88054,29.65269],[34.88209,29.65013],[34.88005,29.64493],[34.8807,29.63228],[34.87771,29.62036],[34.87808,29.61406],[34.86858,29.59798],[34.87711,29.59167],[34.87958,29.58787],[34.88559,29.5865],[34.88702,29.57948],[34.88624,29.57629],[34.88423,29.57662],[34.88375,29.57536],[34.88892,29.57347],[34.88978,29.57113],[34.89253,29.57012],[34.89531,29.56486],[34.91007,29.5557],[34.9162,29.5546],[34.92367,29.55536],[34.92701,29.55407]],[[34.92993,29.5536],[34.93697,29.5505]],[[34.92932,29.55396],[34.92701,29.55407],[34.92939,29.55368]],[[34.94249,29.54765],[34.93732,29.55048]],[[34.94266,29.54733],[34.94578,29.54355]],[[34.94584,29.5436],[34.94279,29.54749]]]}},{"type":"Feature","properties":{"cls":"trunk","ref":"13"},"geometry":{"type":"MultiLineString","coordinates":[[[35.02102,30.27707],[35.02711,30.27925],[35.05185,30.2794],[35.06855,30.28407],[35.08067,30.28983],[35.10263,30.29145],[35.11969,30.29836],[35.12846,30.30078],[35.13384,30.30062]]]}},{"type":"Feature","properties":{"cls":"trunk","ref":"15"},"geometry":{"type":"MultiLineString","coordinates":[[[35.0146,29.53905],[35.042,29.56309],[35.0652,29.57213],[35.07551,29.5712],[35.07938,29.56862],[35.08199,29.5637],[35.09587,29.55867],[35.1026,29.55978],[35.10776,29.56308],[35.1132,29.55992],[35.12252,29.56177],[35.13196,29.54809],[35.13544,29.54868],[35.14063,29.5533],[35.1454,29.55917],[35.14653,29.56459],[35.15635,29.57046],[35.16358,29.58284],[35.16562,29.59962],[35.17794,29.61437],[35.18748,29.62032],[35.19221,29.62492],[35.19633,29.64025],[35.20769,29.64834],[35.22914,29.66982],[35.24941,29.67949],[35.26049,29.69045],[35.2831,29.72553],[35.29243,29.75777],[35.31166,29.81223],[35.31655,29.81674],[35.35227,29.84021],[35.3617,29.85925],[35.39005,29.88184],[35.43718,29.93841],[35.43908,29.94284],[35.43932,29.95284],[35.441,29.95603],[35.45908,29.97041],[35.46484,29.98425],[35.46525,29.99123],[35.4768,29.99712],[35.47856,30.00465],[35.47735,30.01164],[35.47084,30.01568],[35.46987,30.01984],[35.46309,30.02643],[35.46288,30.02941],[35.46659,30.03314],[35.47419,30.03569],[35.47768,30.03989],[35.48278,30.04706],[35.49211,30.06943],[35.5258,30.08991],[35.55549,30.09105],[35.58628,30.09899],[35.60558,30.11729],[35.63532,30.15781],[35.67159,30.17624],[35.68848,30.18623],[35.70612,30.19216],[35.72198,30.21501],[35.73393,30.22139],[35.73702,30.22546],[35.74275,30.26722],[35.75468,30.29123],[35.7619,30.32694],[35.76214,30.36351],[35.76773,30.40701],[35.79965,30.49429],[35.79881,30.57397],[35.81203,30.6284],[35.83753,30.6614],[35.85571,30.67347],[35.86609,30.68556],[35.8744,30.69047],[35.88032,30.69838],[35.90729,30.72647],[35.91942,30.73634],[35.93589,30.74091],[35.93941,30.74355],[35.94648,30.76354],[35.94575,30.78262],[35.94999,30.79016],[35.96037,30.79692],[35.96726,30.80865],[35.97548,30.83159],[35.98396,30.84968],[35.98304,30.86196],[35.98637,30.87719],[35.98619,30.8891],[35.99884,30.90538],[36.00019,30.90968],[35.98966,30.93233],[35.98902,30.93995],[36.00216,30.98624],[36.01301,31.00584],[36.00732,31.03452],[36.00893,31.05116],[36.00687,31.08526],[36.008,31.09301],[36.0069,31.11257],[36.01601,31.12436],[36.02541,31.13093],[36.02749,31.13476],[36.01709,31.19788],[36.02948,31.22258],[36.0294,31.23425],[36.03198,31.23675],[36.04072,31.24067],[36.04435,31.24584],[36.07482,31.33795],[36.07659,31.34775],[36.07492,31.37425],[36.08957,31.39929],[36.08798,31.40512],[36.07975,31.41334],[36.07252,31.42319],[36.07157,31.43643],[36.05056,31.53284],[36.0494,31.54427],[36.0389,31.55928],[36.02591,31.57056],[35.99992,31.58239],[35.99692,31.58528],[35.99569,31.59359],[35.99943,31.60555],[35.99987,31.61207],[35.99425,31.62393],[35.98541,31.63176],[35.97737,31.65919],[35.95492,31.69645],[35.94792,31.72013]],[[35.94768,31.72046],[35.95479,31.69638],[35.97727,31.65886],[35.98522,31.63173],[35.99402,31.6239],[35.9997,31.61202],[35.99927,31.60576],[35.99549,31.59357],[35.9969,31.58493],[35.99979,31.58228],[36.02578,31.57045],[36.03876,31.55918],[36.04953,31.54352],[36.05037,31.53282],[36.07136,31.43639],[36.07236,31.42317],[36.07965,31.41315],[36.08784,31.40503],[36.08927,31.3986],[36.07472,31.37427],[36.0764,31.34779],[36.07465,31.33825],[36.04424,31.24603],[36.04064,31.24084],[36.03172,31.23682],[36.0292,31.23423],[36.02922,31.22253],[36.01695,31.19804],[36.0273,31.13483],[36.0251,31.13087],[36.01594,31.1246],[36.00671,31.11271],[36.00877,31.0496],[36.00715,31.03454],[36.01279,31.00536],[36.00188,30.98617],[35.98874,30.93986],[35.98954,30.93193],[35.99999,30.90969],[35.99847,30.90521],[35.98601,30.88912],[35.98618,30.87707],[35.98285,30.86159],[35.98364,30.84938],[35.97529,30.83165],[35.9676,30.80977],[35.96076,30.79769],[35.95021,30.79064],[35.94594,30.78355],[35.94633,30.76362],[35.93928,30.74364],[35.93589,30.74107],[35.9193,30.73648],[35.90715,30.72658],[35.88014,30.69841],[35.87468,30.69098],[35.86584,30.68555],[35.85557,30.67356],[35.83736,30.66154],[35.81154,30.62765],[35.79862,30.574],[35.79948,30.49427],[35.76746,30.4066],[35.76195,30.36351],[35.76201,30.32859],[35.7545,30.29124],[35.74244,30.26694],[35.73675,30.22552],[35.73362,30.22141],[35.72192,30.21522],[35.70578,30.19214],[35.68851,30.18646],[35.67049,30.17586],[35.63514,30.15799],[35.60587,30.11799],[35.58605,30.09907],[35.55588,30.09131],[35.52572,30.0901],[35.49195,30.06962],[35.48176,30.04585],[35.47452,30.03623],[35.46646,30.03333],[35.46268,30.02919],[35.46355,30.02555],[35.46982,30.0197],[35.4708,30.01556],[35.47718,30.01173],[35.47841,30.00433],[35.4766,29.99708],[35.46511,29.99127],[35.46471,29.98422],[35.45907,29.97079],[35.44091,29.95623],[35.43901,29.9525],[35.43888,29.94299],[35.43701,29.93854],[35.39044,29.88255],[35.3618,29.85971],[35.35186,29.84013],[35.31562,29.81627],[35.31167,29.81252],[35.29223,29.75784],[35.28292,29.72567],[35.26577,29.70073],[35.26,29.69006],[35.24944,29.67972],[35.22948,29.67036],[35.20792,29.64884],[35.19618,29.6404],[35.19197,29.62495],[35.17766,29.61439],[35.16544,29.59971],[35.16341,29.59651],[35.16358,29.58316],[35.15612,29.57042],[35.14644,29.56464],[35.14533,29.55933],[35.14051,29.55336],[35.13538,29.54876],[35.13202,29.54816],[35.12257,29.56184],[35.11322,29.56001],[35.1077,29.56316],[35.10275,29.55993],[35.09599,29.55874],[35.08201,29.56379],[35.07958,29.56855],[35.0758,29.5712],[35.06496,29.57224],[35.04253,29.56362],[35.01424,29.5393]],[[35.00651,29.53255],[35.00618,29.53154],[35.01391,29.53897]],[[36.10408,32.03746],[36.11163,32.0433],[36.14971,32.05783],[36.15674,32.06395],[36.16876,32.08434],[36.18357,32.1142],[36.19291,32.12169],[36.19809,32.1241],[36.20716,32.13637],[36.22532,32.17291],[36.25181,32.2409],[36.25135,32.24359],[36.2354,32.26798],[36.23152,32.30667],[36.23182,32.31799],[36.22613,32.33758],[36.23073,32.38816],[36.23019,32.39548],[36.2183,32.43347],[36.21117,32.46554],[36.19719,32.48734],[36.18948,32.50686],[36.19062,32.51579],[36.19778,32.52029],[36.20048,32.52487],[36.20092,32.52964]],[[35.00692,29.53225],[35.01426,29.53869]],[[35.00277,29.52232],[35.00273,29.51351],[35.00005,29.50116],[34.99828,29.49987],[34.99426,29.49992],[34.9896,29.49592],[34.98112,29.47732]],[[36.20069,32.52978],[36.19967,32.52384],[36.19027,32.51559],[36.18926,32.50692],[36.1972,32.4869],[36.21089,32.46577],[36.21812,32.43346],[36.22998,32.39557],[36.23054,32.38818],[36.22593,32.33785],[36.23162,32.31797],[36.23124,32.3075],[36.23519,32.26837],[36.25101,32.24382],[36.25156,32.24067],[36.22478,32.17211],[36.20624,32.13495],[36.19785,32.12405],[36.19283,32.12179],[36.18365,32.11465],[36.16846,32.08426],[36.15639,32.06379],[36.14917,32.05776],[36.11303,32.0441],[36.10579,32.03964]],[[34.98029,29.36209],[34.97693,29.36472],[34.97137,29.36321],[34.96707,29.36369],[34.96332,29.36715],[34.96871,29.37147],[34.96596,29.38172],[34.97705,29.39219]],[[34.97817,29.35701],[34.97405,29.35732],[34.97282,29.35628],[34.96304,29.35823],[34.96201,29.35713]],[[34.97661,29.39218],[34.96588,29.38182],[34.96861,29.37167],[34.96322,29.36712],[34.96711,29.36356],[34.97132,29.36307],[34.97698,29.36457],[34.97988,29.36176]],[[35.09096,29.5018],[35.07671,29.4814],[35.06293,29.47504],[35.05389,29.46761],[35.04211,29.46284],[35.03705,29.45665],[35.04212,29.46275],[35.054,29.46755],[35.06348,29.47525],[35.0769,29.48143],[35.08765,29.49755]],[[35.13053,29.5437],[35.12819,29.53511],[35.11453,29.52496],[35.09096,29.5018],[35.11469,29.525],[35.12817,29.53499],[35.13064,29.54367]],[[34.9812,29.47719],[34.98958,29.49571],[34.99421,29.49979],[35.00006,29.50094],[35.00283,29.51311],[35.00306,29.52195]],[[34.9621,29.35707],[34.96304,29.35801],[34.97818,29.35541],[34.97869,29.35708]],[[34.97861,29.35737],[34.97834,29.35997],[34.98019,29.36131]],[[34.97987,29.3617],[34.97819,29.35994],[34.97822,29.35737]]]}},{"type":"Feature","properties":{"cls":"trunk","ref":"16"},"geometry":{"type":"MultiLineString","coordinates":[[[35.19574,31.76679],[35.18894,31.76891],[35.18449,31.77581],[35.17624,31.78294],[35.16744,31.7881],[35.16021,31.79591],[35.15403,31.79727]],[[35.15702,31.79673],[35.16099,31.79485],[35.16803,31.78734],[35.17831,31.78098],[35.185,31.77487],[35.18901,31.76862],[35.19563,31.76673]]]}},{"type":"Feature","properties":{"cls":"trunk","ref":"2"},"geometry":{"type":"MultiLineString","coordinates":[[[36.6888,33.65201],[36.69699,33.65102],[36.70751,33.64067],[36.71153,33.63897],[36.78291,33.63713],[36.87457,33.6653],[36.88247,33.67024],[36.89146,33.68314],[36.89657,33.68787],[36.94725,33.70698],[36.96619,33.73114],[37.00178,33.76041]],[[34.80238,32.14442],[34.7966,32.13371],[34.79494,32.1261],[34.79183,32.10915],[34.79333,32.09972]],[[34.79351,32.09976],[34.79201,32.10834],[34.79605,32.13049],[34.80254,32.14418]],[[36.56208,33.621],[36.67229,33.64442]],[[36.67435,33.6455],[36.68097,33.65024],[36.68737,33.65179]],[[36.67235,33.64444],[36.67435,33.6455],[36.67227,33.64467]],[[36.67216,33.64463],[36.55649,33.61981],[36.55265,33.62067]],[[36.48718,33.62717],[36.52108,33.62035],[36.54779,33.62151],[36.55265,33.62067],[36.54775,33.62169],[36.5214,33.62049],[36.49396,33.62518],[36.48632,33.62773]]]}},{"type":"Feature","properties":{"cls":"trunk","ref":"20"},"geometry":{"type":"MultiLineString","coordinates":[[[35.89172,32.27482],[35.89328,32.27656],[35.89568,32.27448]],[[35.91917,32.2832],[35.91936,32.28051],[35.91771,32.27888],[35.90926,32.27961],[35.90618,32.27714],[35.89926,32.27493]],[[35.70843,32.29658],[35.70599,32.29645],[35.70578,32.29975]],[[35.76362,32.30763],[35.75084,32.30422]],[[35.6729,32.28663],[35.6761,32.2924],[35.68682,32.29766],[35.69085,32.30283],[35.70531,32.30004],[35.70549,32.2962],[35.70957,32.29666],[35.71363,32.29355],[35.71358,32.2991],[35.71499,32.3006],[35.72856,32.29933],[35.73524,32.30382],[35.73819,32.30333],[35.74268,32.30482],[35.74842,32.3032],[35.758,32.30657],[35.76224,32.30663],[35.76528,32.30897],[35.76871,32.30889],[35.77258,32.31104],[35.77052,32.31357],[35.77166,32.31469],[35.77911,32.31155],[35.77537,32.30534],[35.77547,32.30262],[35.77857,32.29904],[35.78573,32.29809],[35.79014,32.29405],[35.79585,32.28017],[35.80658,32.27889]],[[35.67282,32.2858],[35.67322,32.27491],[35.66579,32.27167],[35.66288,32.26521],[35.65561,32.26522],[35.65044,32.26243],[35.64164,32.26122],[35.62533,32.26758],[35.61893,32.26293],[35.61827,32.26078],[35.61835,32.25448],[35.62517,32.24912],[35.62495,32.24593],[35.62066,32.24499],[35.61128,32.25045]],[[36.09006,32.32418],[36.06436,32.33089],[36.05989,32.33073],[36.05286,32.32815],[36.0496,32.32508]],[[35.89936,32.27481],[35.90614,32.27685],[35.90914,32.27943],[35.91671,32.27846],[35.91939,32.28022],[35.91634,32.29258],[35.91687,32.30183],[35.91502,32.30885],[35.91606,32.30998],[35.92383,32.30548],[35.92644,32.29681],[35.93228,32.29057],[35.93988,32.29201],[35.94475,32.30028],[35.94992,32.30248],[35.95281,32.30706],[35.95884,32.3055],[35.96325,32.30774],[35.97351,32.30626],[35.98966,32.3076],[35.99354,32.30333],[35.99808,32.29397],[36.00293,32.29201],[36.00878,32.29532],[36.01137,32.29917],[36.01501,32.30027],[36.02166,32.31375],[36.03541,32.31619],[36.03882,32.32061],[36.04732,32.32261],[36.05126,32.32724],[36.05872,32.33027],[36.06524,32.33069],[36.09002,32.32403]],[[35.89117,32.27028],[35.89142,32.27522],[35.89102,32.27021]],[[35.87214,32.27737],[35.87855,32.27778],[35.88028,32.27247],[35.88323,32.27013],[35.89117,32.27028],[35.88431,32.2699],[35.88004,32.27305]],[[35.86774,32.27972],[35.87214,32.27737],[35.86648,32.28075],[35.86026,32.28099],[35.85616,32.28682],[35.84714,32.29138],[35.83288,32.28888],[35.82568,32.28477],[35.81915,32.2837],[35.81452,32.2852],[35.81168,32.28279],[35.81118,32.28035]],[[35.60789,32.25072],[35.61128,32.25045],[35.60799,32.25086]],[[35.80658,32.27889],[35.81118,32.28035],[35.80658,32.27889]]]}},{"type":"Feature","properties":{"cls":"trunk","ref":"23"},"geometry":{"type":"MultiLineString","coordinates":[[[35.03548,32.79526],[35.02183,32.78829],[35.00653,32.791],[34.96076,32.79315],[34.96174,32.79204]],[[34.95682,32.78871],[34.95868,32.79202],[34.96389,32.79268],[35.00679,32.79081],[35.02246,32.78809],[35.03562,32.79516]]]}},{"type":"Feature","properties":{"cls":"trunk","ref":"25"},"geometry":{"type":"MultiLineString","coordinates":[[[34.80264,31.23088],[34.79705,31.24092],[34.79322,31.24407],[34.77908,31.24709],[34.77218,31.25153],[34.76101,31.25455],[34.75615,31.25961],[34.74012,31.26859],[34.73329,31.27851],[34.72341,31.28912],[34.71277,31.29747],[34.70273,31.31524],[34.70331,31.32406],[34.69912,31.3305],[34.69564,31.3317],[34.69009,31.33149],[34.68362,31.3338],[34.67213,31.33145],[34.66245,31.33229],[34.65471,31.33686],[34.65128,31.34245],[34.64185,31.34753],[34.62055,31.37206],[34.61452,31.38487],[34.61113,31.40903],[34.59984,31.42979]],[[35.90868,31.81423],[35.91569,31.84213],[35.93498,31.88],[35.93484,31.88996],[35.93831,31.89578],[35.93827,31.89858]],[[35.95139,32.43068],[35.95939,32.45187],[35.96171,32.46237],[35.9734,32.48333],[35.98919,32.50347],[35.99474,32.51276],[36.01036,32.55244]],[[35.31025,30.98975],[35.30409,30.98859],[35.30042,30.98317],[35.29821,30.9856],[35.29108,30.98648],[35.2895,30.99083],[35.28215,30.99512],[35.28073,31.00093],[35.27189,31.00737],[35.26946,31.00717],[35.26476,31.00291],[35.25932,31.00471],[35.26074,31.00673],[35.2583,31.00853],[35.25996,31.0109],[35.25547,31.01648],[35.2558,31.01981],[35.25185,31.01839],[35.25147,31.01983],[35.24756,31.0205],[35.24106,31.02651],[35.23665,31.03315],[35.22214,31.03576],[35.21259,31.03987],[35.20165,31.04262],[35.19639,31.04353],[35.18928,31.04139],[35.15931,31.03859],[35.09389,31.03662],[35.08781,31.03779],[35.07662,31.03499],[35.05629,31.03772],[35.03641,31.0485],[35.03201,31.05245]],[[34.80933,31.22936],[34.85986,31.21835],[34.87305,31.21754],[34.88648,31.21433],[34.89343,31.21128],[34.89849,31.20646],[34.91013,31.20433],[34.91431,31.20151],[34.92605,31.19723],[34.94012,31.18797],[34.95033,31.18741],[34.96706,31.18115],[34.97137,31.1721],[34.97865,31.16327],[34.98423,31.14786],[34.9991,31.13395],[35.00901,31.12731],[35.01334,31.11856],[35.01172,31.10861],[35.00381,31.10328],[34.99935,31.0978],[34.98919,31.08949],[34.9886,31.08417],[34.99521,31.07604],[35.00651,31.06821],[35.02307,31.06006],[35.03201,31.05245],[35.02317,31.06016],[35.00661,31.06829],[34.99495,31.0764],[34.98858,31.08459],[34.98956,31.08946],[34.99947,31.09724],[35.00448,31.10344],[35.01208,31.10878],[35.01366,31.11847],[35.00866,31.12813],[34.99927,31.13403],[34.98446,31.14789],[34.97915,31.16323],[34.9719,31.17164],[34.96674,31.18159],[34.95034,31.18755],[34.94036,31.18815],[34.92652,31.19715],[34.91073,31.20435],[34.89896,31.20665],[34.88964,31.21369],[34.80941,31.22953]],[[34.80902,31.22943],[34.80275,31.23045]],[[34.59969,31.42982],[34.61098,31.40899],[34.61457,31.3834],[34.62114,31.36977],[34.64032,31.3484],[34.65117,31.34235],[34.65459,31.33677],[34.66239,31.33216],[34.67214,31.33132],[34.68362,31.33368],[34.69005,31.33136],[34.69902,31.3304],[34.70316,31.32403],[34.70259,31.31519],[34.71264,31.29741],[34.72329,31.28904],[34.73317,31.27844],[34.74,31.2685],[34.75606,31.25949],[34.7609,31.2544],[34.77208,31.25137],[34.77913,31.24686],[34.79339,31.24375],[34.79672,31.24103],[34.80275,31.23045]],[[36.04635,32.58107],[36.02972,32.57454],[36.01832,32.56789]],[[36.0184,32.56774],[36.03819,32.57781]],[[36.03977,32.57848],[36.04895,32.58213],[36.05145,32.58509]],[[34.59778,31.4302],[34.59984,31.42979],[34.58993,31.43443]],[[36.01012,32.55253],[35.99456,32.51266],[35.98944,32.504],[35.97353,32.4837],[35.96156,32.46225],[35.9592,32.45183],[35.95116,32.43097]],[[36.01045,32.55263],[36.01498,32.55879],[36.01561,32.56628],[36.01822,32.56768]],[[36.01815,32.56781],[36.01551,32.56633],[36.01489,32.55887],[36.01022,32.55272]],[[34.53485,31.46504],[34.55827,31.4513]],[[35.93817,31.8986],[35.93814,31.89573],[35.93473,31.88998],[35.93472,31.87964],[35.91557,31.84217],[35.90852,31.8142]],[[35.97715,31.89415],[35.97251,31.89661],[35.95562,31.90066],[35.94279,31.90279],[35.93981,31.90169]],[[35.93992,31.90165],[35.94308,31.90262],[35.95697,31.90027],[35.97239,31.89653],[35.9773,31.89393]],[[34.80906,31.22962],[34.80325,31.23049]],[[34.53367,31.4658],[34.5294,31.46912]],[[34.49319,31.48001],[34.51297,31.47688],[34.52216,31.47379],[34.52878,31.46972]],[[34.57219,31.44527],[34.57651,31.44295]],[[34.58692,31.43611],[34.57187,31.44543]],[[34.58993,31.43443],[34.58692,31.43611],[34.58993,31.43443]],[[34.56071,31.44948],[34.57071,31.44584]]]}},{"type":"Feature","properties":{"cls":"trunk","ref":"3"},"geometry":{"type":"MultiLineString","coordinates":[[[34.78444,31.76065],[34.76663,31.7439],[34.76281,31.73738],[34.75034,31.72832],[34.73511,31.71274],[34.7196,31.70439],[34.69122,31.69471],[34.68413,31.69343],[34.67517,31.6894],[34.66457,31.68796],[34.64314,31.6799],[34.60954,31.67618]],[[34.98145,31.83623],[34.95903,31.82603],[34.94114,31.82622],[34.93007,31.82409],[34.91117,31.81289],[34.89695,31.81051],[34.88592,31.81091],[34.87593,31.80917],[34.86079,31.81013],[34.85267,31.8089],[34.8425,31.80517],[34.83186,31.79546],[34.82012,31.78843],[34.81445,31.77988],[34.80786,31.77392],[34.79161,31.76194],[34.78735,31.76018],[34.78471,31.76065]],[[34.78467,31.76054],[34.78713,31.76002],[34.79125,31.76159],[34.80795,31.77383],[34.81457,31.77981],[34.82023,31.78835],[34.83106,31.79466],[34.84225,31.80491],[34.85271,31.80878],[34.86081,31.81],[34.87594,31.80903],[34.88641,31.81076],[34.89674,31.81033],[34.91094,31.81268],[34.93018,31.82393],[34.94033,31.82603],[34.95907,31.8259],[34.98364,31.83744]],[[35.00138,31.85375],[34.99456,31.85214],[34.99174,31.84598],[34.99211,31.84255],[34.98894,31.83965]],[[34.60952,31.67609],[34.64349,31.67989],[34.66485,31.68795],[34.67546,31.68937],[34.68456,31.69346],[34.69086,31.69448],[34.71984,31.70438],[34.73533,31.71276],[34.75043,31.72825],[34.7631,31.73742],[34.76678,31.7438],[34.78467,31.76054]],[[35.00409,31.85442],[35.00138,31.85375],[35.00416,31.8543]],[[35.00446,31.8544],[35.01668,31.85576],[35.02867,31.85467]],[[34.98459,31.83781],[34.98894,31.83965],[34.98451,31.83792]]]}},{"type":"Feature","properties":{"cls":"trunk","ref":"30"},"geometry":{"type":"MultiLineString","coordinates":[[[36.09454,32.06241],[36.10157,32.07628],[36.11173,32.08583],[36.12125,32.08903],[36.13175,32.08842],[36.13955,32.09117],[36.14976,32.09266],[36.18382,32.08824],[36.20002,32.0882],[36.22298,32.08393],[36.22926,32.08403],[36.23643,32.08633]],[[36.2364,32.08659],[36.22933,32.08418],[36.22267,32.08404],[36.20023,32.0883],[36.18399,32.08834],[36.1496,32.09278],[36.13953,32.09129],[36.13172,32.08853],[36.12122,32.08915],[36.11158,32.08586],[36.1016,32.0765],[36.09449,32.06265]],[[36.86668,31.64802],[36.89933,31.6076],[36.9715,31.575],[37.00848,31.55186]],[[37.00874,31.55208],[36.97226,31.57493],[36.90001,31.60751],[36.89514,31.61199],[36.8693,31.64499]]]}},{"type":"Feature","properties":{"cls":"trunk","ref":"31"},"geometry":{"type":"MultiLineString","coordinates":[[[35.35992,31.14146],[35.35876,31.13832],[35.35562,31.13775],[35.35385,31.1436],[35.35006,31.14814],[35.33884,31.14539],[35.33588,31.14618],[35.33366,31.15075],[35.33372,31.1581],[35.32316,31.16329],[35.31064,31.17343],[35.29859,31.17453],[35.29715,31.17737],[35.29069,31.18192],[35.28875,31.18667],[35.28524,31.18952],[35.27087,31.19663],[35.26822,31.20008],[35.26486,31.19969],[35.26192,31.20112],[35.26098,31.20363],[35.25589,31.20669],[35.24894,31.21408],[35.24977,31.21778],[35.24813,31.22123],[35.25014,31.22363],[35.25021,31.23455],[35.24416,31.23732],[35.24224,31.23964],[35.23201,31.23869],[35.21682,31.24569],[35.21325,31.25052],[35.2129,31.25364],[35.21055,31.25485]],[[35.20971,31.25495],[35.20135,31.24997],[35.19674,31.24881],[35.17688,31.25458],[35.14438,31.25538],[35.10975,31.2541],[35.093,31.2581],[35.07774,31.25574],[35.06578,31.25967],[35.04637,31.25885],[35.0254,31.26445],[35.01914,31.26187],[35.00197,31.26317],[34.99628,31.26222],[34.97503,31.26733],[34.95624,31.26712],[34.94049,31.2768],[34.92893,31.28804],[34.90898,31.30142],[34.89061,31.31734]],[[34.88671,31.32097],[34.90891,31.30134],[34.92829,31.28841],[34.93994,31.27712],[34.95647,31.26698],[34.97555,31.26717],[34.99618,31.26217],[35.00228,31.2631],[35.01923,31.26181],[35.02539,31.26437],[35.0466,31.2587],[35.06576,31.25953],[35.07773,31.2556],[35.09297,31.25795],[35.10974,31.25396],[35.14438,31.25524],[35.17686,31.25445],[35.19673,31.24869],[35.20143,31.24986],[35.20972,31.25474]],[[34.86621,31.34284],[34.87037,31.33896],[34.87419,31.33245],[34.88618,31.32146]]]}},{"type":"Feature","properties":{"cls":"trunk","ref":"34"},"geometry":{"type":"MultiLineString","coordinates":[[[34.59984,31.42979],[34.6017,31.44631],[34.59953,31.45311],[34.5938,31.46285],[34.59116,31.48216],[34.59163,31.49967],[34.58579,31.5099],[34.58649,31.51546],[34.58512,31.52141],[34.57953,31.53059],[34.58108,31.55648],[34.57718,31.5637],[34.57564,31.5745],[34.5718,31.5819],[34.56327,31.58851],[34.57192,31.58136],[34.57561,31.57397],[34.57692,31.56284],[34.58097,31.55611],[34.57837,31.5319],[34.58485,31.52169],[34.58627,31.51601],[34.58568,31.50977],[34.59149,31.49965],[34.59103,31.48197],[34.59366,31.46282],[34.5994,31.45307],[34.60156,31.4463],[34.59969,31.42982]]]}},{"type":"Feature","properties":{"cls":"trunk","ref":"35"},"geometry":{"type":"MultiLineString","coordinates":[[[35.90687,31.80645],[35.90868,31.81423]],[[35.85548,31.93409],[35.84954,31.93915],[35.85041,31.95126],[35.83683,31.97819],[35.83151,31.98555],[35.83037,31.99041],[35.83092,32.00312],[35.84207,32.01303],[35.84398,32.02069],[35.83925,32.03106],[35.83134,32.0345],[35.83684,32.03933],[35.83708,32.04609],[35.84341,32.04858],[35.84544,32.05286],[35.8447,32.0562],[35.83878,32.0643],[35.838,32.07405],[35.84108,32.0879],[35.84738,32.09825],[35.84848,32.10521],[35.85347,32.11301],[35.85554,32.12104],[35.85381,32.13411],[35.85669,32.14434],[35.84794,32.14927],[35.84904,32.15822],[35.84592,32.16411],[35.84851,32.17246],[35.85414,32.17635],[35.84884,32.18419],[35.85217,32.18791],[35.85794,32.1912],[35.86414,32.19245],[35.86624,32.20167],[35.87344,32.20772],[35.87384,32.21372],[35.88127,32.21655],[35.88836,32.21646],[35.89127,32.22279],[35.89621,32.2284],[35.89237,32.24565],[35.89537,32.25689],[35.89697,32.25899],[35.90209,32.26137],[35.91278,32.27248],[35.9136,32.29438],[35.91543,32.30265],[35.91376,32.30832],[35.91804,32.31508],[35.91966,32.32325],[35.9158,32.32981],[35.91215,32.34154],[35.91381,32.34663],[35.91341,32.35143],[35.91819,32.3568],[35.91934,32.36137],[35.92402,32.36354],[35.93364,32.37568],[35.94465,32.37787],[35.9475,32.3804],[35.94623,32.38806],[35.95188,32.39499],[35.94751,32.40608],[35.94955,32.4153],[35.94957,32.42539],[35.95139,32.43068]],[[34.82041,31.59598],[34.81543,31.59894],[34.80153,31.60217],[34.7878,31.60791],[34.77358,31.6185],[34.74242,31.63282],[34.72694,31.64775],[34.72071,31.64898],[34.70666,31.64514],[34.68125,31.64733],[34.63043,31.6638],[34.61639,31.66419],[34.60655,31.6659]],[[35.11732,31.56444],[35.09949,31.56267],[35.09066,31.55973],[35.05619,31.563],[35.04237,31.55614],[35.03063,31.55999],[35.01397,31.55433],[35.01056,31.55538],[35.00664,31.56007],[34.99733,31.56438],[34.99084,31.56587],[34.98323,31.57164]],[[35.95116,32.43097],[35.94927,32.42546],[35.94929,32.41471],[35.94728,32.40613],[35.95167,32.39517],[35.94591,32.3877],[35.9473,32.38046],[35.94476,32.37809],[35.93324,32.3757],[35.92394,32.36373],[35.9191,32.3614],[35.91804,32.35693],[35.91319,32.35103],[35.91375,32.34695],[35.91204,32.34148],[35.91575,32.32957],[35.91952,32.32343],[35.91803,32.31538],[35.91365,32.30864],[35.91531,32.30216],[35.91349,32.29449],[35.91266,32.27231],[35.90168,32.26115],[35.8953,32.25707],[35.89225,32.2457],[35.89608,32.22843],[35.89127,32.22303],[35.88836,32.21655],[35.88118,32.21666],[35.87385,32.21398],[35.87332,32.20776],[35.86619,32.20192],[35.86386,32.19231],[35.85766,32.19126],[35.85218,32.18808],[35.8487,32.18423],[35.85404,32.17653],[35.84829,32.17238],[35.84577,32.16432],[35.84892,32.15821],[35.84773,32.14941],[35.85661,32.14418],[35.85367,32.13415],[35.85545,32.12112],[35.853,32.11243],[35.84842,32.10544],[35.84721,32.09822],[35.84089,32.08779],[35.83801,32.07455],[35.83866,32.06429],[35.84467,32.05599],[35.84523,32.05251],[35.84326,32.04863],[35.83708,32.04625],[35.8367,32.03938],[35.83119,32.03468],[35.83222,32.03326],[35.83913,32.03105],[35.84386,32.02046],[35.84182,32.01296],[35.83071,32.00299],[35.8302,31.99051],[35.83157,31.98505],[35.83668,31.97823],[35.85031,31.95107],[35.84942,31.93905],[35.857,31.93208]],[[35.90852,31.8142],[35.90658,31.80572]],[[34.83885,31.58487],[34.84396,31.58702],[34.84679,31.58536],[34.85723,31.58605],[34.86978,31.59592],[34.87435,31.59698],[34.88587,31.60401],[34.90255,31.61096]],[[34.60655,31.66578],[34.63038,31.66363],[34.6472,31.6591],[34.68087,31.64727],[34.70682,31.64502],[34.72072,31.64885],[34.72705,31.64757],[34.74214,31.63277],[34.77341,31.61844],[34.78869,31.60727],[34.8017,31.60195],[34.81625,31.5984],[34.82312,31.59251],[34.83147,31.59035],[34.83434,31.58543],[34.8366,31.58466]],[[34.96472,31.59052],[34.97192,31.58718],[34.97435,31.58181],[34.9797,31.57766],[34.9817,31.57389]],[[34.90415,31.61156],[34.92172,31.61772],[34.93538,31.61476],[34.94818,31.61393],[34.95179,31.61219],[34.96081,31.60289],[34.96147,31.59326]]]}},{"type":"Feature","properties":{"cls":"trunk","ref":"38"},"geometry":{"type":"MultiLineString","coordinates":[[[34.94694,31.68362],[34.94521,31.68938]],[[35.02412,31.81522],[35.0197,31.82092],[35.02216,31.81461],[35.01445,31.80061],[35.01373,31.77961],[35.0048,31.77463],[34.99528,31.76405],[34.98848,31.76113],[34.9778,31.75162]],[[34.93618,31.67257],[34.94624,31.67812],[34.94685,31.68606],[34.94324,31.69244],[34.94216,31.69764],[34.94303,31.70143]],[[34.97619,31.74969],[34.97954,31.75413],[34.98808,31.76068],[34.99525,31.76389],[35.00446,31.77417],[35.01412,31.78003],[35.01461,31.80059],[35.02235,31.81477],[35.02069,31.8207],[35.01527,31.82296]],[[34.94961,31.70843],[34.95802,31.71063],[34.96089,31.71485]],[[34.96611,31.73338],[34.96682,31.72936],[34.96381,31.71906],[34.96089,31.71485],[34.96395,31.719],[34.96695,31.7293],[34.96643,31.73485],[34.97295,31.74091],[34.9735,31.74689],[34.97619,31.74969],[34.97339,31.74717],[34.97289,31.74105],[34.96696,31.73589],[34.96611,31.73338]],[[34.94325,31.7023],[34.94696,31.70587]],[[34.9034,31.61185],[34.90894,31.62239],[34.91959,31.63254],[34.92559,31.64713],[34.92943,31.66316],[34.93481,31.67143]],[[34.94961,31.70843],[34.94696,31.70587],[34.94961,31.70843]]]}},{"type":"Feature","properties":{"cls":"trunk","ref":"4"},"geometry":{"type":"MultiLineString","coordinates":[[[34.94944,32.59617],[34.94264,32.58635],[34.93119,32.55509],[34.93214,32.54406],[34.92873,32.53452],[34.93042,32.50635],[34.91398,32.46538],[34.90682,32.45652],[34.91115,32.44282],[34.90302,32.40433],[34.90327,32.39209],[34.90828,32.37659],[34.90941,32.36769],[34.90788,32.34485],[34.89206,32.25925],[34.8828,32.22586],[34.88483,32.19835],[34.88848,32.1923],[34.88987,32.18599],[34.88887,32.17996],[34.88749,32.1748],[34.87246,32.15517],[34.87361,32.14562],[34.87046,32.12989],[34.86761,32.12763],[34.85704,32.12562],[34.85233,32.11979],[34.84583,32.09525],[34.84563,32.08523],[34.84303,32.07241],[34.83756,32.06394],[34.83004,32.04721],[34.82856,32.02904],[34.82094,32.01769]],[[34.81776,32.01391],[34.82884,32.02901],[34.83021,32.0472],[34.83753,32.06352],[34.84334,32.0726],[34.84588,32.08531],[34.84602,32.09528],[34.85255,32.11983],[34.85736,32.12554],[34.86766,32.12747],[34.8704,32.12947],[34.87383,32.1449],[34.87292,32.1556],[34.88753,32.17452],[34.88912,32.18018],[34.89012,32.18571],[34.88875,32.19215],[34.885,32.19842],[34.88293,32.22587],[34.8924,32.25954],[34.90763,32.34097],[34.90953,32.3677],[34.90748,32.38041],[34.90341,32.39211],[34.90317,32.40485],[34.91128,32.44286],[34.90696,32.45646],[34.91405,32.465],[34.93047,32.50601],[34.92888,32.53409],[34.93231,32.54401],[34.93139,32.55535],[34.94277,32.58638],[34.9495,32.59615]],[[34.69839,31.82296],[34.69743,31.81116],[34.6865,31.79659],[34.66821,31.77907],[34.66727,31.76194],[34.66572,31.75707],[34.66129,31.75197],[34.65347,31.75074],[34.64948,31.74796],[34.63464,31.72267],[34.61481,31.69545],[34.6099,31.68436],[34.60958,31.67638],[34.60679,31.67008],[34.60629,31.66248],[34.59987,31.65624],[34.59455,31.64834],[34.58315,31.62303],[34.56565,31.59211],[34.56022,31.58508]],[[34.54762,31.56417],[34.553,31.57535],[34.56368,31.58876],[34.57369,31.60535],[34.57823,31.61583],[34.58994,31.63574],[34.5948,31.64845],[34.60011,31.65631],[34.60642,31.66244],[34.60695,31.67008],[34.60984,31.67678],[34.61,31.68408],[34.61502,31.69545],[34.63481,31.7226],[34.64962,31.74787],[34.65354,31.7506],[34.66138,31.75184],[34.66587,31.757],[34.66745,31.76192],[34.66871,31.77953],[34.68652,31.79625],[34.69777,31.81125],[34.69978,31.82665]],[[35.10233,33.01362],[35.09528,32.98823],[35.09247,32.97218],[35.09378,32.96205],[35.09064,32.95273],[35.09519,32.94468],[35.0966,32.93819],[35.09625,32.91381],[35.08999,32.90462],[35.09345,32.89604],[35.09659,32.87799],[35.09607,32.87208],[35.09327,32.85007],[35.08012,32.82903],[35.07872,32.81904],[35.06705,32.80878],[35.05649,32.80609],[35.04894,32.79867],[35.03289,32.79032],[35.02817,32.78932],[35.00942,32.8062],[35.00458,32.81188],[35.00318,32.81651],[34.98825,32.82712],[34.97456,32.83043],[34.96402,32.82967],[34.95732,32.82389],[34.9558,32.81736],[34.95811,32.80511],[34.96162,32.79826],[34.9607,32.7948],[34.96328,32.77475],[34.96136,32.75851],[34.96574,32.7445]],[[35.01622,32.79927],[35.0196,32.79765],[35.02693,32.78935],[35.02899,32.7892],[35.04926,32.7986],[35.05661,32.80586],[35.06826,32.8093],[35.07896,32.81896],[35.08042,32.8292],[35.0933,32.84945],[35.09644,32.87364],[35.09818,32.87526],[35.0935,32.89645],[35.09022,32.90439],[35.09605,32.91264],[35.09729,32.92404],[35.09561,32.944],[35.09146,32.95025],[35.09083,32.9537],[35.09385,32.9613],[35.0927,32.9722],[35.09548,32.98838],[35.09976,33.00752],[35.10257,33.01356]],[[35.11554,33.07544],[35.11434,33.08122],[35.10908,33.08616],[35.10946,33.09086],[35.10476,33.09432]],[[34.97074,32.71279],[34.96633,32.72172],[34.96611,32.74308],[34.9616,32.75762],[34.96346,32.77454],[34.96213,32.79763],[34.95688,32.81038],[34.95594,32.81738],[34.95699,32.82297],[34.96572,32.83022],[34.97457,32.83032],[34.98257,32.82848],[34.99173,32.82456],[35.00271,32.81673],[35.00437,32.81135],[35.00786,32.80815]],[[34.96926,32.70411],[34.97074,32.71279],[34.97008,32.70846]],[[34.94968,32.59665],[34.957,32.62484],[34.95846,32.63851]],[[35.1154,33.07457],[35.10337,33.05598],[35.10298,33.05132],[35.10566,33.04627]],[[34.95855,32.64103],[34.96241,32.68401],[34.96874,32.70116]],[[35.1043,33.03155],[35.10362,33.01985]],[[34.95846,32.63851],[34.95855,32.64103],[34.95846,32.63851]],[[35.10463,33.03508],[35.1043,33.03155],[35.106,33.03934]],[[35.10602,33.0451],[35.106,33.03934],[35.10668,33.04216]],[[34.96926,32.70411],[34.96874,32.70116],[34.96926,32.70411]],[[35.10266,33.01381],[35.10348,33.01709],[35.10245,33.01388]],[[34.54762,31.56417],[34.54595,31.56115],[34.54762,31.56417]]]}},{"type":"Feature","properties":{"cls":"trunk","ref":"40"},"geometry":{"type":"MultiLineString","coordinates":[[[34.78471,31.76065],[34.77811,31.77609],[34.77544,31.78885],[34.76423,31.79905],[34.76761,31.81104],[34.77325,31.8182],[34.77607,31.82553],[34.7812,31.83038],[34.78619,31.84009],[34.80094,31.85243],[34.80622,31.85899],[34.82405,31.87489],[34.84592,31.90255],[34.85499,31.911],[34.86545,31.91809],[34.8824,31.92121],[34.89,31.93039],[34.89751,31.9437],[34.90679,31.94894],[34.90795,31.9538],[34.90199,31.96945],[34.90505,31.97757],[34.90497,31.98538],[34.90768,31.99112],[34.90465,31.99164],[34.90457,31.99262]],[[34.9025,32.12925],[34.90388,32.126],[34.90256,32.11198],[34.8978,32.10198],[34.90149,32.09675],[34.90131,32.08636],[34.90349,32.0782],[34.90288,32.06401],[34.90792,32.02407],[34.90568,32.02126],[34.90633,32.00243]],[[34.89882,32.10087],[34.90163,32.09686],[34.90236,32.09223],[34.90146,32.0864],[34.90365,32.07822],[34.90305,32.06401],[34.90805,32.02483],[34.90585,32.02125],[34.90684,32.0059],[34.90431,31.99162],[34.9073,31.9908],[34.90492,31.98557],[34.90485,31.97746],[34.9018,31.96924],[34.90756,31.95461],[34.90757,31.95079],[34.905,31.94746],[34.89722,31.94356],[34.88985,31.93046],[34.88245,31.92141],[34.86449,31.91779],[34.84586,31.90261],[34.82393,31.87497],[34.80623,31.85921],[34.80083,31.85251],[34.78607,31.84016],[34.78097,31.83028],[34.7756,31.82512],[34.77311,31.81826],[34.76746,31.8111],[34.76394,31.79967],[34.76569,31.79647],[34.77246,31.79255],[34.77513,31.7891],[34.77796,31.77605],[34.78444,31.76065]],[[33.85854,31.14522],[33.86369,31.14252],[33.86805,31.14187],[33.92113,31.15343],[33.94028,31.15414],[33.94995,31.16088],[33.95374,31.17068],[33.95564,31.17219],[33.97179,31.17233],[33.98764,31.17564],[33.99127,31.17942],[34.0148,31.18782],[34.02147,31.19222],[34.05167,31.19707],[34.06458,31.20635],[34.08123,31.20705],[34.09541,31.20986],[34.13846,31.21417],[34.16018,31.22021],[34.18569,31.22005],[34.19347,31.22335],[34.20689,31.22404],[34.22761,31.22726]],[[34.78295,31.50595],[34.78301,31.51348],[34.77766,31.5199],[34.7752,31.52843],[34.76795,31.53502],[34.76557,31.5406],[34.76572,31.5504],[34.75851,31.56889],[34.76064,31.58588],[34.74974,31.60838],[34.75034,31.62096],[34.76474,31.63004],[34.76842,31.63478],[34.76883,31.64037],[34.7632,31.65656],[34.76487,31.65937],[34.77012,31.66193],[34.77144,31.66464],[34.76249,31.68446],[34.75913,31.69713],[34.75422,31.70543],[34.75325,31.71639],[34.75786,31.73262]],[[34.78879,31.40207],[34.78931,31.38901],[34.79595,31.36271],[34.78621,31.32928],[34.78816,31.31108],[34.81843,31.30175],[34.82395,31.29846],[34.82662,31.29321],[34.82577,31.28102],[34.83023,31.26569],[34.82862,31.24821],[34.83238,31.23654],[34.82523,31.21381],[34.81789,31.20408],[34.80969,31.1974],[34.80543,31.19138]],[[35.00198,30.27971],[35.00693,30.27822],[35.02075,30.27723],[35.02432,30.25668],[35.0222,30.2377],[35.0116,30.21631],[35.00796,30.19541],[35.01518,30.17417],[35.01608,30.16491],[35.02449,30.14115],[35.02321,30.1357],[35.01426,30.12225],[35.00548,30.08469],[35.00885,30.06828],[35.00935,30.05592],[35.01855,30.04314],[35.03116,30.04696],[35.04068,30.04328],[35.04342,30.03926],[35.04672,30.02597],[35.05422,30.02191],[35.0615,30.02053],[35.05738,30.01454],[35.0593,30.01062],[35.05827,30.00853],[35.06142,30.00915],[35.06057,30.00627],[35.0659,29.99988],[35.06499,29.99808],[35.06608,29.99428],[35.07648,29.98998]],[[34.75912,31.73438],[34.75705,31.73141],[34.75317,31.71688],[34.75403,31.70564],[34.759,31.69709],[34.76235,31.68442],[34.7713,31.66465],[34.77002,31.66202],[34.76478,31.65947],[34.76306,31.65657],[34.76868,31.64035],[34.76827,31.63483],[34.76441,31.62994],[34.74984,31.62203],[34.74967,31.60701],[34.7605,31.58586],[34.75837,31.56888],[34.76536,31.55109],[34.76503,31.54153],[34.76756,31.5351],[34.77489,31.52822],[34.7819,31.50911]],[[35.92211,31.9445],[35.9238,31.93781],[35.92142,31.93136],[35.91846,31.92737],[35.91087,31.92656],[35.91119,31.91955],[35.90342,31.91696],[35.90117,31.91339],[35.89029,31.90998],[35.88718,31.90725],[35.86531,31.89831],[35.85975,31.89797],[35.85353,31.89574],[35.84809,31.88944],[35.84375,31.88664],[35.84219,31.87892],[35.83751,31.87293],[35.83252,31.86807],[35.82346,31.86327],[35.81879,31.8635],[35.81018,31.86016],[35.80187,31.86069],[35.79857,31.86269],[35.7931,31.86223],[35.78797,31.87492],[35.78801,31.8796],[35.78539,31.88079],[35.77728,31.87489],[35.77176,31.87302],[35.76786,31.86852],[35.76343,31.86726],[35.76002,31.86148],[35.75501,31.86335],[35.74997,31.86349],[35.74634,31.86825],[35.73238,31.86951],[35.72989,31.86709],[35.72112,31.86315],[35.71275,31.8554],[35.70364,31.85236],[35.69383,31.83846]],[[35.69431,31.83875],[35.70353,31.85215],[35.71311,31.85541],[35.72132,31.86304],[35.73246,31.86938],[35.74633,31.86817],[35.75004,31.86335],[35.75517,31.8632],[35.76005,31.86139],[35.76366,31.86727],[35.76777,31.86828],[35.77194,31.873],[35.777,31.87462],[35.78563,31.88051],[35.78789,31.87947],[35.78788,31.87484],[35.79341,31.86198],[35.79844,31.8626],[35.80165,31.86061],[35.81031,31.86002],[35.81884,31.86337],[35.82339,31.86313],[35.83251,31.86791],[35.83733,31.87252],[35.84243,31.87917],[35.84373,31.88642],[35.85374,31.89573],[35.86038,31.89802],[35.8652,31.89812],[35.88737,31.90724],[35.89038,31.90988],[35.90137,31.91336],[35.9039,31.91703]],[[34.92863,32.17053],[34.92592,32.16354],[34.92624,32.15754],[34.91894,32.14751],[34.91678,32.13977],[34.9025,32.12925],[34.91692,32.13966],[34.91927,32.1479],[34.92637,32.15758],[34.92615,32.16354],[34.92895,32.17055]],[[34.80584,31.19136],[34.80961,31.19713],[34.81823,31.20424],[34.82535,31.21378],[34.83253,31.23652],[34.82877,31.24822],[34.83038,31.2657],[34.82601,31.28054],[34.82681,31.29282],[34.82447,31.29809],[34.8197,31.30141],[34.78832,31.31297],[34.7864,31.32951],[34.79613,31.36271],[34.78955,31.38875],[34.79069,31.39674],[34.7889,31.406]],[[34.99975,30.28384],[34.99663,30.28862],[34.9856,30.28888],[34.98148,30.29544],[34.96662,30.30098],[34.96596,30.30348],[34.96911,30.30901],[34.96745,30.31238],[34.96696,30.31991],[34.95658,30.32138],[34.95272,30.33134],[34.94903,30.33615],[34.95041,30.34258],[34.95988,30.3533],[34.9641,30.36376],[34.96226,30.37063],[34.9562,30.3763],[34.95159,30.37852],[34.94976,30.38412],[34.92969,30.48379],[34.93105,30.48572],[34.93622,30.48611],[34.93903,30.49164],[34.93279,30.49338],[34.93054,30.49533],[34.9357,30.4953],[34.93766,30.49963],[34.94261,30.50112],[34.94559,30.50452],[34.94508,30.50613],[34.94061,30.5089],[34.94075,30.51868],[34.93766,30.52325],[34.93196,30.52718],[34.91919,30.53149],[34.92009,30.53872],[34.90759,30.56555],[34.90083,30.56687],[34.89141,30.56631],[34.88536,30.57135],[34.88354,30.57888],[34.88819,30.58418],[34.89333,30.58717],[34.88864,30.59403],[34.8821,30.59496],[34.87284,30.59954],[34.86536,30.60561],[34.86009,30.61216],[34.85016,30.61528],[34.84025,30.62409],[34.8251,30.62504],[34.8187,30.62031],[34.81878,30.62303],[34.81733,30.62134],[34.81775,30.62348],[34.81487,30.61965],[34.80927,30.6164],[34.80799,30.60984],[34.80569,30.61059]],[[34.89875,32.10362],[34.90271,32.11195],[34.90409,32.12642],[34.90263,32.12941]],[[34.99975,30.28384],[35.00198,30.27971],[34.99975,30.28384]],[[36.12436,31.80782],[36.10278,31.81717],[36.09269,31.8166],[36.08837,31.81753],[36.07738,31.82351],[36.06158,31.83532],[36.01638,31.86056],[36.00747,31.86238],[35.98868,31.86945],[35.96587,31.8761],[35.95394,31.87627],[35.93483,31.88055]],[[35.93481,31.88049],[35.95359,31.87621],[35.96618,31.87591],[36.00707,31.86237],[36.01635,31.86047],[36.06039,31.83585],[36.07795,31.82299],[36.08808,31.81752],[36.09241,31.81648],[36.10302,31.81699],[36.11883,31.81097],[36.13536,31.80154],[36.17707,31.80045],[36.2039,31.78848],[36.24149,31.78227],[36.27508,31.76748],[36.30411,31.76162],[36.32908,31.76196],[36.35071,31.75815],[36.37254,31.75738],[36.4312,31.74503],[36.46375,31.72976],[36.46896,31.72857],[36.50856,31.73213],[36.53308,31.74255],[36.57913,31.78604],[36.59852,31.81504],[36.60396,31.82015],[36.64857,31.84361],[36.68505,31.85432],[36.7269,31.87018]],[[36.81346,31.83737],[36.81553,31.83711],[36.81127,31.838],[36.77729,31.85783],[36.7644,31.86967],[36.75256,31.87319]],[[35.90342,31.91701],[35.91128,31.91944],[35.91118,31.9266],[35.91896,31.92756],[35.92388,31.93762],[35.92213,31.94197],[35.92344,31.94453]],[[34.80374,30.62046],[34.80374,30.61347]],[[34.2282,31.2276],[34.23665,31.23482],[34.25323,31.24544],[34.22785,31.22804]],[[34.22727,31.22771],[34.2077,31.22428],[34.19361,31.22354],[34.18557,31.22018],[34.16021,31.22037],[34.13475,31.21375],[34.09514,31.20995],[34.07969,31.20702],[34.0646,31.20654],[34.05323,31.19814],[34.02113,31.19229],[34.01425,31.18789],[33.99135,31.17972],[33.98593,31.17574],[33.97247,31.17266],[33.9553,31.1723],[33.94811,31.16085],[33.93962,31.15567],[33.92327,31.1541],[33.86821,31.14206],[33.86366,31.14272],[33.85879,31.14549]],[[33.85833,31.14564],[33.84349,31.14668],[33.83743,31.14651],[33.83123,31.14441],[33.82641,31.14531]],[[34.82932,31.05359],[34.8382,31.06294],[34.83957,31.07355],[34.83398,31.08544],[34.82944,31.09055],[34.82587,31.10342],[34.81485,31.11561],[34.80479,31.13858],[34.80566,31.15376],[34.80391,31.16418],[34.80733,31.17802],[34.80564,31.19079]],[[34.80533,31.1913],[34.80721,31.17802],[34.8038,31.16418],[34.80555,31.15376],[34.80468,31.13856],[34.81473,31.11556],[34.82574,31.10337],[34.82931,31.09051],[34.83385,31.08539],[34.83954,31.07232],[34.83807,31.06299],[34.83042,31.05444],[34.80388,31.03492],[34.79582,31.02564]],[[33.797,31.14008],[33.80848,31.142]],[[33.83363,31.14505],[33.84441,31.14658],[33.85824,31.14538]],[[34.89786,32.10212],[34.89882,32.10087],[34.89875,32.10362],[34.89794,32.10189]],[[36.73909,31.87378],[36.75256,31.87319],[36.74015,31.87409],[36.7269,31.87018],[36.73909,31.87378]],[[33.80849,31.1421],[33.79707,31.14122]],[[33.81067,31.14194],[33.81829,31.14221],[33.82501,31.1453],[33.83101,31.14425]],[[33.82413,31.14516],[33.81824,31.1423],[33.81067,31.14203]],[[34.75609,30.81704],[34.75968,30.81309],[34.76745,30.7939],[34.76942,30.77848],[34.77165,30.77271],[34.77319,30.75916],[34.76747,30.74797],[34.76979,30.73377],[34.77418,30.72826],[34.77856,30.71685],[34.78493,30.71193],[34.78352,30.70314],[34.78502,30.69168],[34.8007,30.68079],[34.80371,30.67546],[34.80464,30.66719],[34.80847,30.66398],[34.81117,30.65587],[34.80755,30.64567],[34.80374,30.62046],[34.8039,30.62191]],[[34.7678,30.9864],[34.7721,30.98111],[34.77276,30.97185],[34.78161,30.9623],[34.78738,30.94777],[34.78428,30.93654],[34.77793,30.92463],[34.77841,30.90552],[34.78145,30.90208],[34.78269,30.89758],[34.79127,30.8917],[34.79378,30.88343]],[[34.75328,30.82055],[34.74826,30.82646],[34.73919,30.83181],[34.74345,30.84363],[34.74749,30.84658],[34.75433,30.84884],[34.76065,30.84782],[34.76729,30.85037],[34.7809,30.86974],[34.79191,30.87957],[34.79398,30.88315]],[[34.77146,31.00223],[34.76771,30.9989],[34.76285,30.99117],[34.7678,30.9864],[34.76532,30.98851]],[[34.7797,31.00948],[34.77455,31.00465]],[[34.79367,31.02361],[34.7797,31.00948],[34.78141,31.0111]],[[34.79367,31.02361],[34.79582,31.02564],[34.79367,31.02361]],[[34.75328,30.82055],[34.75609,30.81704],[34.75328,30.82055]],[[34.77455,31.00465],[34.77146,31.00223],[34.77455,31.00465]]]}},{"type":"Feature","properties":{"cls":"trunk","ref":"41"},"geometry":{"type":"MultiLineString","coordinates":[[[34.69889,31.82804],[34.6922,31.83132],[34.68611,31.82875],[34.67754,31.82788],[34.65867,31.82843]],[[34.65869,31.82834],[34.6771,31.82772],[34.68617,31.82864],[34.69143,31.83117],[34.69551,31.83011]]]}},{"type":"Feature","properties":{"cls":"trunk","ref":"42"},"geometry":{"type":"MultiLineString","coordinates":[[[34.76201,31.89831],[34.76594,31.90727],[34.77108,31.9143],[34.77094,31.92298],[34.77834,31.93533],[34.78026,31.9425],[34.78353,31.9477],[34.78564,31.95932]],[[34.78538,31.95871],[34.78339,31.94774],[34.77996,31.94228],[34.77787,31.93468],[34.77061,31.92259],[34.77075,31.91395],[34.75721,31.89108]],[[34.70726,31.82429],[34.70336,31.81864],[34.69805,31.81525],[34.6933,31.80572]],[[34.69785,31.81139],[34.72165,31.84343],[34.74046,31.85949]],[[34.75571,31.88863],[34.74518,31.86673],[34.74919,31.87307],[34.75095,31.87995]],[[34.74498,31.86632],[34.74046,31.85949],[34.74498,31.86632]],[[34.75721,31.89108],[34.75571,31.88863],[34.75721,31.89108]]]}},{"type":"Feature","properties":{"cls":"trunk","ref":"431"},"geometry":{"type":"MultiLineString","coordinates":[[[35.00141,31.89397],[34.99527,31.89552],[34.97227,31.89231],[34.96144,31.89316]],[[34.96256,31.89239],[34.97986,31.89251],[34.98747,31.89459],[35.00118,31.89336]]]}},{"type":"Feature","properties":{"cls":"trunk","ref":"44"},"geometry":{"type":"MultiLineString","coordinates":[[[34.77885,32.03807],[34.79303,32.03138],[34.8058,32.02111],[34.85287,31.95812],[34.85882,31.94729],[34.86424,31.94259],[34.86595,31.93822],[34.87175,31.93709],[34.87767,31.92899],[34.88374,31.92409],[34.886,31.918],[34.89158,31.9111],[34.89087,31.90608],[34.88679,31.89925],[34.88779,31.89365]],[[34.89448,31.86292],[34.89167,31.86931],[34.89236,31.88203],[34.88683,31.89667],[34.88741,31.90067],[34.89118,31.90651],[34.89165,31.91154],[34.88637,31.91765],[34.88388,31.92426],[34.87787,31.92902],[34.87219,31.93688],[34.86597,31.93862]],[[34.86607,31.9382],[34.86449,31.94241],[34.85895,31.94735],[34.85301,31.95818],[34.80858,32.01838],[34.79429,32.03079],[34.77903,32.03822]],[[35.00284,31.77837],[34.9988,31.78661],[34.9883,31.79031],[34.98414,31.7939],[34.97945,31.79425],[34.96251,31.80116],[34.95169,31.80149],[34.94298,31.80927],[34.9188,31.81502]],[[34.91433,31.81625],[34.91189,31.81933],[34.91005,31.83676],[34.90305,31.84623],[34.89522,31.86148]],[[34.9188,31.81502],[34.91433,31.81625],[34.9188,31.81502]]]}},{"type":"Feature","properties":{"cls":"trunk","ref":"443"},"geometry":{"type":"MultiLineString","coordinates":[[[35.17858,31.87142],[35.16179,31.87445],[35.15283,31.86976],[35.13833,31.86995],[35.12701,31.87594],[35.11579,31.87828],[35.1087,31.88502],[35.09901,31.88699],[35.08798,31.88364],[35.07729,31.891],[35.06612,31.89003],[35.04082,31.89786]],[[34.95339,31.952],[34.9579,31.95113],[34.96594,31.94655],[34.97786,31.94372],[34.98387,31.93793],[34.9893,31.93598],[34.99384,31.92832],[35.00182,31.92505],[35.0138,31.91674],[35.02037,31.90605],[35.03363,31.89913],[35.05426,31.89431],[35.06584,31.88995],[35.07748,31.89078],[35.08798,31.8835],[35.0988,31.88684],[35.10881,31.88485],[35.11583,31.87809],[35.12718,31.87574],[35.13785,31.86994],[35.15316,31.86967],[35.16167,31.87429],[35.17483,31.87175]],[[35.04482,31.89626],[35.03342,31.89937],[35.0207,31.90602],[35.0141,31.91671],[35.00235,31.925],[34.99357,31.92871],[34.98938,31.93607],[34.9833,31.93846],[34.97787,31.94387],[34.96602,31.94667],[34.95784,31.9513],[34.95397,31.9521]],[[35.16642,31.87357],[35.1734,31.87208]],[[35.16898,31.87302],[35.1743,31.8719]],[[35.16829,31.87318],[35.17768,31.87083]],[[35.16758,31.87328],[35.173,31.87205]],[[35.16846,31.87303],[35.17288,31.87207]]]}},{"type":"Feature","properties":{"cls":"trunk","ref":"45"},"geometry":{"type":"MultiLineString","coordinates":[[[35.17768,31.87083],[35.19302,31.86534],[35.20867,31.8575]],[[35.20877,31.85766],[35.17858,31.87142]],[[35.20867,31.8575],[35.21181,31.85962],[35.20867,31.8575]],[[35.2205,31.86072],[35.21572,31.86025]]]}},{"type":"Feature","properties":{"cls":"trunk","ref":"45M"},"geometry":{"type":"MultiLineString","coordinates":[[[34.97224,29.39343],[34.96939,29.38912],[34.9689,29.38475]],[[34.9729,29.39379],[34.97414,29.39951],[34.97919,29.40269],[34.98212,29.40892],[34.97654,29.41889],[34.97645,29.43089],[34.97172,29.45195],[34.97427,29.45586],[34.97936,29.45568],[34.9815,29.45721],[34.98066,29.46635],[34.98239,29.47147],[34.98038,29.47454],[34.9812,29.47719]],[[34.96791,29.38367],[34.97084,29.38507],[34.96934,29.38857],[34.97275,29.3932]],[[34.98112,29.47732],[34.98028,29.4745],[34.98227,29.47125],[34.98052,29.46641],[34.9814,29.45729],[34.97956,29.45584],[34.97428,29.45604],[34.97156,29.45176],[34.97635,29.43087],[34.97641,29.41891],[34.98197,29.4089],[34.97905,29.40269],[34.97413,29.39968],[34.97248,29.39387]],[[35.03705,29.45665],[35.03145,29.44943],[35.01905,29.44307],[35.01606,29.44],[35.0149,29.43582],[35.01627,29.41618],[35.00757,29.4],[34.99535,29.39013]],[[34.97478,29.38514],[34.9912,29.3879],[34.99535,29.39013],[34.98239,29.38611]]]}},{"type":"Feature","properties":{"cls":"trunk","ref":"46"},"geometry":{"type":"MultiLineString","coordinates":[[[34.92661,32.01663],[34.92217,32.01444],[34.91383,32.0061],[34.9075,31.99118]],[[34.90768,31.99112],[34.91362,32.00572],[34.9222,32.0144],[34.92675,32.0165]]]}},{"type":"Feature","properties":{"cls":"trunk","ref":"5"},"geometry":{"type":"MultiLineString","coordinates":[[[35.83698,30.17079],[35.8239,30.17491],[35.80287,30.17336],[35.79578,30.17397]],[[36.8357,31.88753],[36.83491,31.90982],[36.83604,31.91269],[36.86964,31.93053],[36.87639,31.93667],[36.88539,31.93953],[36.91195,31.96388],[36.97961,32.03603],[36.98944,32.05174],[37.02622,32.09828]],[[35.16517,32.10964],[35.139,32.10937],[35.10865,32.09389],[35.09286,32.09248],[35.04929,32.10258],[35.03655,32.10059],[35.02338,32.10699],[35.01499,32.1084],[34.99599,32.10637],[34.98617,32.10186],[34.97387,32.10215],[34.9685,32.10356],[34.95556,32.11153],[34.94887,32.11383]],[[34.94854,32.11379],[34.95542,32.11144],[34.96655,32.10434],[34.97217,32.10226],[34.98618,32.10175],[34.99603,32.10624],[35.01481,32.10824],[35.02329,32.10688],[35.03642,32.10049],[35.04945,32.10244],[35.09284,32.09235],[35.1087,32.09378],[35.13943,32.10934],[35.16495,32.10935]],[[36.82576,31.8749],[36.82553,31.8782],[36.83122,31.88093],[36.8357,31.88753],[36.83112,31.88103],[36.82529,31.8781],[36.82566,31.87415],[36.82293,31.86804],[36.81622,31.83954]],[[36.08608,32.60551],[36.07822,32.6024],[36.07508,32.59932],[36.06836,32.59626],[36.06423,32.5947],[36.05884,32.59478],[36.05145,32.58509],[36.05909,32.59487],[36.06424,32.59466],[36.06838,32.59622],[36.07511,32.59928],[36.07826,32.60236],[36.08616,32.60536]],[[35.80479,30.17338],[35.8247,30.1747],[35.84494,30.16812],[35.8968,30.16227],[35.94541,30.16363],[35.99989,30.17732],[36.04447,30.18151],[36.08185,30.20024],[36.11933,30.22216],[36.14142,30.2483],[36.19506,30.25873],[36.20118,30.26286],[36.2099,30.2792],[36.21076,30.28359],[36.19571,30.30821],[36.19521,30.31187],[36.21945,30.35592],[36.23281,30.4118],[36.22652,30.45101],[36.22678,30.45631],[36.23849,30.48313],[36.23797,30.51275],[36.2604,30.56406],[36.26805,30.57102],[36.305,30.58577],[36.31634,30.5955],[36.31945,30.60013],[36.33109,30.62959],[36.35845,30.67117],[36.36351,30.67612],[36.41163,30.70389],[36.45247,30.70875],[36.48485,30.71476],[36.49093,30.71816],[36.51507,30.75134],[36.51764,30.75734],[36.51567,30.81022],[36.50922,30.84076],[36.52179,30.87149],[36.54561,30.91191],[36.59141,30.94236],[36.61703,30.95549],[36.6236,30.96293],[36.63448,30.98869],[36.63357,31.0133],[36.63769,31.04833],[36.62998,31.08307],[36.64256,31.10472],[36.64423,31.11009],[36.64383,31.11603],[36.63819,31.13223],[36.6382,31.13825],[36.64066,31.14425],[36.66123,31.1748],[36.6693,31.2066],[36.69117,31.2458],[36.69107,31.25143],[36.68158,31.27239],[36.68105,31.27651],[36.69287,31.29985],[36.69363,31.32171],[36.69496,31.32676],[36.7156,31.35644],[36.7152,31.36178],[36.70665,31.3847],[36.70733,31.39315],[36.72501,31.42164],[36.72921,31.42593],[36.76584,31.44806],[36.79752,31.46196],[36.805,31.46916],[36.81926,31.52107],[36.82549,31.58065],[36.85315,31.61921],[36.85776,31.6409]],[[35.93415,29.84835],[35.93657,29.86716],[35.93546,29.90018],[35.93924,29.91615],[35.94418,29.97769],[35.94345,29.98114],[35.91869,30.01999],[35.88966,30.08366],[35.87055,30.11991],[35.82519,30.15546],[35.80405,30.16698],[35.80146,30.16957]],[[34.9516,29.34043],[34.95269,29.33472],[34.94879,29.33023],[34.94545,29.32287],[34.94845,29.31785],[34.9476,29.31587],[34.95046,29.30889]],[[34.95707,29.34975],[34.95166,29.34069]],[[34.9521,29.34046],[34.96101,29.35557]],[[35.93358,29.8442],[35.93138,29.82732],[35.92587,29.81327],[35.92676,29.79019],[35.91753,29.75693],[35.92007,29.74708],[35.91935,29.73949],[35.91224,29.72332],[35.91263,29.71662],[35.90992,29.70434],[35.89802,29.69915],[35.89577,29.69397],[35.90659,29.68174],[35.91544,29.67515],[35.91883,29.66996],[35.92835,29.66269],[35.93357,29.65365],[35.93651,29.63823],[35.9463,29.62134],[35.9444,29.59586],[35.94719,29.58575],[35.94453,29.5784],[35.94555,29.56801],[35.93768,29.55962],[35.93678,29.55685],[35.93765,29.54755],[35.9488,29.50607],[35.96528,29.47355],[35.96917,29.45024],[35.97291,29.44057],[35.97285,29.42907],[35.98775,29.39744],[36.00522,29.37588],[36.02759,29.34252],[36.02832,29.33859],[36.02607,29.31987],[36.03069,29.31142],[36.04589,29.26339],[36.06873,29.21881],[36.07053,29.20643]],[[36.81446,31.82735],[36.81622,31.83954],[36.8142,31.82686],[36.79853,31.81019],[36.79318,31.79761]],[[35.93358,29.8442],[35.93415,29.84835],[35.93358,29.8442]],[[35.00975,32.10803],[35.00542,32.10753]],[[34.95089,29.30898],[34.9477,29.31593],[34.9483,29.3185],[34.94555,29.32288],[34.94903,29.33038],[34.95284,29.33458],[34.95201,29.34034]],[[36.85894,31.64813],[36.85776,31.6409],[36.8595,31.64794]],[[36.79164,31.79085],[36.79318,31.79761],[36.78979,31.79147]],[[34.95048,29.30876],[34.95287,29.30168],[34.95159,29.29982]],[[34.95172,29.29973],[34.95296,29.30178],[34.95093,29.30877]]]}},{"type":"Feature","properties":{"cls":"trunk","ref":"55"},"geometry":{"type":"MultiLineString","coordinates":[[[35.00497,32.18668],[35.01109,32.18712]],[[35.05819,32.18361],[35.06751,32.18409],[35.07578,32.17731]],[[35.03072,32.18396],[35.04073,32.18123],[35.0549,32.18314]],[[34.96189,32.17283],[34.97344,32.17358],[34.97726,32.17558]],[[34.92861,32.1704],[34.93443,32.17464],[34.94608,32.17969]],[[34.95576,32.17206],[34.95054,32.17443],[34.9469,32.17873]],[[34.99641,32.18347],[34.97726,32.17558],[34.99654,32.18331]],[[34.99679,32.18344],[35.00069,32.18559]],[[34.94605,32.1798],[34.93483,32.17499],[34.92863,32.17053]],[[35.10723,32.18104],[35.10801,32.18295],[35.11187,32.18411],[35.11732,32.18182],[35.13046,32.18432]],[[35.0934,32.17673],[35.10601,32.1798]],[[35.17574,32.2163],[35.17295,32.21727],[35.16947,32.21646],[35.16314,32.20962],[35.1582,32.20808]],[[35.15793,32.20798],[35.15463,32.20444],[35.15561,32.20293],[35.1498,32.20107],[35.14092,32.19349]],[[35.01142,32.18717],[35.01863,32.18774],[35.03046,32.18404]],[[35.00317,32.18637],[35.00497,32.18668],[35.00069,32.18559],[35.00317,32.18637]],[[35.07927,32.17657],[35.0921,32.17641]],[[35.07783,32.17674],[35.07578,32.17731],[35.07777,32.17651]],[[35.13352,32.18646],[35.14085,32.19344]],[[35.13352,32.18646],[35.13046,32.18432],[35.13352,32.18646]]]}},{"type":"Feature","properties":{"cls":"trunk","ref":"57"},"geometry":{"type":"MultiLineString","coordinates":[[[35.01415,32.31432],[35.00572,32.31192],[34.97932,32.31267],[34.95918,32.31464],[34.94527,32.31923],[34.89964,32.32393],[34.87794,32.32398],[34.86278,32.32662]],[[34.86268,32.32653],[34.87786,32.32382],[34.89986,32.32379],[34.9453,32.31913],[34.959,32.31455],[34.97961,32.31252],[35.0062,32.31181],[35.01428,32.31421]],[[35.44912,32.20652],[35.45148,32.205],[35.4499,32.20204],[35.45783,32.1925],[35.45664,32.18115],[35.46069,32.17866],[35.46276,32.17459],[35.47196,32.16771],[35.4781,32.16663],[35.48078,32.16119],[35.48927,32.15711],[35.49024,32.15128],[35.49388,32.14575],[35.49757,32.14257],[35.50093,32.13668],[35.50719,32.13218],[35.51042,32.12606]],[[35.13591,32.28859],[35.13697,32.28565],[35.14713,32.27934],[35.14954,32.27372],[35.16766,32.26568]]]}},{"type":"Feature","properties":{"cls":"trunk","ref":"60"},"geometry":{"type":"MultiLineString","coordinates":[[[35.22623,31.76864],[35.22559,31.77078],[35.22718,31.77461]],[[34.90774,31.31202],[34.88877,31.29928],[34.87776,31.2889],[34.86161,31.2855],[34.85041,31.27861],[34.8385,31.26525],[34.82714,31.25825],[34.81674,31.24841],[34.81006,31.24428],[34.80504,31.245]],[[35.29938,32.69331],[35.30519,32.68706],[35.30577,32.68428],[35.30045,32.67885],[35.29358,32.67692],[35.29092,32.67383],[35.29258,32.66185],[35.28938,32.62285]],[[35.20316,31.73194],[35.20596,31.73172],[35.20912,31.73385],[35.21645,31.74508],[35.22512,31.76193],[35.22623,31.76864],[35.22505,31.76214],[35.21638,31.74515],[35.20898,31.73394],[35.20603,31.73185],[35.20301,31.7321]],[[35.02968,31.42745],[35.03056,31.42525],[35.03615,31.42368],[35.03316,31.41788],[35.03552,31.41035],[35.03248,31.40123],[35.02769,31.39633],[35.01092,31.38941],[35.00568,31.38403],[35.00268,31.37626],[34.99593,31.37371],[34.9899,31.37329],[34.98157,31.36932],[34.96184,31.35004],[34.94775,31.34847],[34.93694,31.34556]],[[35.02895,31.42879],[35.02477,31.43292],[35.0212,31.44207],[35.02295,31.45162],[35.03423,31.46933],[35.04269,31.47492],[35.05034,31.48374],[35.05433,31.48578]],[[35.11647,31.58916],[35.11488,31.60521],[35.1202,31.60847],[35.12363,31.61288],[35.12994,31.6148],[35.13173,31.61706],[35.13079,31.62328],[35.13248,31.62812],[35.13212,31.64586],[35.1345,31.64841],[35.14346,31.65237],[35.1467,31.65826],[35.14146,31.67139],[35.14862,31.67521],[35.15182,31.67993],[35.15771,31.68356],[35.16217,31.68897],[35.16186,31.69186],[35.15637,31.69427],[35.15532,31.69705],[35.15868,31.70497],[35.16143,31.70597],[35.16633,31.70533]],[[35.24988,31.99524],[35.24871,31.98251],[35.25691,31.96262],[35.25648,31.95821]],[[35.22992,31.84069],[35.22973,31.83691],[35.23607,31.82766],[35.23325,31.81848],[35.23781,31.81497],[35.23867,31.81257],[35.23543,31.80786],[35.23244,31.79921],[35.2266,31.79368],[35.22802,31.78116],[35.22691,31.77989]],[[35.22575,31.77788],[35.22824,31.78139],[35.22675,31.79364],[35.23269,31.79931],[35.23559,31.80794],[35.2388,31.81268],[35.23817,31.81485],[35.23343,31.81862],[35.23627,31.82768],[35.22984,31.83708],[35.23006,31.84068]],[[34.80491,31.24491],[34.81018,31.24412],[34.81688,31.24825],[34.82709,31.25797],[34.83841,31.26503],[34.8493,31.27708],[34.86226,31.28479],[34.8778,31.28879],[34.88883,31.2992],[34.90979,31.31388]],[[35.24636,32.10047],[35.25593,32.10717],[35.25727,32.11194]],[[35.17792,32.2154],[35.18326,32.20664],[35.18563,32.19683],[35.18838,32.19389],[35.19577,32.1912],[35.20259,32.19142],[35.21929,32.18757],[35.23029,32.1888],[35.23458,32.18538],[35.24098,32.18301],[35.24806,32.17517],[35.26525,32.16101],[35.2678,32.14763],[35.26176,32.14052],[35.26121,32.13504],[35.25511,32.12483],[35.25727,32.11194],[35.25518,32.12482],[35.26129,32.13502],[35.26175,32.14026],[35.26659,32.14466],[35.26795,32.14799],[35.26596,32.16014],[35.26013,32.16479]],[[35.31557,32.51959],[35.31085,32.51384]],[[35.29199,32.59091],[35.28905,32.59751],[35.28946,32.59993]],[[35.28963,32.62286],[35.2927,32.66182],[35.29116,32.67409],[35.29362,32.67681],[35.30117,32.67904],[35.30598,32.68466],[35.29993,32.69342]],[[35.16685,31.70522],[35.17009,31.70597],[35.17345,31.71357],[35.18229,31.71889],[35.18705,31.72411],[35.19859,31.72748],[35.20273,31.732]],[[35.2271,31.77662],[35.22718,31.77461],[35.22575,31.77788],[35.2271,31.77662]],[[35.16683,31.70542],[35.16088,31.70605],[35.15745,31.70386],[35.15515,31.69537],[35.16126,31.6922],[35.16212,31.68934],[35.15758,31.68366],[35.15231,31.68075],[35.1485,31.67539],[35.14119,31.67119],[35.14655,31.65829],[35.14355,31.65263],[35.13449,31.64857],[35.13175,31.64546],[35.13128,31.61624],[35.12374,31.61302],[35.12016,31.6085],[35.11449,31.60466],[35.11774,31.58599]],[[35.17773,32.21571],[35.17574,32.2163],[35.17454,32.21909],[35.17073,32.23813],[35.16689,32.24362],[35.16562,32.24832],[35.16586,32.25271],[35.16937,32.26119],[35.16823,32.26505]],[[35.31073,32.51362],[35.30834,32.51058],[35.31092,32.51356]],[[35.22709,32.40794],[35.22516,32.40095],[35.21422,32.38588],[35.218,32.3833],[35.21468,32.38178],[35.21563,32.37705],[35.21385,32.36748],[35.20992,32.36028]],[[35.22457,31.85332],[35.2265,31.86114]],[[35.22666,31.84945],[35.22933,31.8443]],[[35.20051,32.34635],[35.20293,32.3407],[35.2062,32.33738],[35.20462,32.332],[35.20588,32.32915],[35.20428,32.32736],[35.20025,32.3267],[35.1989,32.32403]],[[35.16837,32.26557],[35.17591,32.25934],[35.17797,32.25321],[35.18431,32.25553]],[[35.19881,32.32391],[35.19641,32.32211],[35.19171,32.32287],[35.1922,32.31879],[35.1909,32.31599],[35.18751,32.31569],[35.18655,32.31206],[35.17991,32.30907],[35.17899,32.30557],[35.17631,32.30547],[35.17778,32.30263],[35.18323,32.30412],[35.18364,32.29864],[35.18505,32.29722],[35.18286,32.29666],[35.18635,32.296],[35.1848,32.29416],[35.18496,32.2889],[35.18192,32.28577],[35.18226,32.28133],[35.17644,32.27649],[35.17728,32.27389],[35.1883,32.26813],[35.18774,32.25968],[35.1853,32.25555]],[[34.92998,31.33848],[34.93297,31.34204]],[[35.31774,32.55622],[35.31773,32.56018]],[[34.93452,31.34598],[34.9331,31.34251]],[[34.79771,31.23914],[34.80093,31.24055],[34.80325,31.24354]],[[34.80303,31.24364],[34.80082,31.24067],[34.79765,31.23927]],[[35.31847,32.53436],[35.3176,32.5631],[35.31233,32.57194],[35.29774,32.58305],[35.29228,32.59031]],[[35.07617,31.49425],[35.06739,31.49126],[35.06388,31.48762],[35.0568,31.48612]],[[35.2464,32.09777],[35.24973,32.09482],[35.26093,32.09343],[35.26474,32.08907],[35.26363,32.08321],[35.25685,32.07703],[35.24887,32.07394],[35.2468,32.06752],[35.24957,32.0632],[35.25828,32.06227]],[[35.25144,31.91007],[35.25825,31.9034],[35.27669,31.8897],[35.2761,31.88653],[35.26347,31.87342]],[[35.1192,31.56637],[35.1283,31.57458],[35.12271,31.58478]],[[34.91218,31.31604],[34.92495,31.32893],[34.92885,31.33762]],[[35.12484,31.56152],[35.12051,31.56326]],[[35.17049,31.7066],[35.16633,31.70533],[35.17062,31.70685]],[[35.17052,31.70708],[35.16683,31.70542],[35.17028,31.70678],[35.17365,31.71411],[35.1824,31.71916],[35.18685,31.72424],[35.19829,31.7275],[35.20276,31.73212]],[[35.16673,31.70524],[35.17058,31.70676]],[[35.09724,31.49764],[35.10234,31.49775],[35.10746,31.50224],[35.11341,31.5019],[35.11676,31.50039]],[[35.07716,31.49424],[35.08171,31.49658],[35.09445,31.49724]],[[35.25864,31.86718],[35.25926,31.87154]],[[35.2663,31.85708],[35.26548,31.85978],[35.26019,31.86245]],[[35.28711,32.04522],[35.27194,32.03607],[35.27142,32.03156],[35.27357,32.02704],[35.27318,32.02443],[35.26718,32.02017],[35.263,32.01106],[35.25525,32.00627],[35.25164,31.99767]],[[35.23879,31.85683],[35.2472,31.85433],[35.25827,31.85364],[35.26177,31.85457]],[[35.23857,31.85693],[35.23259,31.8593]],[[35.1324,31.52071],[35.12951,31.52802],[35.13219,31.53328],[35.13269,31.53967]],[[35.26256,31.85447],[35.2663,31.85708],[35.26236,31.85468]],[[35.24852,31.92746],[35.24653,31.91778],[35.25144,31.91007],[35.24938,31.91262]],[[35.31899,32.52625],[35.31858,32.53258]],[[35.3167,32.52098],[35.31901,32.52601]],[[35.24988,31.99524],[35.25164,31.99767],[35.24988,31.99524]],[[35.22782,31.86268],[35.2265,31.86114],[35.22821,31.86276]],[[35.26203,32.06288],[35.27072,32.06537],[35.27433,32.06497],[35.2847,32.05856],[35.2893,32.04982]],[[35.28711,32.04522],[35.28958,32.04708],[35.2893,32.04982],[35.28945,32.0471],[35.28711,32.04522]],[[35.24676,31.93265],[35.2473,31.9353],[35.25701,31.94769],[35.25648,31.95821],[35.25605,31.95412]],[[35.26154,31.87269],[35.25926,31.87154],[35.26162,31.87255]],[[35.1334,31.54415],[35.13538,31.55561],[35.13292,31.55856],[35.12769,31.56053]],[[35.1334,31.54415],[35.13269,31.53967],[35.1334,31.54415]],[[35.24676,31.93265],[35.24852,31.92746],[35.24676,31.93265]],[[35.20042,32.34812],[35.2032,32.35133]],[[35.20762,32.3571],[35.20032,32.3482]],[[35.20873,32.35881],[35.20762,32.3571],[35.20883,32.35876]],[[35.25828,32.06227],[35.26203,32.06288],[35.25828,32.06227]],[[35.11929,31.56474],[35.12051,31.56326],[35.1192,31.56637],[35.11929,31.56474]],[[35.12769,31.56053],[35.12484,31.56152],[35.12769,31.56053]],[[35.12001,31.50079],[35.12558,31.5043],[35.13281,31.5047]],[[35.13471,31.51568],[35.13216,31.51044],[35.13284,31.50486]],[[35.25864,31.86718],[35.26019,31.86245],[35.25864,31.86718]],[[35.11774,31.58599],[35.12271,31.58478],[35.11774,31.58599]],[[35.24613,32.09965],[35.2464,32.09777],[35.24636,32.10047],[35.24613,32.09965]],[[35.13471,31.51568],[35.1324,31.52071],[35.13471,31.51568]]]}},{"type":"Feature","properties":{"cls":"trunk","ref":"65"},"geometry":{"type":"MultiLineString","coordinates":[[[35.57294,31.46881],[35.5717,31.45806],[35.56627,31.45209],[35.56732,31.44083],[35.56299,31.43184],[35.56419,31.42554],[35.56266,31.41042],[35.56078,31.40489],[35.55501,31.40057],[35.55257,31.39639],[35.55134,31.37907],[35.54697,31.36864],[35.54805,31.33325],[35.54487,31.32897],[35.54435,31.31879],[35.53586,31.30526],[35.53431,31.29064],[35.51945,31.25477]],[[35.51606,31.08926],[35.51009,31.08293],[35.50867,31.0743],[35.50313,31.06243],[35.49871,31.06001],[35.48711,31.05827],[35.47014,31.05078],[35.46362,31.04466],[35.46097,31.03983],[35.46206,31.00367],[35.45146,30.98289],[35.44916,30.97092],[35.45045,30.95217],[35.45892,30.93165],[35.45781,30.91555],[35.43719,30.90018],[35.43299,30.89901],[35.42519,30.89935],[35.4215,30.8972],[35.42037,30.89385],[35.42248,30.88149],[35.42178,30.85822],[35.41852,30.84872],[35.41299,30.84455],[35.38723,30.83818],[35.37165,30.82498],[35.36318,30.81339],[35.34682,30.76325],[35.33905,30.7559],[35.32104,30.74779],[35.31654,30.74344],[35.31286,30.72524],[35.30397,30.71381],[35.30222,30.694],[35.2933,30.68128],[35.29354,30.66253],[35.29154,30.64222],[35.28135,30.63083],[35.2773,30.62169],[35.26857,30.61484],[35.26608,30.61119],[35.26434,30.58088],[35.26706,30.56402],[35.26178,30.55487],[35.25962,30.54639],[35.25973,30.54007],[35.26278,30.53246],[35.27406,30.51814],[35.27726,30.51113],[35.28565,30.50009],[35.28988,30.48663],[35.28661,30.47632],[35.29256,30.46793],[35.29342,30.4641],[35.28928,30.44863],[35.27711,30.43663],[35.27687,30.43301],[35.28014,30.4213],[35.27938,30.41204],[35.27477,30.40218],[35.26529,30.39192],[35.26589,30.37965],[35.2589,30.36974],[35.25699,30.35824],[35.25252,30.35312],[35.23993,30.34653],[35.23686,30.33786],[35.23714,30.32849],[35.25119,30.29574],[35.25144,30.2924],[35.24918,30.2891],[35.22824,30.27503],[35.21936,30.25993],[35.20874,30.25026],[35.20885,30.24732],[35.21905,30.22306],[35.21172,30.19823],[35.21324,30.18328],[35.21215,30.1726],[35.197,30.12679],[35.19786,30.1198],[35.20323,30.11028],[35.20334,30.10472],[35.20132,30.10028],[35.18337,30.07699],[35.17477,30.06968],[35.15905,30.05976],[35.15525,30.05445],[35.15406,30.04545],[35.14739,30.02689],[35.14739,30.01362],[35.15037,30.0022],[35.14077,29.97634],[35.13298,29.96473],[35.12552,29.93823],[35.11907,29.92304],[35.11618,29.9094],[35.11736,29.89965],[35.12815,29.88238],[35.12368,29.86703],[35.11942,29.86131],[35.11392,29.84719],[35.10187,29.83848],[35.09995,29.82745],[35.0975,29.82289],[35.09374,29.82007],[35.07806,29.81358],[35.07007,29.80613],[35.05858,29.77754]],[[35.58021,31.69108],[35.58315,31.69655],[35.59656,31.74001],[35.59281,31.7636],[35.59151,31.80694],[35.6338,31.81609],[35.66746,31.81639],[35.68414,31.82465],[35.68965,31.83066],[35.69431,31.83875]],[[35.39026,32.66075],[35.38416,32.65628],[35.37642,32.65324],[35.37092,32.64885],[35.35849,32.64681],[35.34093,32.63914],[35.33337,32.63842],[35.32138,32.6415],[35.31514,32.64013],[35.3037,32.62676],[35.29855,32.62437],[35.28597,32.62242],[35.27941,32.61965],[35.26101,32.6014],[35.25475,32.59705],[35.18539,32.5709],[35.18007,32.56776],[35.17264,32.56231],[35.17187,32.55868],[35.16661,32.55419],[35.15999,32.54461],[35.14618,32.53166],[35.13814,32.52506],[35.12965,32.52262],[35.11445,32.51064],[35.10658,32.5077],[35.06832,32.50008],[35.04273,32.4841],[35.02336,32.48089],[35.01522,32.4762],[35.00973,32.47035],[34.99851,32.46864],[34.98998,32.46086],[34.97599,32.45328],[34.96703,32.4517],[34.95768,32.44791],[34.94621,32.44628],[34.94286,32.4486],[34.93963,32.45699],[34.93431,32.46282],[34.91124,32.46576],[34.89855,32.47286],[34.90749,32.4669],[34.91285,32.46505],[34.93423,32.46268],[34.93951,32.4569],[34.94261,32.44868],[34.94612,32.44617],[34.95773,32.44779],[34.96723,32.45162],[34.97496,32.45277],[34.98972,32.46044],[34.9987,32.4686],[35.00976,32.47021],[35.01528,32.47605],[35.024,32.48094],[35.04282,32.48398],[35.06821,32.49988],[35.08481,32.50261],[35.09093,32.50534],[35.10619,32.50751],[35.11404,32.51033],[35.12996,32.52273],[35.13736,32.52457],[35.14506,32.53056],[35.15989,32.5443],[35.16692,32.55433],[35.17201,32.55864],[35.17272,32.56225],[35.18041,32.56783],[35.18544,32.5708],[35.25531,32.59716],[35.26106,32.60117],[35.28051,32.62014],[35.28818,32.62285],[35.29859,32.62428],[35.30407,32.6269],[35.3152,32.64005],[35.32174,32.64138],[35.33257,32.63844],[35.33895,32.6385],[35.3581,32.64653],[35.37103,32.64864],[35.37426,32.65122]],[[35.65292,31.85152],[35.65936,31.84808],[35.67682,31.8436],[35.6779,31.83621],[35.68282,31.82983],[35.68515,31.8302],[35.69417,31.83862]],[[35.57416,31.65487],[35.57346,31.65848],[35.57717,31.67478],[35.57603,31.68321],[35.58301,31.6966],[35.59637,31.73966],[35.59275,31.76222],[35.59137,31.80691],[35.63335,31.81616],[35.66719,31.81648],[35.684,31.82471],[35.68945,31.83061],[35.69383,31.83846],[35.68508,31.8303],[35.68285,31.82994],[35.67801,31.83628],[35.6769,31.84369],[35.65949,31.84811],[35.65296,31.85162]],[[35.59157,32.29323],[35.60541,32.25573],[35.61368,32.23925],[35.61619,32.23694],[35.6202,32.22669],[35.62226,32.19561],[35.62112,32.17974],[35.6165,32.15935]],[[35.62053,31.9005],[35.6236,31.89536],[35.61996,31.8838],[35.62211,31.8773],[35.62222,31.86922],[35.63233,31.85898]],[[35.6112,32.60804],[35.60938,32.60493],[35.60995,32.60012],[35.60454,32.58706],[35.60579,32.56478],[35.60382,32.54332],[35.60116,32.53591],[35.60161,32.5222],[35.60411,32.5147],[35.60269,32.50898],[35.60442,32.50423],[35.59953,32.48879]],[[35.52255,31.09723],[35.52808,31.1067],[35.52764,31.11765],[35.52514,31.12926],[35.53497,31.16762],[35.53562,31.17947],[35.52221,31.22078],[35.52192,31.22837],[35.51787,31.24591],[35.51945,31.25477],[35.51811,31.24831]],[[35.61004,32.14162],[35.61757,32.16171],[35.62123,32.17991],[35.62235,32.19584],[35.62041,32.22604],[35.61631,32.23692],[35.61393,32.2391],[35.60544,32.25598],[35.59708,32.27999],[35.59411,32.28426],[35.59308,32.29126],[35.58814,32.29732],[35.58315,32.31393],[35.58312,32.33995],[35.58923,32.34736],[35.58033,32.36015],[35.58527,32.3871],[35.58423,32.39711],[35.58801,32.40152],[35.58928,32.40798],[35.5878,32.41204],[35.59073,32.42847]],[[35.57469,31.65116],[35.5752,31.63885],[35.57355,31.63352],[35.57449,31.62894],[35.56845,31.62075],[35.56384,31.60995],[35.55527,31.57892],[35.5568,31.57223],[35.55522,31.55346],[35.56027,31.53671],[35.55879,31.51553],[35.5623,31.508],[35.5653,31.49345],[35.572,31.48576],[35.57519,31.47863],[35.57543,31.47365],[35.57384,31.47026]],[[35.02985,29.67408],[35.03,29.66238],[35.03852,29.64981],[35.0408,29.63904],[35.03896,29.6304],[35.01636,29.57346],[35.02346,29.55443],[35.02745,29.55044]],[[35.5747,31.65314],[35.57416,31.65487],[35.57469,31.65116],[35.5747,31.65314]],[[35.59466,32.46301],[35.59787,32.47297],[35.60015,32.4931],[35.60461,32.50422],[35.60288,32.509],[35.60426,32.51487],[35.60175,32.52216],[35.6013,32.53612],[35.60392,32.54308],[35.60599,32.56497],[35.60473,32.58731],[35.61002,32.60007],[35.60945,32.60495],[35.61136,32.60803]],[[35.59073,32.42847],[35.59617,32.44071],[35.59466,32.46301],[35.59607,32.44055],[35.59073,32.42847]],[[35.59615,32.09665],[35.59987,32.11845],[35.60941,32.13942]],[[35.59535,32.09181],[35.59615,32.09665],[35.58971,32.06885]],[[35.60136,31.91755],[35.6072,31.90908],[35.61716,31.90686],[35.62349,31.89607],[35.62007,31.88365],[35.62224,31.87729],[35.62232,31.86924],[35.63452,31.85728]],[[35.6014,31.9174],[35.58562,31.92514],[35.58045,31.94414],[35.57798,31.98837],[35.58222,32.00603],[35.58611,32.05174],[35.58939,32.0673]],[[35.60941,32.13942],[35.61004,32.14162],[35.60941,32.13942]],[[35.41131,32.76084],[35.40756,32.77017],[35.40445,32.79881],[35.39774,32.80388],[35.39771,32.80722],[35.40699,32.813],[35.40796,32.8265],[35.41565,32.83659],[35.43114,32.84115],[35.43546,32.85023],[35.45194,32.85681],[35.45443,32.85973],[35.45702,32.86733],[35.4715,32.87449],[35.47226,32.88343],[35.47835,32.8874],[35.48005,32.89093],[35.47936,32.89757],[35.47444,32.9033],[35.47323,32.909],[35.4742,32.9035],[35.47924,32.89754],[35.47991,32.89065],[35.47837,32.88758],[35.47205,32.88326],[35.47137,32.87455],[35.45691,32.86739],[35.45206,32.85705],[35.43535,32.85032],[35.43101,32.8412],[35.41557,32.83668],[35.40776,32.82628],[35.40682,32.81304],[35.39738,32.80682],[35.39774,32.80366],[35.40436,32.79869],[35.40725,32.77119],[35.40928,32.76427]],[[35.41203,32.70236],[35.41253,32.7085]],[[35.41086,32.75289],[35.41244,32.72491],[35.41008,32.71947],[35.41303,32.71154],[35.41203,32.70236],[35.41387,32.69684],[35.41783,32.69336]],[[35.40114,32.6674],[35.40855,32.67729],[35.41258,32.67872],[35.4191,32.68427],[35.4197,32.68787],[35.41783,32.69336],[35.41954,32.68852]],[[35.39492,32.66379],[35.39026,32.66075],[35.40114,32.6674],[35.39492,32.66379]],[[35.51774,31.09076],[35.51606,31.08926],[35.52255,31.09723],[35.51774,31.09076]],[[35.05778,29.77629],[35.05858,29.77754],[35.05247,29.76785],[35.04514,29.7458],[35.03623,29.73121],[35.02982,29.70722],[35.03202,29.69003],[35.02985,29.66354],[35.03854,29.65004],[35.04093,29.63918],[35.03922,29.63067],[35.01647,29.57329],[35.02359,29.55447],[35.02754,29.55052]],[[35.65281,31.85168],[35.63452,31.85728],[35.65274,31.85157]],[[35.41108,32.75386],[35.41136,32.76017]]]}},{"type":"Feature","properties":{"cls":"trunk","ref":"66"},"geometry":{"type":"MultiLineString","coordinates":[[[35.22414,32.52402],[35.21932,32.52799],[35.21254,32.54171],[35.20279,32.54969]],[[35.20054,32.55683],[35.19445,32.56914]],[[35.10883,32.67283],[35.12844,32.64228],[35.1295,32.63187],[35.13714,32.62064],[35.14651,32.61107],[35.15972,32.60519],[35.16323,32.6014],[35.17258,32.59658],[35.18114,32.59374],[35.18707,32.5872],[35.18731,32.58065],[35.19445,32.56914],[35.18737,32.58067],[35.18707,32.58734],[35.18147,32.59356],[35.17247,32.5967],[35.16319,32.60152],[35.15976,32.60524],[35.14655,32.61112],[35.1372,32.62066],[35.12959,32.6319],[35.1285,32.6423],[35.10895,32.67292]],[[35.2024,32.55064],[35.20054,32.55683],[35.20219,32.55066]]]}},{"type":"Feature","properties":{"cls":"trunk","ref":"67"},"geometry":{"type":"MultiLineString","coordinates":[[[34.93051,32.58766],[34.94467,32.59277],[34.95299,32.59113],[34.95811,32.5856],[34.9734,32.58211],[34.98409,32.58964],[34.9936,32.59076],[35.0101,32.6005],[35.02887,32.60484],[35.03633,32.61018],[35.04111,32.60988]],[[35.04012,32.61022],[35.03543,32.60999],[35.02857,32.60489],[35.01004,32.60061],[34.99213,32.59033],[34.98463,32.58999],[34.97323,32.5822],[34.95801,32.58577],[34.95305,32.59125],[34.94537,32.59284],[34.94134,32.59243],[34.93335,32.58814],[34.92987,32.58789]]]}},{"type":"Feature","properties":{"cls":"trunk","ref":"7"},"geometry":{"type":"MultiLineString","coordinates":[[[34.83523,31.80479],[34.84011,31.80352],[34.83523,31.80492]],[[36.16614,33.44513],[36.17201,33.45302],[36.20973,33.47892],[36.22984,33.48782]],[[36.22936,33.48776],[36.20883,33.47859],[36.17195,33.45311],[36.1678,33.44911],[36.16601,33.44516]]]}},{"type":"Feature","properties":{"cls":"trunk","ref":"70"},"geometry":{"type":"MultiLineString","coordinates":[[[35.14681,32.80607],[35.1534,32.82839],[35.16159,32.83864],[35.16887,32.85211],[35.16936,32.85932],[35.17594,32.8685],[35.17777,32.87754],[35.18286,32.88498],[35.18182,32.89305],[35.17924,32.89541],[35.17113,32.89834],[35.16657,32.91212],[35.17106,32.89833],[35.17942,32.89521],[35.18168,32.89295],[35.18266,32.88467],[35.17766,32.87762],[35.17555,32.86805],[35.16917,32.8593],[35.16859,32.85184],[35.16149,32.83879],[35.15342,32.82885],[35.14664,32.80611]],[[35.07078,32.75292],[35.09529,32.76626],[35.12102,32.7707],[35.13024,32.77729]],[[35.13046,32.77764],[35.11499,32.76938],[35.09538,32.76647],[35.07059,32.75307]],[[35.15106,33.06974],[35.14932,33.06589],[35.1533,33.05212],[35.14816,33.04744],[35.14802,33.0421],[35.14421,33.03225],[35.14226,33.02107]],[[35.16375,32.94647],[35.15881,32.92029],[35.15598,32.91264],[35.15891,32.92028],[35.16334,32.94443]],[[35.15463,32.96085],[35.14867,32.96644],[35.15034,32.96964]],[[35.14514,33.00519],[35.14511,33.01148],[35.14226,33.02107],[35.14561,33.00724]],[[35.16393,32.95011],[35.16375,32.94647],[35.16406,32.95017]],[[35.16389,32.95039],[35.16074,32.95565]],[[35.15579,32.95966],[35.16058,32.95585]],[[35.1502,32.96972],[35.14852,32.96659],[35.15448,32.96076]],[[35.1505,32.96974],[35.15196,32.97146],[35.15072,32.98336],[35.14629,32.98801],[35.14312,32.99554],[35.14514,33.00519],[35.14303,32.99564],[35.14621,32.98799],[35.15067,32.98317],[35.15185,32.97135],[35.15042,32.9699]]]}},{"type":"Feature","properties":{"cls":"trunk","ref":"71"},"geometry":{"type":"MultiLineString","coordinates":[[[35.51889,32.50572],[35.52208,32.49701],[35.52417,32.49526],[35.55319,32.49664],[35.56268,32.49448],[35.56893,32.49551]],[[35.28938,32.62285],[35.28924,32.62105],[35.29397,32.62031]],[[35.35028,32.56135],[35.36332,32.55766],[35.37329,32.55802],[35.39897,32.54953],[35.42511,32.54682],[35.46159,32.5319],[35.48065,32.52249],[35.49428,32.51352]],[[35.30169,32.61325],[35.29728,32.61864]],[[35.30297,32.60583],[35.30725,32.59947],[35.31313,32.59509],[35.33358,32.56909],[35.35036,32.56132],[35.3621,32.558],[35.37278,32.55823],[35.39886,32.5497],[35.42495,32.54699],[35.46169,32.53198],[35.48198,32.52186],[35.49441,32.51367]],[[35.29399,32.62046],[35.28942,32.62109],[35.28963,32.62286]],[[35.5018,32.5119],[35.50698,32.51187],[35.51859,32.5079]],[[35.49896,32.51163],[35.49543,32.51214],[35.49776,32.5117]],[[35.29712,32.61847],[35.30148,32.61318]]]}},{"type":"Feature","properties":{"cls":"trunk","ref":"73"},"geometry":{"type":"MultiLineString","coordinates":[[[35.23909,32.66137],[35.23461,32.66184]],[[35.22911,32.66426],[35.23503,32.66172],[35.24501,32.66113]],[[35.25962,32.66104],[35.2925,32.65786],[35.29137,32.65798]],[[35.20675,32.67965],[35.22017,32.67607]],[[35.20792,32.7004],[35.20494,32.69666],[35.2057,32.68995],[35.20297,32.68461]],[[35.25517,32.66137],[35.25962,32.66104],[35.25039,32.66164]],[[35.24501,32.66113],[35.25039,32.66164],[35.24501,32.66113]],[[35.2218,32.67373],[35.22681,32.66621]],[[35.22017,32.67607],[35.2218,32.67373],[35.22017,32.67607]],[[35.20675,32.67965],[35.20285,32.68227],[35.20297,32.68461],[35.20272,32.68226],[35.20675,32.67965]],[[35.22681,32.66621],[35.22911,32.66426],[35.22681,32.66621]]]}},{"type":"Feature","properties":{"cls":"trunk","ref":"75"},"geometry":{"type":"MultiLineString","coordinates":[[[35.30998,32.70875],[35.31262,32.70813],[35.31464,32.70509],[35.30602,32.69525],[35.3016,32.69575],[35.29951,32.69423]],[[35.09912,32.72419],[35.08532,32.73603],[35.08097,32.74465],[35.06462,32.75907],[35.05825,32.76753],[35.04055,32.78082],[35.0347,32.79282],[35.03479,32.79582]],[[35.25625,32.69076],[35.25808,32.68826],[35.25806,32.68013],[35.26089,32.67873],[35.26729,32.67969]],[[35.20966,32.69951],[35.20192,32.7029],[35.18754,32.70176],[35.17114,32.7076],[35.16443,32.70593],[35.15451,32.70865],[35.13404,32.71003],[35.13223,32.71157],[35.12525,32.71213],[35.12454,32.71426],[35.12088,32.7153],[35.11684,32.72077],[35.11213,32.72151]],[[35.10562,32.72219],[35.10752,32.72012],[35.11349,32.72167],[35.11612,32.72112],[35.12088,32.71523],[35.1245,32.71421],[35.12536,32.71195],[35.13198,32.71151],[35.13401,32.70991],[35.15496,32.70836],[35.16412,32.70584],[35.17107,32.70747],[35.18824,32.70153],[35.20309,32.7026],[35.20919,32.6996],[35.21704,32.69806],[35.22473,32.69396]],[[35.03461,32.79569],[35.03458,32.79279],[35.04042,32.78077],[35.05811,32.76747],[35.06446,32.75899],[35.08072,32.74469],[35.08508,32.73607],[35.09482,32.72622],[35.09905,32.72399]],[[35.30004,32.69397],[35.3015,32.6956],[35.30636,32.69532],[35.31483,32.70511],[35.31263,32.7083],[35.30669,32.70888],[35.30628,32.71031]],[[35.26921,32.68056],[35.26729,32.67969],[35.26927,32.68048]],[[35.27535,32.68344],[35.26942,32.68066]],[[35.26947,32.68059],[35.27541,32.6834]],[[35.28197,32.69003],[35.28657,32.69374],[35.28954,32.69378],[35.29241,32.69313],[35.29245,32.68898],[35.29529,32.6874],[35.29745,32.68865],[35.29919,32.69339]],[[35.27754,32.68755],[35.28056,32.688],[35.28183,32.68984]],[[35.27738,32.68732],[35.27549,32.68356]],[[35.27554,32.6835],[35.27751,32.6873]],[[35.29899,32.6937],[35.29734,32.68871],[35.29525,32.68751],[35.29264,32.68883],[35.29233,32.69334],[35.28677,32.69393],[35.28179,32.6901]],[[35.22963,32.69345],[35.23626,32.69495],[35.24935,32.69314]],[[35.22473,32.69396],[35.22963,32.69345],[35.22473,32.69396]],[[35.25625,32.69076],[35.24935,32.69314],[35.25625,32.69076]]]}},{"type":"Feature","properties":{"cls":"trunk","ref":"77"},"geometry":{"type":"MultiLineString","coordinates":[[[35.16419,32.71414],[35.17053,32.71707],[35.20237,32.72575],[35.22077,32.74364],[35.23426,32.75913],[35.25876,32.77174],[35.27921,32.77322],[35.28991,32.76971],[35.30053,32.76959],[35.32538,32.76386],[35.34058,32.76278],[35.35666,32.75973],[35.37299,32.76273],[35.39686,32.77328],[35.40724,32.77355],[35.42159,32.78014],[35.4475,32.78159],[35.45642,32.78834],[35.4766,32.78932],[35.48483,32.78867],[35.49422,32.78592],[35.50244,32.7878],[35.50816,32.78737],[35.51681,32.79107],[35.51868,32.79937],[35.52562,32.79565],[35.52802,32.79785],[35.53192,32.7963],[35.53158,32.79357],[35.53907,32.79056],[35.54022,32.78862],[35.53914,32.79063],[35.53177,32.79352],[35.53212,32.79631],[35.52803,32.79795],[35.52565,32.79574],[35.51866,32.7995],[35.51668,32.79116],[35.50812,32.78748],[35.50242,32.78791],[35.49418,32.78605],[35.48365,32.789],[35.45683,32.78854],[35.44738,32.78169],[35.42143,32.78021],[35.40728,32.77366],[35.39681,32.7734],[35.37292,32.76284],[35.35661,32.75984],[35.34077,32.76288],[35.32498,32.76406],[35.3008,32.76969],[35.28994,32.76982],[35.28016,32.77327],[35.25866,32.77189],[35.23424,32.75924],[35.20333,32.7265],[35.16854,32.71653],[35.16053,32.71164]]]}},{"type":"Feature","properties":{"cls":"trunk","ref":"79"},"geometry":{"type":"MultiLineString","coordinates":[[[35.096,32.84532],[35.10972,32.84336],[35.1313,32.83044],[35.13278,32.82796],[35.13444,32.81398],[35.13892,32.81002],[35.16009,32.80223],[35.17565,32.79191],[35.18651,32.78819],[35.20144,32.78692],[35.20388,32.77978],[35.2108,32.77731],[35.21711,32.77022],[35.22852,32.76642],[35.23386,32.7569],[35.24132,32.75442],[35.24686,32.74957],[35.25836,32.74376],[35.25973,32.73756],[35.26165,32.7357],[35.2818,32.72756],[35.31188,32.73388],[35.32292,32.72877]],[[35.32324,32.72888],[35.31151,32.73407],[35.2822,32.72776],[35.26176,32.73587],[35.25994,32.73764],[35.25845,32.74393],[35.24833,32.74886],[35.24146,32.75462],[35.23413,32.75704],[35.22867,32.76661],[35.21724,32.77037],[35.21097,32.77748],[35.20406,32.77993],[35.2016,32.78709],[35.18548,32.78867],[35.17473,32.79265],[35.15962,32.80263],[35.14313,32.80797],[35.13491,32.81359],[35.13289,32.82798],[35.13138,32.8305],[35.10976,32.84345],[35.09614,32.84549]],[[35.09592,32.84559],[35.09164,32.84713],[35.09583,32.84539]]]}},{"type":"Feature","properties":{"cls":"trunk","ref":"80"},"geometry":{"type":"MultiLineString","coordinates":[[[35.10644,31.35449],[35.11126,31.34952],[35.11471,31.35032],[35.11277,31.35389],[35.11678,31.35217],[35.12071,31.34628],[35.12145,31.338],[35.11554,31.32531],[35.11529,31.32085],[35.11741,31.31696],[35.12906,31.30564],[35.13172,31.30031],[35.12724,31.26407],[35.12465,31.25608]],[[35.03892,31.16829],[35.00819,31.1665],[34.98766,31.15081],[34.98352,31.14939]],[[35.12599,31.25249],[35.12355,31.24444],[35.10954,31.2364]],[[35.12461,31.25395],[35.12465,31.25608],[35.12461,31.25395]],[[35.10819,31.2344],[35.0959,31.20608],[35.09216,31.18729],[35.0877,31.17908],[35.07437,31.16799],[35.0682,31.16548],[35.06022,31.1651],[35.0457,31.16772]],[[35.04224,31.16825],[35.03892,31.16829],[35.0457,31.16772],[35.04224,31.16825]]]}},{"type":"Feature","properties":{"cls":"trunk","ref":"85"},"geometry":{"type":"MultiLineString","coordinates":[[[35.08563,32.92332],[35.09672,32.91897],[35.11516,32.91749],[35.13375,32.91296],[35.14453,32.91461],[35.1616,32.91187],[35.17988,32.91211],[35.19358,32.91397],[35.21661,32.91135],[35.22603,32.91466],[35.23839,32.91679],[35.25896,32.91586],[35.28843,32.92489],[35.30647,32.92393],[35.31364,32.92709],[35.32855,32.93033],[35.33922,32.92998],[35.35167,32.93544],[35.35829,32.9366],[35.37518,32.93057],[35.38428,32.93094],[35.39174,32.92794],[35.40635,32.92729],[35.41999,32.92125]],[[35.46363,32.90571],[35.45587,32.90468],[35.4435,32.90777],[35.43084,32.91827],[35.41896,32.92153],[35.40679,32.92733],[35.39226,32.92807],[35.38486,32.93103],[35.37458,32.93082],[35.35823,32.93678],[35.35161,32.93558],[35.33925,32.93013],[35.32853,32.93049],[35.3136,32.92719],[35.30628,32.92402],[35.2884,32.92499],[35.25924,32.91607],[35.23799,32.91692],[35.22545,32.91468],[35.21706,32.9115],[35.19403,32.91411],[35.17926,32.91223],[35.16139,32.91208],[35.14447,32.91478],[35.13375,32.91314],[35.11512,32.91768],[35.10031,32.91836],[35.0974,32.9204],[35.08574,32.92346]],[[35.5429,32.91372],[35.53974,32.91175],[35.52768,32.9095],[35.51669,32.90441],[35.49854,32.90563],[35.49248,32.91033],[35.48904,32.9114],[35.4778,32.91122],[35.47204,32.90788],[35.46363,32.90571],[35.47178,32.90762],[35.47756,32.91091],[35.48901,32.91112],[35.4985,32.90546],[35.51652,32.9043],[35.52797,32.9095],[35.53979,32.91163],[35.54301,32.91363]]]}},{"type":"Feature","properties":{"cls":"trunk","ref":"87"},"geometry":{"type":"MultiLineString","coordinates":[[[35.64718,32.90331],[35.61822,32.90442],[35.60817,32.89752],[35.59898,32.89387],[35.59086,32.89322],[35.58797,32.88978],[35.56992,32.88159],[35.55721,32.874],[35.55141,32.87308],[35.54822,32.87473],[35.54563,32.87424],[35.54581,32.87641]],[[35.83579,33.01521],[35.82605,33.01074],[35.81122,33.00078],[35.81025,32.99689],[35.76475,32.988],[35.76246,32.98879],[35.75512,32.98667],[35.73446,32.98459],[35.72581,32.98043]],[[35.72399,32.97939],[35.71574,32.97163],[35.7051,32.94485],[35.70112,32.93902],[35.68938,32.93065],[35.67742,32.9249],[35.67577,32.91998],[35.67304,32.91744],[35.66053,32.9097],[35.65305,32.9087],[35.65252,32.90308],[35.64745,32.90326]]]}},{"type":"Feature","properties":{"cls":"trunk","ref":"89"},"geometry":{"type":"MultiLineString","coordinates":[[[35.4361,33.02068],[35.42581,33.01897],[35.41637,33.01975],[35.41077,33.02181],[35.4112,33.02423],[35.40925,33.02319],[35.40995,33.0258],[35.40836,33.02483],[35.40079,33.02709],[35.39533,33.02402],[35.38699,33.02358],[35.3866,33.0201],[35.38913,33.01679],[35.38785,33.01536],[35.3758,33.01326],[35.36854,33.0134],[35.36259,33.00966],[35.35218,33.01539]],[[35.28692,33.00261],[35.27633,33.01516],[35.26704,33.01845],[35.25919,33.02306],[35.25078,33.02546],[35.23032,33.02559],[35.19648,33.01974],[35.18199,33.02017],[35.17106,33.01583],[35.14323,33.01658],[35.12824,33.0146],[35.10309,33.01553]],[[35.48663,32.97909],[35.48679,32.97562],[35.48378,32.96808],[35.48795,32.9623]],[[35.48863,32.96092],[35.48951,32.95355],[35.49157,32.95029],[35.50558,32.94498],[35.51929,32.94686],[35.52538,32.94083],[35.52867,32.9394],[35.53357,32.94104],[35.53378,32.94695],[35.53767,32.95223]],[[35.10307,33.01546],[35.12824,33.01445],[35.14251,33.01641],[35.17135,33.01572],[35.18198,33.02002],[35.19657,33.01957],[35.23031,33.02546],[35.25072,33.02532],[35.25923,33.02291],[35.26661,33.01841],[35.27672,33.01477],[35.28648,33.00285],[35.29194,33.00359]],[[35.32555,33.02294],[35.32324,33.02231],[35.32147,33.01719],[35.31759,33.01706],[35.3175,33.01515],[35.31286,33.01175],[35.31274,33.00904],[35.30887,33.01035],[35.3051,33.00665],[35.29866,33.00759],[35.29442,33.00398],[35.29194,33.00359],[35.29443,33.0039],[35.29746,33.00717]],[[35.33284,33.02087],[35.32681,33.0226]],[[35.54056,32.95356],[35.53767,32.95223],[35.54067,32.95336]],[[35.34376,33.01596],[35.35153,33.01566]],[[35.48344,32.98889],[35.48663,32.97909],[35.48367,32.989]],[[35.44373,32.98854],[35.46657,32.99054],[35.47029,32.99454],[35.47085,32.99357],[35.47601,32.99409],[35.48333,32.98904]],[[35.32674,33.02247],[35.3328,33.02073]],[[35.33971,33.01845],[35.33308,33.0208]],[[35.33296,33.02066],[35.33962,33.01834]],[[35.44281,32.98856],[35.43895,32.99337],[35.43703,32.99923],[35.43714,33.0042],[35.44208,33.01105]],[[35.4405,33.0197],[35.44467,33.01779]],[[35.43936,33.02038],[35.4361,33.02068],[35.43926,33.02019]],[[35.44246,33.01156],[35.44558,33.01732]]]}},{"type":"Feature","properties":{"cls":"trunk","ref":"9"},"geometry":{"type":"MultiLineString","coordinates":[[[35.02306,32.4119],[35.00591,32.4138]],[[35.00593,32.4136],[35.02316,32.41181]]]}},{"type":"Feature","properties":{"cls":"trunk","ref":"90"},"geometry":{"type":"MultiLineString","coordinates":[[[35.15428,30.44761],[35.15893,30.452],[35.16998,30.46866],[35.17691,30.49251]],[[35.56871,32.73691],[35.56675,32.74738],[35.55793,32.76108]],[[34.96757,29.57788],[34.96435,29.56983]],[[34.95456,29.55447],[34.95365,29.55071]],[[35.5728,33.27938],[35.57624,33.27688],[35.57654,33.27336],[35.57485,33.26773],[35.57103,33.26315],[35.571,33.25312],[35.57328,33.24879],[35.58208,33.24418],[35.58059,33.23613]],[[35.56407,33.28125],[35.5671,33.27848],[35.57048,33.27907]],[[35.36009,31.2039],[35.36071,31.18714],[35.36462,31.1668],[35.36182,31.15184],[35.3623,31.14636],[35.35992,31.14146],[35.36688,31.14462],[35.37105,31.14858],[35.37376,31.14868],[35.38165,31.14126],[35.38643,31.13284],[35.39167,31.11198],[35.39131,31.09382],[35.39795,31.08356],[35.39575,31.06548],[35.39429,31.06175],[35.38005,31.04867],[35.37296,31.04652],[35.36871,31.04347],[35.36736,31.03952],[35.35942,31.0294],[35.3498,31.00369],[35.3391,30.99299],[35.32627,30.98805],[35.32199,30.98824],[35.31502,30.99125],[35.31299,30.98968],[35.31025,30.98975]],[[35.50407,32.49447],[35.50261,32.49019]],[[35.51626,32.8454],[35.5301,32.86435],[35.53247,32.86974],[35.53985,32.87146],[35.54253,32.87482],[35.54615,32.87663],[35.55008,32.88063],[35.54686,32.87958],[35.54923,32.88343],[35.54689,32.88628],[35.55127,32.88721],[35.55386,32.88946],[35.55071,32.89035],[35.54113,32.90154],[35.54093,32.90371],[35.54356,32.90299],[35.54323,32.90405],[35.54722,32.90444],[35.55001,32.90644],[35.5492,32.90948],[35.54659,32.91005],[35.54419,32.91299]],[[35.54707,32.77211],[35.54465,32.77772]],[[35.57671,33.22493],[35.57867,33.23228]],[[35.46306,32.04666],[35.4461,32.02142],[35.44801,32.0094],[35.47063,31.9706],[35.46823,31.92602],[35.46318,31.91572],[35.46111,31.89595],[35.46343,31.89132],[35.47111,31.88343],[35.48139,31.87922],[35.50129,31.87531],[35.50563,31.86972]],[[34.96966,29.58175],[34.96766,29.57819]],[[35.55727,32.76176],[35.55381,32.765]],[[35.49566,32.39756],[35.49939,32.37778],[35.50494,32.37229],[35.52958,32.36161],[35.53584,32.35326],[35.53539,32.3406],[35.54013,32.33441],[35.53836,32.32742],[35.54102,32.32245],[35.54458,32.31937],[35.54309,32.30277],[35.54403,32.29721],[35.5483,32.29228],[35.5491,32.28164],[35.55177,32.277],[35.55134,32.26724],[35.55357,32.26232],[35.55238,32.25538],[35.5537,32.24394],[35.54899,32.22905],[35.5495,32.20768],[35.54596,32.20216],[35.54317,32.1917],[35.53601,32.17656],[35.53204,32.17203],[35.51382,32.13849],[35.51228,32.12923],[35.50949,32.12518],[35.50239,32.11982],[35.49573,32.10815],[35.49748,32.0872],[35.4965,32.07696],[35.48511,32.06525],[35.46585,32.05191],[35.46414,32.04924]],[[35.49531,32.40006],[35.49566,32.39756],[35.49544,32.40009]],[[35.49375,32.40352],[35.49531,32.40006],[35.4947,32.40174]],[[35.15233,30.41078],[35.15333,30.39767],[35.17252,30.35956],[35.1742,30.35048],[35.1585,30.33552],[35.15173,30.32514],[35.13556,30.30661],[35.13371,30.3],[35.13135,30.28251],[35.13589,30.26783],[35.13416,30.23147],[35.13747,30.22268],[35.13469,30.18351],[35.12933,30.16957],[35.12968,30.14896],[35.13369,30.14249]],[[34.96456,29.56969],[34.96753,29.57809],[34.97599,29.5915],[34.984,29.60963],[34.98779,29.62672],[34.99034,29.64913],[34.99035,29.69052],[34.99531,29.70011],[35.01249,29.75772],[35.02073,29.79336],[35.03094,29.8155],[35.02754,29.84727],[35.04147,29.87658],[35.04674,29.88225],[35.0581,29.88782],[35.0635,29.89462],[35.06419,29.91505],[35.0597,29.94069],[35.06419,29.96676],[35.0713,29.98391],[35.08478,29.9967],[35.08631,30.0055],[35.09894,30.03487],[35.10362,30.03923],[35.10664,30.0453],[35.11902,30.06071],[35.12729,30.06829],[35.14411,30.10647],[35.14685,30.12091],[35.14568,30.1278],[35.13369,30.14249],[35.14553,30.12784],[35.14666,30.12021],[35.14398,30.1065],[35.12717,30.06834],[35.11894,30.06078],[35.10652,30.04536],[35.10351,30.03931],[35.09883,30.03493],[35.0862,30.00553],[35.08467,29.99674],[35.0712,29.98397],[35.06406,29.9668],[35.05961,29.94068],[35.06407,29.91504],[35.06344,29.89492],[35.05801,29.88791],[35.04666,29.88234],[35.04136,29.87664],[35.02746,29.84733],[35.03082,29.8155],[35.02064,29.79343],[35.00772,29.74226],[34.99522,29.70014],[34.99026,29.69054],[34.9903,29.6501],[34.98769,29.6268],[34.98369,29.60917],[34.97584,29.59152],[34.96983,29.58167]],[[34.94795,29.54201],[34.95127,29.54684]],[[34.94681,29.54135],[34.94085,29.53603]],[[34.94066,29.53588],[34.93484,29.52631]],[[34.9431,29.53714],[34.94694,29.54121]],[[35.39228,31.45969],[35.39269,31.45669],[35.3944,31.45588]],[[35.54332,32.91405],[35.5439,32.92715],[35.54708,32.93992],[35.54191,32.95203],[35.54185,32.95642],[35.55367,32.97106],[35.56589,33.00146],[35.56502,33.00436],[35.55943,33.00972],[35.55948,33.01619],[35.55628,33.0243],[35.55919,33.02742],[35.56926,33.02958],[35.57281,33.03537],[35.57172,33.04379],[35.57644,33.07343],[35.57002,33.13478],[35.57235,33.15584],[35.57006,33.16248],[35.57028,33.16865],[35.56686,33.17368],[35.56572,33.18204],[35.56692,33.19109],[35.5693,33.19442],[35.57109,33.21691],[35.57671,33.22493],[35.57085,33.21797],[35.56915,33.19443],[35.56676,33.19113],[35.56564,33.18197],[35.56667,33.17372],[35.5702,33.16841],[35.56987,33.1626],[35.57215,33.15604],[35.56984,33.13552],[35.57628,33.07343],[35.57178,33.04609],[35.57261,33.0349],[35.56916,33.02969],[35.55912,33.02754],[35.55612,33.02433],[35.55935,33.01609],[35.55937,33.00952],[35.56488,33.00429],[35.56573,33.00147],[35.55352,32.97111],[35.54169,32.95644],[35.54175,32.95199],[35.54691,32.93988],[35.54375,32.92718],[35.54405,32.91659],[35.5429,32.91372]],[[35.26946,30.90089],[35.27374,30.91778],[35.29463,30.92918],[35.29972,30.93484],[35.30155,30.94043],[35.29687,30.95398],[35.30296,30.96037],[35.30419,30.96646],[35.30748,30.96962],[35.306,30.9722],[35.30207,30.97321],[35.31016,30.98891]],[[35.50859,31.86486],[35.51437,31.85515],[35.5123,31.83037],[35.51016,31.82733],[35.49708,31.81992],[35.4962,31.81163],[35.49223,31.80577],[35.49063,31.80018]],[[35.4974,32.47522],[35.48727,32.44776],[35.48338,32.44814],[35.48591,32.4395]],[[35.51118,32.50048],[35.50607,32.49972]],[[35.48554,32.43866],[35.48354,32.4354],[35.49096,32.42045],[35.49311,32.41142],[35.49133,32.40502],[35.49348,32.40388],[35.49544,32.40009],[35.49483,32.40181]],[[35.56897,32.72228],[35.56884,32.73618]],[[35.58668,32.70256],[35.58216,32.68436]],[[35.50437,32.49463],[35.50482,32.49856],[35.50414,32.49468]],[[35.22819,30.7469],[35.23988,30.78307],[35.24163,30.79619],[35.24926,30.80663],[35.24944,30.81165],[35.24541,30.82107],[35.24547,30.82654],[35.26125,30.85309],[35.26946,30.90089],[35.26261,30.86023]],[[35.53211,32.80218],[35.53597,32.80098],[35.54023,32.79634],[35.54159,32.78881]],[[35.40773,31.58092],[35.41265,31.57562],[35.41407,31.57082],[35.40753,31.56264],[35.39686,31.5531],[35.39193,31.52428],[35.39341,31.51521],[35.3965,31.51027],[35.39325,31.50428],[35.39782,31.48618],[35.39655,31.46752]],[[35.51938,32.5075],[35.51141,32.50054]],[[35.50449,31.77322],[35.50039,31.77241],[35.49676,31.76902],[35.49179,31.75438],[35.48667,31.75094],[35.48088,31.74949],[35.47252,31.74446],[35.46415,31.74152],[35.45617,31.73227],[35.45049,31.7173],[35.44975,31.69757],[35.43954,31.67597]],[[35.50201,32.48795],[35.50429,32.49441]],[[34.96052,29.56322],[34.96431,29.56931]],[[34.93494,29.52627],[34.94079,29.53579]],[[34.93472,29.52622],[34.92795,29.51961]],[[35.54143,32.78859],[35.53957,32.7882],[35.53987,32.78652],[35.5437,32.78292],[35.54428,32.78032]],[[35.20701,30.64238],[35.21343,30.65356],[35.21168,30.66285],[35.2127,30.66751],[35.21603,30.67242],[35.21731,30.68958],[35.22106,30.70704]],[[35.22361,30.72717],[35.22106,30.70704],[35.2248,30.73596],[35.22819,30.7469],[35.22361,30.72717]],[[35.18342,30.53245],[35.19548,30.6194],[35.19708,30.62316]],[[35.49914,32.48014],[35.49748,32.47549]],[[35.56848,32.65354],[35.5597,32.64694],[35.55867,32.6419],[35.55525,32.63817],[35.55571,32.62112],[35.54727,32.6106],[35.54385,32.60327],[35.54438,32.59593],[35.55052,32.57315],[35.54917,32.56506],[35.5391,32.55108],[35.53602,32.53713],[35.53581,32.52816],[35.5254,32.51968],[35.52412,32.51609],[35.52125,32.51344],[35.52005,32.50848]],[[35.57297,32.71396],[35.57325,32.71115],[35.58263,32.70572]],[[34.92776,29.5194],[34.92506,29.51424]],[[34.92808,29.51948],[34.93486,29.5261]],[[34.92523,29.51418],[34.92791,29.51932]],[[34.92501,29.51409],[34.92114,29.50846]],[[35.49939,32.48085],[35.50086,32.48518]],[[34.96403,29.56947],[34.96035,29.56335]],[[35.49075,31.79914],[35.49615,31.79543],[35.50515,31.7742]],[[35.5805,32.67837],[35.57522,32.65971],[35.56884,32.65367]],[[34.90588,29.49423],[34.91398,29.49908],[34.92094,29.50834]],[[35.39442,31.45454],[35.38857,31.44432],[35.38192,31.43646],[35.37712,31.42514],[35.37727,31.41709],[35.38546,31.40751],[35.38701,31.40386],[35.38299,31.38275],[35.38382,31.36892],[35.38794,31.35377],[35.38728,31.3316],[35.38287,31.3081],[35.38618,31.30192],[35.38227,31.28799],[35.3692,31.28182],[35.37026,31.267],[35.36791,31.26137],[35.37013,31.25819],[35.36228,31.24894],[35.36101,31.24221],[35.36221,31.2365],[35.35758,31.23039],[35.35546,31.22352],[35.36175,31.21379],[35.361,31.20659]],[[35.39549,31.46549],[35.39207,31.46043]],[[35.40681,31.5815],[35.40773,31.58092],[35.40583,31.58275],[35.40632,31.59017],[35.40325,31.59737],[35.40431,31.60435],[35.40828,31.60971],[35.40954,31.62282],[35.41418,31.6298],[35.41943,31.64682],[35.42679,31.65382],[35.43235,31.66694],[35.43715,31.67055],[35.43941,31.67577]],[[34.92125,29.50861],[34.92516,29.51405]],[[35.51055,32.83746],[35.51557,32.84448]],[[35.46414,32.04924],[35.46306,32.04666],[35.46414,32.04924]],[[34.95796,29.56022],[34.95661,29.55788],[34.95815,29.56012]],[[35.57282,32.71502],[35.56919,32.72126]],[[35.55062,32.76729],[35.54754,32.77046],[35.55049,32.76713]],[[35.54465,32.77772],[35.54428,32.78032],[35.54465,32.77772]],[[35.52872,32.80436],[35.53223,32.80097],[35.52287,32.81042],[35.51719,32.82207],[35.51268,32.82572]],[[35.51002,32.8366],[35.51109,32.83027]],[[35.51163,32.82696],[35.51109,32.83027],[35.51111,32.82927]],[[35.20701,30.64238],[35.19708,30.62316],[35.20701,30.64238]],[[35.18342,30.53245],[35.17691,30.49251],[35.18342,30.53245]],[[35.50859,31.86486],[35.50563,31.86972],[35.50859,31.86486]],[[35.15233,30.41078],[35.15162,30.42863],[35.15335,30.44029],[35.15232,30.44478],[35.15428,30.44761],[35.15223,30.4448],[35.15325,30.44027],[35.15151,30.42865],[35.15233,30.41078]]]}},{"type":"Feature","properties":{"cls":"trunk","ref":"91"},"geometry":{"type":"MultiLineString","coordinates":[[[35.57291,32.99189],[35.60422,33.0029],[35.60673,33.00876],[35.61729,33.01366],[35.62571,33.01347],[35.6267,33.00693],[35.62772,33.01018],[35.63004,33.01307],[35.63239,33.01359],[35.63549,33.01909],[35.63839,33.01363],[35.64031,33.01228],[35.6429,33.01322],[35.64458,33.0099],[35.64645,33.01245],[35.65165,33.01146],[35.65817,33.01779],[35.67288,33.02488]],[[35.67376,33.02559],[35.69267,33.03578],[35.70632,33.04807],[35.72614,33.05053],[35.73179,33.05318],[35.73262,33.05605],[35.74707,33.06455],[35.75657,33.06625],[35.76543,33.07284],[35.77077,33.0805],[35.78474,33.08623],[35.79056,33.09115],[35.80101,33.09689]],[[35.56218,32.98997],[35.56108,32.99029],[35.56662,32.99103]],[[35.56984,32.99198],[35.56662,32.99103],[35.56984,32.99187]],[[35.57006,32.99188],[35.57291,32.99189],[35.57005,32.99198]]]}},{"type":"Feature","properties":{"cls":"trunk","ref":"92"},"geometry":{"type":"MultiLineString","coordinates":[[[35.64081,32.78226],[35.6409,32.77383],[35.6324,32.7351],[35.62215,32.72226],[35.60339,32.70268]],[[35.6601,32.8819],[35.65056,32.86714],[35.65286,32.84783],[35.65072,32.83637]],[[35.64937,32.82623],[35.65036,32.81814],[35.64531,32.80927],[35.64433,32.78996],[35.64205,32.78601]],[[35.64728,32.90317],[35.64783,32.90141],[35.65799,32.89437],[35.66087,32.88703],[35.66072,32.88314]],[[35.60226,32.70222],[35.59589,32.70538],[35.58662,32.70478]],[[35.65054,32.83592],[35.64984,32.82803]],[[35.64163,32.78544],[35.64068,32.78331],[35.64148,32.78531]]]}},{"type":"Feature","properties":{"cls":"trunk","ref":"98"},"geometry":{"type":"MultiLineString","coordinates":[[[35.60312,32.70165],[35.62808,32.68485],[35.63688,32.68725],[35.64395,32.68312],[35.64895,32.68206],[35.65262,32.6855],[35.6592,32.68626],[35.65417,32.68954],[35.65371,32.68676],[35.65231,32.68751],[35.65338,32.68737],[35.6529,32.68868],[35.65037,32.68827],[35.65205,32.68911],[35.65003,32.69401],[35.65266,32.6936],[35.65303,32.69461],[35.64786,32.69763],[35.64776,32.70009],[35.65025,32.70488],[35.64972,32.70822],[35.65305,32.70932],[35.65568,32.7154],[35.65514,32.73366],[35.66131,32.74218],[35.66594,32.75693],[35.67923,32.76523],[35.69363,32.76916],[35.70898,32.77529],[35.72942,32.79505],[35.75934,32.80773],[35.7799,32.82217],[35.79841,32.83225],[35.80177,32.83675],[35.81542,32.84742],[35.83507,32.88079],[35.84099,32.89912],[35.84102,32.9079],[35.84594,32.91946],[35.84908,32.92322],[35.84949,32.9277],[35.85424,32.93323],[35.83512,32.9612],[35.82949,32.9866],[35.83868,33.02716],[35.82834,33.07784],[35.82406,33.09163],[35.82304,33.10522],[35.80101,33.09689],[35.80079,33.11785],[35.7952,33.12385],[35.80124,33.12508],[35.80768,33.13281],[35.79523,33.14018],[35.78866,33.15065]],[[35.77449,33.19997],[35.76852,33.21265],[35.7637,33.21614],[35.76069,33.2161],[35.75809,33.22414]],[[35.77023,33.26392],[35.77041,33.26232],[35.76458,33.25743],[35.76641,33.25026],[35.76046,33.23822],[35.75672,33.23483],[35.75697,33.23271]],[[35.77526,33.17943],[35.77611,33.19655],[35.7746,33.19974]],[[35.76387,33.2649],[35.76189,33.26466],[35.76301,33.26689],[35.75516,33.26534],[35.75425,33.26831],[35.7578,33.27374],[35.75695,33.27715],[35.76239,33.28475],[35.75591,33.28402],[35.75442,33.28512],[35.75385,33.28913],[35.75828,33.28989]],[[35.75653,33.2326],[35.75557,33.23212],[35.75701,33.22735]],[[35.75719,33.22739],[35.75566,33.23215],[35.75665,33.23248]],[[35.77517,33.17794],[35.77526,33.17943],[35.77496,33.16611],[35.78181,33.16049],[35.78795,33.15172]],[[35.7571,33.22709],[35.75809,33.22414],[35.75727,33.22713]]]}},{"type":"Feature","properties":{"cls":"trunk","ref":"99"},"geometry":{"type":"MultiLineString","coordinates":[[[35.67306,33.25097],[35.67814,33.25129],[35.67799,33.24861],[35.67969,33.2479],[35.69181,33.24822],[35.69018,33.24317],[35.69641,33.2433],[35.69832,33.24084],[35.70429,33.23916],[35.70524,33.2377],[35.70821,33.2384],[35.71177,33.23636],[35.70893,33.23401],[35.70844,33.23141],[35.70999,33.22409],[35.71978,33.2299],[35.72085,33.22763],[35.73393,33.22288],[35.74401,33.22717],[35.75122,33.23308],[35.75648,33.23283]],[[35.63563,33.22555],[35.64171,33.22795],[35.65556,33.23802],[35.66004,33.23834],[35.67248,33.25087]],[[35.57928,33.22281],[35.58676,33.22084]],[[35.58704,33.22085],[35.59331,33.221]],[[35.607,33.22496],[35.61184,33.22484]],[[35.60552,33.22505],[35.60015,33.22463],[35.59352,33.22122]],[[35.59357,33.22106],[35.60021,33.22457],[35.60548,33.22492]],[[35.59326,33.22116],[35.58702,33.22099]],[[35.63141,33.2241],[35.6148,33.22436],[35.63145,33.22395]],[[35.58676,33.22099],[35.5793,33.22294]]]}},{"type":"Feature","properties":{"cls":"trunk","ref":"A1"},"geometry":{"type":"MultiLineString","coordinates":[[[35.53202,33.88634],[35.53482,33.89405]]]}},{"type":"Feature","properties":{"cls":"trunk","ref":"A1 RING"},"geometry":{"type":"MultiLineString","coordinates":[[[35.53307,33.89011],[35.53192,33.88641],[35.52769,33.8819],[35.52001,33.87914],[35.50485,33.87767],[35.47845,33.88399],[35.47434,33.8865],[35.47162,33.89169],[35.4695,33.89243],[35.47076,33.89332],[35.47097,33.90008],[35.47462,33.90146],[35.48129,33.90279],[35.4895,33.90113],[35.49781,33.90146]],[[35.47032,33.89209],[35.47433,33.88637],[35.47829,33.88388],[35.50479,33.87761],[35.52111,33.87933],[35.52787,33.88183],[35.53202,33.88634]],[[35.49886,33.90214],[35.50517,33.90144],[35.51268,33.89722]],[[35.51349,33.89717],[35.50533,33.90154],[35.49857,33.90221]],[[35.49648,33.90123],[35.49336,33.90274],[35.48981,33.90127],[35.48129,33.90293],[35.47477,33.90164],[35.47084,33.90023],[35.47019,33.89483]],[[35.53584,33.8962],[35.53322,33.89057]]]}},{"type":"Feature","properties":{"cls":"trunk","ref":"A11"},"geometry":{"type":"MultiLineString","coordinates":[[[35.51459,33.87063],[35.51743,33.87221],[35.52057,33.87885]],[[35.52031,33.87896],[35.51747,33.87248],[35.51431,33.87088]],[[35.51738,33.83086],[35.51753,33.8284],[35.5175,33.8308]],[[35.50918,33.86724],[35.50891,33.86527],[35.51528,33.85214]],[[35.51539,33.85216],[35.50901,33.86527],[35.50928,33.8672]],[[35.51719,33.83835],[35.51556,33.85185]],[[35.51705,33.83617],[35.51734,33.83136]],[[35.51534,33.85179],[35.51684,33.83831]],[[35.51743,33.83133],[35.51732,33.83622]]]}},{"type":"Feature","properties":{"cls":"trunk","ref":"A18"},"geometry":{"type":"MultiLineString","coordinates":[[[35.53086,33.85484],[35.52072,33.85384],[35.50622,33.84913],[35.50268,33.84975]],[[35.50227,33.84973],[35.50623,33.84904],[35.5205,33.85372],[35.53086,33.85474]]]}},{"type":"Feature","properties":{"cls":"trunk","ref":"A2"},"geometry":{"type":"MultiLineString","coordinates":[[[35.5382,33.89866],[35.55339,33.89526],[35.56888,33.90174],[35.57597,33.90678],[35.58348,33.91733],[35.58025,33.91953],[35.58084,33.92157],[35.58451,33.92084],[35.59038,33.94204]],[[35.60423,33.96318],[35.59939,33.95678],[35.59362,33.95463],[35.59116,33.94379]],[[35.5829,33.92118],[35.58472,33.92191],[35.59068,33.94339]]]}},{"type":"Feature","properties":{"cls":"trunk","ref":"A3"},"geometry":{"type":"MultiLineString","coordinates":[[[35.36532,33.53375],[35.36404,33.53413],[35.36323,33.53789],[35.36647,33.55347],[35.36915,33.55853],[35.36694,33.56282],[35.37579,33.56744],[35.38421,33.57973],[35.38689,33.58808]],[[35.21385,33.27455],[35.22866,33.29127]],[[35.2526,33.34067],[35.25588,33.35165],[35.26473,33.36497],[35.26582,33.36907]],[[35.21363,33.2746],[35.23161,33.29517],[35.24108,33.31612],[35.25049,33.32809],[35.25084,33.33637],[35.2526,33.34067],[35.25187,33.33898]],[[35.21361,33.27431],[35.21461,33.27011]],[[35.56313,33.89492],[35.54019,33.88113],[35.5399,33.87726],[35.53652,33.87033]],[[35.50075,33.80554],[35.5053,33.80451],[35.51113,33.80598],[35.5179,33.81421],[35.52225,33.81621],[35.52666,33.82047],[35.52775,33.82321],[35.52594,33.82487],[35.52631,33.82875]],[[35.47684,33.78681],[35.48598,33.79861],[35.49413,33.80408],[35.50075,33.80554],[35.49426,33.80425],[35.48949,33.80105],[35.48699,33.80145],[35.4823,33.79466]],[[35.42278,33.68418],[35.42151,33.67812],[35.42358,33.67475],[35.42349,33.67134],[35.42132,33.65998]],[[35.52865,33.84244],[35.52645,33.86367],[35.528,33.86612],[35.53532,33.86636],[35.53662,33.87002]],[[35.38738,33.59036],[35.38413,33.57997],[35.37567,33.56748],[35.36676,33.56279],[35.36887,33.55808],[35.36503,33.55432],[35.36547,33.54969],[35.36285,33.54026],[35.36493,33.53371]],[[35.34098,33.49171],[35.3364,33.48679],[35.3342,33.4784],[35.327,33.4706],[35.3179,33.46719],[35.31253,33.46794],[35.30472,33.467],[35.2872,33.45761],[35.27842,33.44476],[35.27536,33.43904],[35.27531,33.43584],[35.26851,33.42359],[35.26675,33.41686],[35.2681,33.41159]],[[35.26572,33.37006],[35.26454,33.39765],[35.2681,33.41159],[35.26801,33.41045]],[[35.36312,33.53541],[35.35549,33.51618],[35.3406,33.49673],[35.34146,33.49212]],[[35.53667,33.87029],[35.53991,33.8772],[35.54331,33.87954],[35.54295,33.88272],[35.56416,33.89537]],[[35.52746,33.83079],[35.52869,33.84185],[35.52633,33.86353],[35.52784,33.86618],[35.53528,33.86642],[35.53639,33.87006]],[[35.1991,33.18939],[35.20928,33.20098],[35.22078,33.22052],[35.22339,33.22942],[35.22259,33.23889]],[[35.34175,33.49207],[35.34071,33.4967],[35.35556,33.51615],[35.36321,33.53539],[35.36493,33.5341]],[[35.21593,33.26787],[35.21384,33.27433]],[[35.22419,33.25367],[35.22283,33.24022]],[[35.13991,33.12475],[35.14452,33.12566],[35.15046,33.13135],[35.16819,33.16411],[35.17687,33.16382],[35.18446,33.16578]],[[35.52631,33.82875],[35.52746,33.83079],[35.52631,33.82875]],[[35.225,33.25265],[35.21601,33.2677]],[[35.40071,33.61118],[35.4022,33.61231],[35.39907,33.62281],[35.40055,33.6307],[35.40028,33.64579],[35.40286,33.64845],[35.41136,33.65006],[35.41726,33.65293],[35.42283,33.66481],[35.42366,33.67471],[35.42156,33.67834],[35.42283,33.68415],[35.41898,33.68754],[35.41891,33.68931],[35.42394,33.69368],[35.43715,33.69832],[35.4412,33.70272],[35.44771,33.70411],[35.4499,33.70694]],[[35.45352,33.74831],[35.45197,33.74952],[35.45284,33.75143],[35.46001,33.76274],[35.46723,33.7695],[35.47629,33.78616]],[[35.44983,33.70659],[35.45374,33.71841],[35.45484,33.73489]],[[35.20008,33.19112],[35.1872,33.16837]],[[35.18679,33.16734],[35.1872,33.16837],[35.18446,33.16578],[35.18679,33.16734]],[[35.13763,33.12341],[35.13991,33.12475],[35.13447,33.12095]],[[35.10476,33.09432],[35.10894,33.10473],[35.11525,33.11251],[35.13415,33.1205]],[[35.45488,33.73536],[35.45477,33.74318]],[[35.45352,33.74831],[35.45477,33.74318],[35.45352,33.74831]],[[35.39962,33.61064],[35.39712,33.60756],[35.38907,33.60497],[35.38927,33.59902]]]}},{"type":"Feature","properties":{"cls":"trunk","ref":"A30"},"geometry":{"type":"MultiLineString","coordinates":[[[35.8502,33.81612],[35.8528,33.81551],[35.86746,33.80233],[35.91078,33.75999],[35.9184,33.73303],[35.91878,33.70505],[35.92223,33.70227],[35.92931,33.70101]],[[35.92933,33.70111],[35.92224,33.70238],[35.91893,33.70508],[35.91853,33.73294],[35.91093,33.75993],[35.85272,33.81566],[35.84264,33.81807],[35.83741,33.81677],[35.83224,33.8132],[35.82875,33.81414],[35.81856,33.81043],[35.81119,33.80343],[35.7973,33.80454],[35.79481,33.80603],[35.79005,33.80555],[35.78817,33.80755],[35.78404,33.80863],[35.78222,33.81345],[35.78002,33.81434],[35.77717,33.81218],[35.76997,33.81217],[35.76806,33.8103]],[[35.76563,33.80971],[35.76806,33.8103],[35.76649,33.8095],[35.76369,33.81162],[35.76003,33.81134],[35.75622,33.81278],[35.7544,33.81018],[35.74745,33.80911],[35.74415,33.80733],[35.7431,33.80253],[35.73455,33.79932]],[[35.68088,33.79915],[35.67787,33.80113],[35.6733,33.80038]]]}},{"type":"Feature","properties":{"cls":"trunk","ref":"A301"},"geometry":{"type":"MultiLineString","coordinates":[[[35.51938,33.88051],[35.5235,33.88464],[35.52088,33.88761],[35.52095,33.89136]],[[35.52082,33.89126],[35.5208,33.8876],[35.52334,33.88455],[35.51933,33.88083]]]}},{"type":"Feature","properties":{"cls":"trunk","ref":"A4"},"geometry":{"type":"MultiLineString","coordinates":[[[35.95711,33.86661],[35.94957,33.86104],[35.93216,33.85167],[35.92669,33.843],[35.91256,33.83215],[35.89124,33.82276],[35.85767,33.81546]],[[35.88259,33.82098],[35.89016,33.82209],[35.91333,33.83224]],[[35.91349,33.8323],[35.92617,33.84218],[35.93354,33.85239],[35.95725,33.86642]],[[35.95738,33.86644],[35.9661,33.86779],[35.99194,33.86323],[36.01417,33.86888],[36.08821,33.92906],[36.12635,33.96263],[36.14709,33.97684],[36.17992,33.9954]],[[36.17969,33.9956],[36.14475,33.97554],[36.1255,33.96227],[36.08877,33.92973],[36.01453,33.86932],[35.99042,33.86345]],[[36.18161,34.00168],[36.17979,33.99576]],[[35.85779,33.81516],[35.88251,33.82097]],[[35.98992,33.86352],[35.96612,33.86789],[35.95736,33.86667]],[[36.18,33.99578],[36.18171,34.0017]]]}},{"type":"Feature","properties":{"cls":"trunk","ref":"A5"},"geometry":{"type":"MultiLineString","coordinates":[[[35.4906,33.3898],[35.47944,33.40217],[35.47818,33.40824],[35.4719,33.41468],[35.46608,33.42556],[35.45966,33.42942],[35.44572,33.43381],[35.43351,33.43302],[35.42369,33.43404],[35.40961,33.44139],[35.40059,33.44445],[35.38488,33.46698],[35.36786,33.47199],[35.3574,33.47985],[35.35496,33.48006],[35.34997,33.47787],[35.34586,33.48262],[35.34375,33.48913]],[[35.49073,33.38962],[35.51322,33.393]],[[35.51322,33.39314],[35.49067,33.38976]],[[35.34182,33.49159],[35.34552,33.4865],[35.34581,33.48258],[35.34995,33.4778],[35.35485,33.47994],[35.35746,33.47975],[35.36802,33.47181],[35.38484,33.46694],[35.40067,33.44427],[35.40959,33.44134],[35.42341,33.43403],[35.43027,33.43296],[35.44588,33.43371],[35.45958,33.42936],[35.46629,33.42534],[35.47183,33.41466],[35.47813,33.40815],[35.47934,33.40218],[35.49037,33.38978]],[[35.51341,33.39304],[35.51997,33.39225]],[[35.52005,33.39232],[35.51335,33.39316]]]}},{"type":"Feature","properties":{"cls":"trunk","ref":"A51"},"geometry":{"type":"MultiLineString","coordinates":[[[35.37288,33.54464],[35.37286,33.54563],[35.37194,33.54246]],[[35.38623,33.57914],[35.38202,33.56851]],[[35.38751,33.58561],[35.38629,33.57966]],[[35.38671,33.57959],[35.38762,33.58554]],[[35.37599,33.5493],[35.37286,33.54563]],[[35.3731,33.54543],[35.37626,33.54919]],[[35.38167,33.56803],[35.37943,33.56229],[35.37877,33.55325]],[[35.37909,33.55292],[35.37984,33.56274],[35.38201,33.56791]],[[35.38231,33.56842],[35.38659,33.57911]],[[35.37256,33.54479],[35.37161,33.54021]],[[35.37646,33.54939],[35.37884,33.55242]]]}},{"type":"Feature","properties":{"cls":"trunk","ref":"A510"},"geometry":{"type":"MultiLineString","coordinates":[[[35.48433,33.82888],[35.48564,33.85733]],[[35.48552,33.85734],[35.48421,33.82886]]]}},{"type":"Feature","properties":{"cls":"trunk","ref":"A511"},"geometry":{"type":"MultiLineString","coordinates":[[[35.50974,33.89235],[35.52565,33.89187],[35.53029,33.89051]],[[35.53072,33.89063],[35.52629,33.89189],[35.51007,33.89243]]]}},{"type":"Feature","properties":{"cls":"trunk","ref":"A6"},"geometry":{"type":"MultiLineString","coordinates":[[[35.59034,33.91571],[35.58453,33.91802]],[[35.68051,33.91997],[35.67424,33.91783],[35.66593,33.91753],[35.66411,33.91914]],[[35.6821,33.92146],[35.68051,33.91997],[35.68509,33.9226],[35.68731,33.92144],[35.68716,33.91897],[35.69098,33.91903],[35.68811,33.91801],[35.68829,33.91629],[35.68575,33.91678],[35.68703,33.91431],[35.69613,33.91358],[35.70079,33.90787],[35.70099,33.9091],[35.70357,33.90973]],[[35.58446,33.91785],[35.58974,33.91667],[35.59278,33.91432],[35.59362,33.91666],[35.59401,33.91531],[35.59492,33.91635],[35.60075,33.91528],[35.6036,33.91738],[35.60196,33.91881],[35.60358,33.92061]],[[35.62525,33.92705],[35.62349,33.92633],[35.62357,33.92462],[35.61156,33.92409],[35.60358,33.92061],[35.6097,33.92331]],[[35.70413,33.91022],[35.70887,33.91211]],[[35.63107,33.9235],[35.63417,33.92353],[35.63688,33.92654],[35.63323,33.92514],[35.62732,33.92735]],[[35.91228,33.83802],[35.91433,33.83264]],[[35.91484,33.83305],[35.91249,33.83805]],[[35.74982,33.91233],[35.75793,33.89688]],[[35.66304,33.91903],[35.66127,33.91702],[35.66081,33.92033],[35.65511,33.92057],[35.65184,33.92236],[35.63911,33.91895],[35.63251,33.9215],[35.63046,33.92103]],[[35.75864,33.89632],[35.766,33.89128],[35.77239,33.89106],[35.77466,33.89236],[35.77295,33.88555],[35.77747,33.89018],[35.77705,33.8924],[35.77874,33.89382],[35.77852,33.89241],[35.78027,33.89131],[35.78441,33.8916],[35.78465,33.88992],[35.78664,33.89149],[35.79133,33.89212],[35.79418,33.89573],[35.79577,33.89364],[35.80044,33.89257],[35.81561,33.89418],[35.81197,33.88892],[35.81564,33.88725],[35.82048,33.8869],[35.82637,33.88964],[35.82393,33.88766],[35.8267,33.88345],[35.82591,33.88202],[35.82239,33.88128],[35.82206,33.87862],[35.81913,33.87547],[35.81944,33.87001]],[[35.90526,33.84472],[35.90367,33.84458],[35.90663,33.84403]],[[35.90627,33.84342],[35.90237,33.8436],[35.90522,33.84123]],[[35.90514,33.8408],[35.90303,33.8397],[35.89816,33.84221],[35.88907,33.84323],[35.88603,33.84544],[35.88103,33.855],[35.87733,33.85738],[35.87926,33.85897],[35.87636,33.86295],[35.8731,33.86438],[35.87011,33.86397],[35.86663,33.86634],[35.86346,33.8658],[35.86339,33.86839]],[[35.91242,33.83842],[35.91117,33.84195],[35.90533,33.84496],[35.91084,33.84189],[35.91217,33.83837]],[[35.71169,33.90893],[35.7118,33.90711],[35.71796,33.90401],[35.72411,33.90652],[35.72923,33.90598],[35.73415,33.90956],[35.74982,33.91233],[35.74874,33.91235]],[[35.82076,33.87012],[35.82153,33.8655],[35.82387,33.86396],[35.82764,33.86602],[35.83473,33.86618],[35.83858,33.87005],[35.85319,33.86796],[35.85895,33.87005],[35.86223,33.87314],[35.8641,33.87054],[35.86339,33.86839],[35.86411,33.87025]],[[35.6292,33.92243],[35.63107,33.9235],[35.62941,33.92309],[35.62908,33.92144]]]}},{"type":"Feature","properties":{"cls":"trunk","ref":"A7"},"geometry":{"type":"MultiLineString","coordinates":[[[35.87181,33.6372],[35.87636,33.64171],[35.88007,33.65058],[35.88321,33.65298],[35.88649,33.66291],[35.90302,33.68877],[35.9111,33.69583],[35.91877,33.70586]],[[35.72728,33.45842],[35.7272,33.46136],[35.73094,33.45928],[35.73443,33.46307],[35.73351,33.46667],[35.73781,33.46494],[35.74195,33.47013],[35.74661,33.47231],[35.74828,33.47899],[35.7531,33.48518],[35.76884,33.49592],[35.77233,33.50144],[35.77956,33.50844],[35.7862,33.51893],[35.79256,33.51614],[35.80472,33.52199],[35.81228,33.52217],[35.82192,33.51923],[35.83323,33.52402]],[[35.60159,33.35548],[35.60653,33.36036],[35.60915,33.36545],[35.63152,33.36991],[35.63901,33.37276],[35.6404,33.37715],[35.63921,33.38565],[35.64322,33.38663],[35.65204,33.39697],[35.66188,33.40148]],[[35.66244,33.40265],[35.66387,33.40536],[35.67329,33.40948],[35.68825,33.42818],[35.69672,33.43364],[35.70057,33.43954],[35.71173,33.44931],[35.71308,33.45],[35.71488,33.44862],[35.71794,33.45026],[35.72095,33.45363],[35.7207,33.45682],[35.72358,33.45479],[35.72684,33.45666]],[[35.82462,33.54797],[35.82571,33.54128],[35.82815,33.53925],[35.83414,33.52724],[35.83345,33.52433]],[[35.82436,33.55395],[35.82463,33.54864]],[[35.85121,33.61349],[35.84249,33.60495],[35.83983,33.59514],[35.82882,33.57573],[35.82474,33.55519]],[[35.87151,33.63687],[35.85121,33.61349],[35.85242,33.61482]]]}},{"type":"Feature","properties":{"cls":"trunk","ref":"A8"},"geometry":{"type":"MultiLineString","coordinates":[[[35.70358,33.98257],[35.70967,33.98459],[35.71571,33.98882],[35.72982,33.99114]],[[35.86478,33.99975],[35.86154,33.99767],[35.85425,33.99742],[35.84886,33.99407],[35.84209,33.99345],[35.83895,33.99455],[35.83767,33.99307],[35.83093,33.99404],[35.83581,33.99696],[35.83553,34.00165],[35.82766,34.00155],[35.82629,33.99702],[35.82135,33.99754]],[[35.99956,34.0114],[36.01764,34.00402],[36.02002,34.00028],[36.02408,33.99795],[36.03759,33.99666]],[[35.86547,33.99996],[35.87891,33.99924],[35.88301,34.00076],[35.88383,34.00515],[35.8826,34.00751],[35.88501,34.01009],[35.8917,34.01125],[35.89641,34.00814],[35.89857,34.01196],[35.90246,34.01151],[35.90758,34.01503],[35.90985,34.01479],[35.91667,34.01023],[35.92466,34.00848],[35.92757,34.00562],[35.92945,33.98512],[35.93102,33.98486],[35.93301,33.98696],[35.93513,33.98495],[35.9376,33.98564],[35.93751,33.98739],[35.94038,33.98963],[35.94713,33.98988],[35.9489,33.98847],[35.94903,33.98506],[35.95619,33.99199],[35.95882,33.99268],[35.95455,33.99259],[35.96188,34.00319],[35.96793,34.00897]],[[35.73767,33.99229],[35.74235,33.99356],[35.74766,34.00341],[35.75313,34.00543],[35.75561,34.00821],[35.75933,34.00807],[35.76824,34.01092]],[[35.67659,33.94989],[35.67962,33.95177],[35.68138,33.95597],[35.68607,33.96092],[35.68485,33.96699]],[[35.60552,33.95579],[35.61369,33.95519]],[[35.60724,33.96264],[35.60454,33.95782],[35.60476,33.95547],[35.60472,33.95797],[35.60806,33.96125],[35.60714,33.96295]],[[35.81956,33.99779],[35.81593,33.99996],[35.81038,33.99954],[35.80588,34.001],[35.79325,33.99929],[35.80806,34.00454],[35.81768,34.01105],[35.82262,34.00999]],[[35.61807,33.95253],[35.62513,33.95091]],[[35.61561,33.95484],[35.61925,33.95193],[35.62433,33.95078],[35.62883,33.95614],[35.63283,33.953],[35.63619,33.95326]],[[35.70274,33.98218],[35.69955,33.97905]],[[35.67363,33.94909],[35.67042,33.94858],[35.66723,33.94983],[35.66716,33.95248],[35.66449,33.95305],[35.66324,33.95614],[35.64797,33.95366],[35.64109,33.95413]],[[35.64027,33.95429],[35.63782,33.9546],[35.63619,33.95326],[35.64012,33.95431]],[[35.7314,33.99146],[35.73403,33.99056],[35.73605,33.99151]],[[35.69955,33.97905],[35.69644,33.97413],[35.68986,33.97186],[35.68556,33.96902],[35.68485,33.96699],[35.68552,33.96887],[35.69009,33.97191],[35.69659,33.97418],[35.69955,33.97905]],[[35.67363,33.94909],[35.67659,33.94989],[35.67363,33.94909]],[[36.03861,33.99696],[36.04207,34.00079]]]}},{"type":"Feature","properties":{"cls":"trunk","ref":"M1"},"geometry":{"type":"MultiLineString","coordinates":[[[36.3043,33.52606],[36.32357,33.53524]],[[36.32353,33.53535],[36.30767,33.52713],[36.30335,33.52616]]]}},{"type":"Feature","properties":{"cls":"trunk","ref":"M30"},"geometry":{"type":"MultiLineString","coordinates":[[[35.67316,33.80047],[35.67766,33.80123],[35.68094,33.79919]]]}},{"type":"Feature","properties":{"cls":"trunk","ref":"M5"},"geometry":{"type":"MultiLineString","coordinates":[[[36.32772,33.4936],[36.35269,33.54498],[36.3549,33.55295]],[[36.35453,33.55237],[36.35265,33.54525],[36.32791,33.49404]],[[36.29103,33.49452],[36.29263,33.50793]],[[36.29234,33.50775],[36.29127,33.49597]],[[35.53048,33.37892],[35.52005,33.39232]],[[35.51997,33.39225],[35.53029,33.37879]]]}},{"type":"Feature","properties":{"cls":"trunk","ref":"M51"},"geometry":{"type":"MultiLineString","coordinates":[[[35.38741,33.59049],[35.38637,33.5878],[35.38751,33.58561]]]}}]}